1;chat_cite;Baseline_V2;1;1;1;1;0
1;sentence_cite;Baseline_V2;5;4;3;1;0
1;absolute_wordcount;Baseline_V2;79.0;61.0;51.0;16.0;0
1;position_adjusted_wordcount;Baseline_V2;53.6279;41.0436;24.067;6.5778;0
1;impression_pos_count_simple;Baseline_V2;3.3677;2.6782;1.4368;0.4111;0
1;rvs_sentiment;Baseline_V2;8.0219;16.3136;6.9052;3.1356;0
1;rouge_l_recall;Baseline_V2;0.0523;0.0688;0.0748;0.0723;0.1066
1;bleu;Baseline_V2;0.0004;0.0014;0.0038;0.0053;0.0
1;length_ratio;Baseline_V2;0.1753;0.2238;0.2967;0.2898;0.6781
1;perplexity_qwen;Baseline_V2;-14.101;-10.2547;-8.353;-9.2386;-15.2293
2;chat_cite;Baseline_V2;1;1;1;0;1
2;sentence_cite;Baseline_V2;4;4;3;0;6
2;absolute_wordcount;Baseline_V2;61.0;53.0;49.0;0;97.0
2;position_adjusted_wordcount;Baseline_V2;42.035;29.5753;35.0991;0;49.5581
2;impression_pos_count_simple;Baseline_V2;2.6359;2.4954;2.1263;0;3.1371
2;rvs_sentiment;Baseline_V2;24.0177;1.1675;3.9118;0;9.4599
2;rouge_l_recall;Baseline_V2;0.083;0.066;0.0179;0.0809;0.0234
2;bleu;Baseline_V2;0.0073;0.0015;0.0;0.0;0.0
2;length_ratio;Baseline_V2;0.4006;0.2461;0.0534;0.3717;0.0692
2;perplexity_qwen;Baseline_V2;-12.5948;-11.6346;-7.3591;-10.8179;-5.3705
3;chat_cite;Baseline_V2;1;1;1;1;1
3;sentence_cite;Baseline_V2;2;3;4;3;4
3;absolute_wordcount;Baseline_V2;40.0;50.0;83.0;54.0;67.0
3;position_adjusted_wordcount;Baseline_V2;27.049;37.014;50.1031;33.2663;31.4895
3;impression_pos_count_simple;Baseline_V2;1.2941;1.9028;2.394;1.8495;1.6338
3;rvs_sentiment;Baseline_V2;14.1197;17.0984;5.6702;15.614;14.8688
3;rouge_l_recall;Baseline_V2;0.1309;0.1243;0.1401;0.1043;0.0371
3;bleu;Baseline_V2;0.0295;0.0;0.0379;0.0174;0.0
3;length_ratio;Baseline_V2;0.5381;0.7389;0.75;0.4457;0.1192
3;perplexity_qwen;Baseline_V2;-6.8736;-12.2684;-6.3146;-4.6306;-10.3334
4;chat_cite;Baseline_V2;1;1;1;1;0
4;sentence_cite;Baseline_V2;6;2;1;1;0
4;absolute_wordcount;Baseline_V2;105.0;46.0;25.0;22.0;0
4;position_adjusted_wordcount;Baseline_V2;68.3022;26.9722;10.944;8.453;0
4;impression_pos_count_simple;Baseline_V2;3.8672;1.1617;0.4378;0.3842;0
4;rvs_sentiment;Baseline_V2;-6.9936;12.9203;9.576;6.0726;0
4;rouge_l_recall;Baseline_V2;0.0603;0.0729;0.0155;0.0265;0.0661
4;bleu;Baseline_V2;0.0008;0.0055;0.0;0.0;0.0
4;length_ratio;Baseline_V2;0.1826;0.3829;0.049;0.0841;0.3078
4;perplexity_qwen;Baseline_V2;-5.2921;-19.7858;-5.9025;-5.6635;-11.6842
5;chat_cite;Baseline_V2;1;1;1;1;1
5;sentence_cite;Baseline_V2;4;2;2;4;2
5;absolute_wordcount;Baseline_V2;71.6667;50.0;34.6667;61.1667;38.5
5;position_adjusted_wordcount;Baseline_V2;52.5757;33.4615;21.8181;32.4326;15.8633
5;impression_pos_count_simple;Baseline_V2;2.4032;1.3549;0.8392;1.5126;0.6171
5;rvs_sentiment;Baseline_V2;9.7713;15.4961;-0.0822;22.1523;7.9992
5;rouge_l_recall;Baseline_V2;0.1356;0.1473;0.1786;0.1044;0.135
5;bleu;Baseline_V2;0.035;0.0256;0.0;0.0101;0.0165
5;length_ratio;Baseline_V2;0.5281;0.7079;1.7027;0.4328;0.6447
5;perplexity_qwen;Baseline_V2;-18.8686;-12.1921;-12.3634;-9.2099;-12.9005
6;chat_cite;Baseline_V2;1;1;1;0;0
6;sentence_cite;Baseline_V2;3;4;3;0;0
6;absolute_wordcount;Baseline_V2;38.5;59.0;31.5;0;0
6;position_adjusted_wordcount;Baseline_V2;22.778;29.0642;17.8673;0;0
6;impression_pos_count_simple;Baseline_V2;1.1977;1.9021;1.1586;0;0
6;rvs_sentiment;Baseline_V2;7.3978;9.4899;9.9543;0;0
6;rouge_l_recall;Baseline_V2;0.036;0.064;0.0637;0.0611;0.0337
6;bleu;Baseline_V2;0.0;0.0;0.0;0.0;0.0
6;length_ratio;Baseline_V2;0.1251;0.2453;0.2233;0.2696;0.1226
6;perplexity_qwen;Baseline_V2;-10.4608;-12.2958;-6.6707;-13.4972;-14.6369
7;chat_cite;Baseline_V2;1;1;1;1;1
7;sentence_cite;Baseline_V2;3;1;4;2;5
7;absolute_wordcount;Baseline_V2;25.0;16.0;70.0;25.0;68.0
7;position_adjusted_wordcount;Baseline_V2;16.6301;13.9252;43.1704;15.4608;36.7266
7;impression_pos_count_simple;Baseline_V2;1.8375;0.8703;2.5074;1.2444;2.7664
7;rvs_sentiment;Baseline_V2;4.3229;2.1319;14.4631;2.9287;3.6471
7;rouge_l_recall;Baseline_V2;0.206;0.0971;0.0507;0.1196;0.0728
7;bleu;Baseline_V2;0.0;0.0128;0.0001;0.0;0.0031
7;length_ratio;Baseline_V2;1.0153;0.3491;0.1268;0.5802;0.2241
7;perplexity_qwen;Baseline_V2;-7.5706;-7.1231;-10.4069;-6.5666;-6.007
8;chat_cite;Baseline_V2;1;1;1;1;1
8;sentence_cite;Baseline_V2;2;4;1;6;2
8;absolute_wordcount;Baseline_V2;32.0;59.0;16.0;96.5;35.5
8;position_adjusted_wordcount;Baseline_V2;27.9641;41.1979;15.3726;53.6298;25.3955
8;impression_pos_count_simple;Baseline_V2;1.7391;2.4488;0.9608;2.7189;1.0113
8;rvs_sentiment;Baseline_V2;0.0;4.8869;-4.5503;6.2815;16.7203
8;rouge_l_recall;Baseline_V2;0.0818;0.0609;0.0872;0.0505;0.0998
8;bleu;Baseline_V2;0.0;0.003;0.0059;0.0001;0.0144
8;length_ratio;Baseline_V2;0.3923;0.2642;0.4793;0.1444;0.5404
8;perplexity_qwen;Baseline_V2;-14.9134;-27.1067;-12.7029;-10.3848;-12.781
9;chat_cite;Baseline_V2;1;1;1;0;0
9;sentence_cite;Baseline_V2;3;5;1;0;0
9;absolute_wordcount;Baseline_V2;27.0;14.0;0.0;0;0
9;position_adjusted_wordcount;Baseline_V2;23.1364;6.9733;0.0;0;0
9;impression_pos_count_simple;Baseline_V2;2.5285;2.8922;0.4688;0;0
9;rvs_sentiment;Baseline_V2;-8.0627;0.0;0.0;0;0
9;rouge_l_recall;Baseline_V2;0.0656;0.0582;0.0807;0.0536;0.0675
9;bleu;Baseline_V2;0.0;0.0008;0.0044;0.0;0.0
9;length_ratio;Baseline_V2;0.2079;0.1864;0.2898;0.2524;0.2126
9;perplexity_qwen;Baseline_V2;-8.6779;-10.0699;-5.7328;-13.0174;-3.0052
10;chat_cite;Baseline_V2;0;1;1;1;1
10;sentence_cite;Baseline_V2;0;1;2;3;1
10;absolute_wordcount;Baseline_V2;0;13.0;41.0;46.0;16.0
10;position_adjusted_wordcount;Baseline_V2;0;7.2863;24.6353;22.4198;11.0692
10;impression_pos_count_simple;Baseline_V2;0;0.5605;1.2078;1.4326;0.6918
10;rvs_sentiment;Baseline_V2;0;-1.9906;-6.2809;-8.5344;5.0786
10;rouge_l_recall;Baseline_V2;0.0456;0.0859;0.0707;0.038;0.0424
10;bleu;Baseline_V2;0.0;0.0;0.0024;0.0;0.0001
10;length_ratio;Baseline_V2;0.1587;0.376;0.2424;0.1102;0.1301
10;perplexity_qwen;Baseline_V2;-8.3754;-15.2141;-5.9787;-11.1845;-13.6403
11;chat_cite;Baseline_V2;1;1;1;1;1
11;sentence_cite;Baseline_V2;1;1;1;1;1
11;absolute_wordcount;Baseline_V2;18.0;22.0;17.0;16.0;19.0
11;position_adjusted_wordcount;Baseline_V2;14.5828;15.2202;9.5283;7.658;7.7656
11;impression_pos_count_simple;Baseline_V2;0.8102;0.6918;0.5605;0.4786;0.4087
11;rvs_sentiment;Baseline_V2;0.0;5.8111;2.6031;-0.5912;5.5105
11;rouge_l_recall;Baseline_V2;0.136;0.0697;0.0596;0.0464;0.069
11;bleu;Baseline_V2;0.0;0.0;0.0;0.0;0.0
11;length_ratio;Baseline_V2;1.303;0.3444;0.2954;0.2654;0.3653
11;perplexity_qwen;Baseline_V2;-14.0343;-10.9404;-15.3997;-19.5484;-13.001
12;chat_cite;Baseline_V2;1;1;1;1;0
12;sentence_cite;Baseline_V2;6;1;1;2;0
12;absolute_wordcount;Baseline_V2;82.0;12.0;15.0;30.0;0
12;position_adjusted_wordcount;Baseline_V2;46.2183;5.1805;5.9778;13.5327;0
12;impression_pos_count_simple;Baseline_V2;3.0672;0.4317;0.1993;0.6707;0
12;rvs_sentiment;Baseline_V2;16.4713;2.2815;11.1773;9.3303;0
12;rouge_l_recall;Baseline_V2;0.1379;0.046;0.0868;0.0829;0.0562
12;bleu;Baseline_V2;0.0;0.0;0.0;0.0094;0.0012
12;length_ratio;Baseline_V2;0.4715;0.1807;0.5532;0.417;0.2099
12;perplexity_qwen;Baseline_V2;-10.2301;-10.061;-14.8315;-6.5249;-4.4034
13;chat_cite;Baseline_V2;1;1;1;1;1
13;sentence_cite;Baseline_V2;5;2;2;1;1
13;absolute_wordcount;Baseline_V2;74.0;23.0;34.0;20.0;17.0
13;position_adjusted_wordcount;Baseline_V2;61.9144;12.3746;18.6628;11.3647;6.5319
13;impression_pos_count_simple;Baseline_V2;4.1253;1.0852;1.0922;0.5682;0.3842
13;rvs_sentiment;Baseline_V2;-15.8066;1.8999;2.0815;4.1049;-3.3352
13;rouge_l_recall;Baseline_V2;0.0959;0.0616;0.082;0.0586;0.0502
13;bleu;Baseline_V2;0.013;0.0;0.0066;0.0012;0.0
13;length_ratio;Baseline_V2;0.3565;0.2299;0.2824;0.249;0.1999
13;perplexity_qwen;Baseline_V2;-10.4603;-19.2957;-8.5099;-16.1297;-9.6026
14;chat_cite;Baseline_V2;1;1;1;1;1
14;sentence_cite;Baseline_V2;4;2;2;1;3
14;absolute_wordcount;Baseline_V2;96.0;30.0;44.0;21.0;78.0
14;position_adjusted_wordcount;Baseline_V2;71.8369;16.0498;22.122;13.0768;38.6539
14;impression_pos_count_simple;Baseline_V2;2.9932;1.1104;1.0104;0.6227;1.4883
14;rvs_sentiment;Baseline_V2;34.8772;6.5552;11.2554;6.677;6.0518
14;rouge_l_recall;Baseline_V2;0.0717;0.0788;0.1027;0.0475;0.0695
14;bleu;Baseline_V2;0.0052;0.0;0.0;0.0;0.0042
14;length_ratio;Baseline_V2;0.2715;0.3538;0.532;0.2152;0.3015
14;perplexity_qwen;Baseline_V2;-13.2426;-17.8784;-13.3489;-14.1437;-13.7784
15;chat_cite;Baseline_V2;1;0;0;1;1
15;sentence_cite;Baseline_V2;11;0;0;2;2
15;absolute_wordcount;Baseline_V2;218.0;0;0;47.0;28.0
15;position_adjusted_wordcount;Baseline_V2;139.3183;0;0;21.5304;12.1579
15;impression_pos_count_simple;Baseline_V2;6.6191;0;0;0.9179;0.6696
15;rvs_sentiment;Baseline_V2;13.3444;0;0;0.109;6.1778
15;rouge_l_recall;Baseline_V2;0.0648;0.0806;0.0648;0.055;0.0729
15;bleu;Baseline_V2;0.0017;0.0;0.0017;0.0;0.0033
15;length_ratio;Baseline_V2;0.2119;0.3456;0.2119;0.2238;0.2587
15;perplexity_qwen;Baseline_V2;-13.6403;-9.3531;-13.6403;-8.0209;-8.3754
16;chat_cite;Baseline_V2;1;1;0;1;1
16;sentence_cite;Baseline_V2;7;3;0;3;10
16;absolute_wordcount;Baseline_V2;51.5;22.3333;0;18.3333;95.8333
16;position_adjusted_wordcount;Baseline_V2;35.7622;12.07;0;10.8625;63.3829
16;impression_pos_count_simple;Baseline_V2;2.1968;0.5303;0;0.579;3.6497
16;rvs_sentiment;Baseline_V2;11.897;23.7954;0;19.1382;31.8756
16;rouge_l_recall;Baseline_V2;0.0407;0.054;0.0295;0.0953;0.0583
16;bleu;Baseline_V2;0.0;0.0;0.0;0.0;0.0003
16;length_ratio;Baseline_V2;0.0956;0.1892;0.0903;0.6704;0.1548
16;perplexity_qwen;Baseline_V2;-7.3128;-12.5793;-9.8182;-15.7936;-5.7232
17;chat_cite;Baseline_V2;1;1;1;1;0
17;sentence_cite;Baseline_V2;4;1;1;4;0
17;absolute_wordcount;Baseline_V2;58.0;18.0;18.0;66.0;0
17;position_adjusted_wordcount;Baseline_V2;41.5449;8.5026;7.5035;37.8961;0
17;impression_pos_count_simple;Baseline_V2;2.8674;0.4724;0.4169;2.1989;0
17;rvs_sentiment;Baseline_V2;22.8351;3.0711;-2.7103;18.9947;0
17;rouge_l_recall;Baseline_V2;0.0664;0.0968;0.0487;0.0561;0.071
17;bleu;Baseline_V2;0.0;0.0;0.0;0.0006;0.0
17;length_ratio;Baseline_V2;0.3075;0.4665;0.2055;0.1929;0.5074
17;perplexity_qwen;Baseline_V2;-11.3311;-5.7231;-14.1437;-19.615;-12.8289
18;chat_cite;Baseline_V2;0;0;0;0;0
18;sentence_cite;Baseline_V2;0;0;0;0;0
18;absolute_wordcount;Baseline_V2;0;0;0;0;0
18;position_adjusted_wordcount;Baseline_V2;0;0;0;0;0
18;impression_pos_count_simple;Baseline_V2;0;0;0;0;0
18;rvs_sentiment;Baseline_V2;0;0;0;0;0
18;rouge_l_recall;Baseline_V2;0.0537;0.0017;0.0697;0.0199;0.021
18;bleu;Baseline_V2;0.0;0.0;0.005;0.0;0
18;length_ratio;Baseline_V2;0.2744;0.0465;0.3025;0.0451;1.4414
18;perplexity_qwen;Baseline_V2;-12.1804;-1.2497;-24.5435;-13.8147;-8.5782
19;chat_cite;Baseline_V2;1;1;0;1;0
19;sentence_cite;Baseline_V2;2;3;0;2;0
19;absolute_wordcount;Baseline_V2;44.0;55.0;0;16.0;0
19;position_adjusted_wordcount;Baseline_V2;29.5387;30.0277;0;6.8827;0
19;impression_pos_count_simple;Baseline_V2;1.3606;1.6353;0;0.8603;0
19;rvs_sentiment;Baseline_V2;5.4844;21.9211;0;2.0318;0
19;rouge_l_recall;Baseline_V2;0.047;0.0563;0.076;0.0837;0.071
19;bleu;Baseline_V2;0.0002;0.0033;0.0045;0.0;0.0046
19;length_ratio;Baseline_V2;0.1486;0.2531;0.3386;0.3674;0.2918
19;perplexity_qwen;Baseline_V2;-13.9949;-15.6965;-14.1874;-12.3365;-10.8968
20;chat_cite;Baseline_V2;1;1;1;1;1
20;sentence_cite;Baseline_V2;3;2;5;1;1
20;absolute_wordcount;Baseline_V2;73.0;44.0;61.5;12.5;29.0
20;position_adjusted_wordcount;Baseline_V2;60.0296;29.3968;35.8184;4.9155;13.0305
20;impression_pos_count_simple;Baseline_V2;2.4708;1.393;2.8422;0.1966;0.4493
20;rvs_sentiment;Baseline_V2;21.6751;18.1755;3.7111;3.7535;7.4522
20;rouge_l_recall;Baseline_V2;0.0705;0.1067;0.0624;0.0838;0.1198
20;bleu;Baseline_V2;0.0032;0.0093;0.0;0.0;0.0229
20;length_ratio;Baseline_V2;0.2676;0.4345;0.2363;0.4443;0.8015
20;perplexity_qwen;Baseline_V2;-13.7821;-6.5067;-10.0093;-9.3618;-18.5306
21;chat_cite;Baseline_V2;1;0;1;1;1
21;sentence_cite;Baseline_V2;2;0;2;3;2
21;absolute_wordcount;Baseline_V2;34.0;0;26.0;39.0;31.0
21;position_adjusted_wordcount;Baseline_V2;24.9058;0;13.0091;25.784;13.9308
21;impression_pos_count_simple;Baseline_V2;1.465;0;1.0007;1.8717;0.8937
21;rvs_sentiment;Baseline_V2;0.3861;0;7.7294;6.9785;5.0318
21;rouge_l_recall;Baseline_V2;0.0843;0.3692;0.0611;0.0618;0.0575
21;bleu;Baseline_V2;0.0;0.0;0.0;0.0;0.0013
21;length_ratio;Baseline_V2;0.336;6.3538;0.2455;0.2114;0.2559
21;perplexity_qwen;Baseline_V2;-11.8022;-6.1374;-9.7877;-10.2327;-20.2949
22;chat_cite;Baseline_V2;1;0;1;1;1
22;sentence_cite;Baseline_V2;4;0;2;2;2
22;absolute_wordcount;Baseline_V2;52.0;0;13.0;23.0;13.0
22;position_adjusted_wordcount;Baseline_V2;30.5456;0;7.5003;12.6227;6.1408
22;impression_pos_count_simple;Baseline_V2;1.9685;0;0.6689;0.6408;0.5643
22;rvs_sentiment;Baseline_V2;18.7494;0;-2.2201;5.0731;0.0
22;rouge_l_recall;Baseline_V2;0.0428;0.0679;0.0572;0.0819;0.0456
22;bleu;Baseline_V2;0.0001;0.0;0.0014;0.0076;0.0002
22;length_ratio;Baseline_V2;0.1343;0.3771;0.235;0.3699;0.1643
22;perplexity_qwen;Baseline_V2;-11.6637;-14.5087;-16.274;-12.781;-8.3567
23;chat_cite;Baseline_V2;0;0;0;0;0
23;sentence_cite;Baseline_V2;0;0;0;0;0
23;absolute_wordcount;Baseline_V2;0;0;0;0;0
23;position_adjusted_wordcount;Baseline_V2;0;0;0;0;0
23;impression_pos_count_simple;Baseline_V2;0;0;0;0;0
23;rvs_sentiment;Baseline_V2;0;0;0;0;0
23;rouge_l_recall;Baseline_V2;0.0988;0.0505;0.0415;0.031;0.022
23;bleu;Baseline_V2;0.0122;0.0003;0.0;0.0;0.0
23;length_ratio;Baseline_V2;0.4448;0.1686;0.1741;0.0853;0.0584
23;perplexity_qwen;Baseline_V2;-7.7599;-14.7806;-17.2122;-7.9004;-9.0628
24;chat_cite;Baseline_V2;1;0;1;0;0
24;sentence_cite;Baseline_V2;6;0;3;0;0
24;absolute_wordcount;Baseline_V2;124.0;0;54.0;0;0
24;position_adjusted_wordcount;Baseline_V2;78.7426;0;31.8468;0;0
24;impression_pos_count_simple;Baseline_V2;3.9425;0;1.7199;0;0
24;rvs_sentiment;Baseline_V2;44.7405;0;21.322;0;0
24;rouge_l_recall;Baseline_V2;0.0385;0.0585;0.0347;0.0315;0.0863
24;bleu;Baseline_V2;0.0;0.0;0.0;0;0.0
24;length_ratio;Baseline_V2;0.115;0.253;0.1077;1.6351;0.5231
24;perplexity_qwen;Baseline_V2;-14.2716;-9.8226;-13.9881;-8.5782;-12.908
25;chat_cite;Baseline_V2;1;1;1;0;0
25;sentence_cite;Baseline_V2;5;4;1;0;0
25;absolute_wordcount;Baseline_V2;95.0;76.0;16.0;0;0
25;position_adjusted_wordcount;Baseline_V2;60.4677;40.0439;7.4684;0;0
25;impression_pos_count_simple;Baseline_V2;3.2828;2.1421;0.4668;0;0
25;rvs_sentiment;Baseline_V2;15.198;-2.0515;3.0016;0;0
25;rouge_l_recall;Baseline_V2;0.0812;0.0323;0.0902;0.039;0.0691
25;bleu;Baseline_V2;0.0074;0.0;0.0051;0.0;0.0
25;length_ratio;Baseline_V2;0.2988;0.0818;0.3079;0.1313;1.3887
25;perplexity_qwen;Baseline_V2;-12.3149;-10.4069;-5.9787;-5.1485;-12.6054
26;chat_cite;Baseline_V2;0;0;0;0;0
26;sentence_cite;Baseline_V2;0;0;0;0;0
26;absolute_wordcount;Baseline_V2;0;0;0;0;0
26;position_adjusted_wordcount;Baseline_V2;0;0;0;0;0
26;impression_pos_count_simple;Baseline_V2;0;0;0;0;0
26;rvs_sentiment;Baseline_V2;0;0;0;0;0
26;rouge_l_recall;Baseline_V2;0.0723;0.0608;0.0708;0.0176;0.0675
26;bleu;Baseline_V2;0.003;0.0008;0.0026;0.0;0.002
26;length_ratio;Baseline_V2;0.1975;0.1759;0.2238;0.0396;0.2513
26;perplexity_qwen;Baseline_V2;-4.5779;-10.067;-4.7861;-8.4614;-12.48
27;chat_cite;Baseline_V2;1;1;0;1;0
27;sentence_cite;Baseline_V2;7;1;0;1;0
27;absolute_wordcount;Baseline_V2;102.0;9.5;0;10.5;0
27;position_adjusted_wordcount;Baseline_V2;58.2356;3.9056;0;5.0996;0
27;impression_pos_count_simple;Baseline_V2;3.6152;0.2056;0;0.2428;0
27;rvs_sentiment;Baseline_V2;-8.6634;-2.9823;0;5.2077;0
27;rouge_l_recall;Baseline_V2;0.0269;0.0794;0.0367;0.044;0.0726
27;bleu;Baseline_V2;0.0;0.0;0.0;0.0;0.0
27;length_ratio;Baseline_V2;0.0599;0.3613;0.1136;0.1254;0.3337
27;perplexity_qwen;Baseline_V2;-12.0508;-14.4705;-9.6396;-9.6851;-9.2256
28;chat_cite;Baseline_V2;1;0;1;1;1
28;sentence_cite;Baseline_V2;5;0;1;7;4
28;absolute_wordcount;Baseline_V2;51.0;0;4.0;68.5;36.5
28;position_adjusted_wordcount;Baseline_V2;36.2361;0;1.6975;45.3669;19.9263
28;impression_pos_count_simple;Baseline_V2;1.7664;0;0.2122;2.2935;1.3458
28;rvs_sentiment;Baseline_V2;18.3294;0;0.0;27.8521;16.4826
28;rouge_l_recall;Baseline_V2;0.0703;0.0312;0.1429;0.0393;0.0501
28;bleu;Baseline_V2;0.0008;0.0;0.0;0.0;0.0
28;length_ratio;Baseline_V2;0.2039;0.0778;0.9393;0.1036;0.1505
28;perplexity_qwen;Baseline_V2;-4.0406;-12.5243;-4.7995;-6.5677;-8.5013
29;chat_cite;Baseline_V2;1;0;0;1;0
29;sentence_cite;Baseline_V2;4;0;0;2;0
29;absolute_wordcount;Baseline_V2;79.0;0;0;49.0;0
29;position_adjusted_wordcount;Baseline_V2;50.995;0;0;26.496;0
29;impression_pos_count_simple;Baseline_V2;2.5544;0;0;1.0715;0
29;rvs_sentiment;Baseline_V2;14.5127;0;0;16.3228;0
29;rouge_l_recall;Baseline_V2;0.0532;0.066;0.044;0.0465;0.0426
29;bleu;Baseline_V2;0.0003;0.0;0.0;0.0001;0.0
29;length_ratio;Baseline_V2;0.1554;0.2298;0.113;0.1221;0.1453
29;perplexity_qwen;Baseline_V2;-7.2623;-7.6367;-6.4036;-14.8006;-12.868
30;chat_cite;Baseline_V2;1;1;1;1;1
30;sentence_cite;Baseline_V2;6;4;2;2;3
30;absolute_wordcount;Baseline_V2;84.0;43.0;18.5;33.0;38.5
30;position_adjusted_wordcount;Baseline_V2;58.1655;23.6112;9.0438;15.5743;17.9934
30;impression_pos_count_simple;Baseline_V2;2.7493;1.3746;0.4945;0.7304;0.9341
30;rvs_sentiment;Baseline_V2;34.2346;25.1287;11.1297;7.7341;13.7323
30;rouge_l_recall;Baseline_V2;0.0649;0.0425;0.0897;0.0082;0.0986
30;bleu;Baseline_V2;0.0003;0.0001;0.005;0.0;0.0
30;length_ratio;Baseline_V2;0.1529;0.1284;0.37;0.1461;0.5036
30;perplexity_qwen;Baseline_V2;-6.6366;-8.4779;-6.3201;-6.7123;-5.5911
31;chat_cite;Baseline_V2;1;1;1;1;0
31;sentence_cite;Baseline_V2;2;5;1;1;0
31;absolute_wordcount;Baseline_V2;19.0;85.0;18.0;15.0;0
31;position_adjusted_wordcount;Baseline_V2;14.5116;44.7016;13.5871;7.0855;0
31;impression_pos_count_simple;Baseline_V2;1.5126;2.5892;0.7548;0.4724;0
31;rvs_sentiment;Baseline_V2;3.613;-2.3099;0.0;2.5593;0
31;rouge_l_recall;Baseline_V2;0.1324;0.0832;0.0389;0.0332;0.0322
31;bleu;Baseline_V2;0.0;0.0047;0.0;0.0;0.0
31;length_ratio;Baseline_V2;0.6088;0.267;0.123;0.0711;0.0971
31;perplexity_qwen;Baseline_V2;-14.1828;-13.3;-8.2765;-9.2663;-7.9373
32;chat_cite;Baseline_V2;1;1;0;1;1
32;sentence_cite;Baseline_V2;5;4;0;1;1
32;absolute_wordcount;Baseline_V2;40.5;28.5;0;6.5;6.5
32;position_adjusted_wordcount;Baseline_V2;25.3;15.6911;0;2.6722;2.6722
32;impression_pos_count_simple;Baseline_V2;1.9485;1.1477;0;0.2056;0.2056
32;rvs_sentiment;Baseline_V2;9.8427;6.1741;0;0.0;0.0
32;rouge_l_recall;Baseline_V2;0.1258;0.034;0.0521;0.0568;0.0864
32;bleu;Baseline_V2;0.0134;0.0;0.0;0.0004;0.0055
32;length_ratio;Baseline_V2;0.4775;0.0791;0.1501;0.1657;0.3405
32;perplexity_qwen;Baseline_V2;-14.4705;-12.0508;-9.6396;-9.6851;-4.9648
33;chat_cite;Baseline_V2;1;0;1;0;0
33;sentence_cite;Baseline_V2;8;0;1;0;0
33;absolute_wordcount;Baseline_V2;134.5;0;11.5;0;0
33;position_adjusted_wordcount;Baseline_V2;79.6653;0;4.5223;0;0
33;impression_pos_count_simple;Baseline_V2;4.3545;0;0.1966;0;0
33;rvs_sentiment;Baseline_V2;28.2625;0;6.7201;0;0
33;rouge_l_recall;Baseline_V2;0.0407;0.0538;0.0286;0.0716;0.0469
33;bleu;Baseline_V2;0.0;0.0006;0.0;0.0;0.0
33;length_ratio;Baseline_V2;0.0849;0.2079;0.086;0.3141;0.2067
33;perplexity_qwen;Baseline_V2;-10.5145;-12.868;-7.8705;-14.1936;-12.7006
34;chat_cite;Baseline_V2;1;0;1;0;0
34;sentence_cite;Baseline_V2;5;0;2;0;0
34;absolute_wordcount;Baseline_V2;87.0;0;35.0;0;0
34;position_adjusted_wordcount;Baseline_V2;57.4656;0;18.1982;0;0
34;impression_pos_count_simple;Baseline_V2;3.1809;0;1.036;0;0
34;rvs_sentiment;Baseline_V2;14.7364;0;-2.7259;0;0
34;rouge_l_recall;Baseline_V2;0.1304;0.0709;0.0554;0.0371;0.0346
34;bleu;Baseline_V2;0.0179;0.0;0.0;0.0;0.0
34;length_ratio;Baseline_V2;0.4381;0.3452;0.2503;0.1261;0.1029
34;perplexity_qwen;Baseline_V2;-10.3382;-10.9404;-15.7483;-19.615;-8.2962
35;chat_cite;Baseline_V2;1;1;1;1;1
35;sentence_cite;Baseline_V2;4;7;2;3;1
35;absolute_wordcount;Baseline_V2;38.5;77.0;19.0;29.5;14.0
35;position_adjusted_wordcount;Baseline_V2;27.1739;48.3673;8.6913;14.423;5.3249
35;impression_pos_count_simple;Baseline_V2;2.0345;3.4781;0.6829;0.9719;0.3803
35;rvs_sentiment;Baseline_V2;8.2778;21.552;3.5505;-0.0852;-1.3397
35;rouge_l_recall;Baseline_V2;0.1398;0.0756;0.0556;0.0397;0.1336
35;bleu;Baseline_V2;0.0;0.0012;0.0012;0.0;0.026
35;length_ratio;Baseline_V2;0.6266;0.1971;0.2059;0.1155;0.5248
35;perplexity_qwen;Baseline_V2;-8.8055;-9.2001;-7.6341;-7.4947;-6.5526
36;chat_cite;Baseline_V2;1;1;1;1;0
36;sentence_cite;Baseline_V2;6;2;1;3;0
36;absolute_wordcount;Baseline_V2;52.0;17.0;5.0;18.0;0
36;position_adjusted_wordcount;Baseline_V2;34.0908;11.9189;2.6763;9.8986;0
36;impression_pos_count_simple;Baseline_V2;3.0943;0.6405;0.2676;0.8146;0
36;rvs_sentiment;Baseline_V2;14.583;8.8225;3.1361;5.9446;0
36;rouge_l_recall;Baseline_V2;0.0371;0.0188;0.0346;0.0522;0.0385
36;bleu;Baseline_V2;0.0;0.0;0.0;0.0001;0.0
36;length_ratio;Baseline_V2;0.0776;0.0434;0.0851;0.1369;0.1629
36;perplexity_qwen;Baseline_V2;-7.8357;-8.6361;-6.1065;-3.6817;-11.6938
37;chat_cite;Baseline_V2;1;1;1;1;1
37;sentence_cite;Baseline_V2;1;3;3;1;1
37;absolute_wordcount;Baseline_V2;17.0;51.0;49.0;13.0;22.0
37;position_adjusted_wordcount;Baseline_V2;14.5409;26.8604;26.7612;7.4072;9.7624
37;impression_pos_count_simple;Baseline_V2;0.8553;1.6256;1.6456;0.5698;0.4437
37;rvs_sentiment;Baseline_V2;5.5517;0.0579;5.182;-3.3984;-4.1149
37;rouge_l_recall;Baseline_V2;0.129;0.0646;0.0906;0.1078;0.012
37;bleu;Baseline_V2;0.0147;0.0029;0.0;0.0;0.0
37;length_ratio;Baseline_V2;0.7785;0.2835;0.4397;1.1385;0.3609
37;perplexity_qwen;Baseline_V2;-16.6643;-23.9665;-10.6493;-12.7301;-8.7188
38;chat_cite;Baseline_V2;1;1;1;1;1
38;sentence_cite;Baseline_V2;8;2;5;1;6
38;absolute_wordcount;Baseline_V2;79.0;20.5;36.8333;4.6667;42.0
38;position_adjusted_wordcount;Baseline_V2;52.7986;9.7246;18.779;2.8834;23.5209
38;impression_pos_count_simple;Baseline_V2;2.5473;0.6054;1.0132;0.206;1.3432
38;rvs_sentiment;Baseline_V2;29.5454;11.1501;15.6492;0.0;12.7089
38;rouge_l_recall;Baseline_V2;0.1113;0.1215;0.1125;0.1024;0.1373
38;bleu;Baseline_V2;0.015;0.0;0.0;0.0;0.0118
38;length_ratio;Baseline_V2;0.3646;0.8144;0.6721;0.7064;0.4987
38;perplexity_qwen;Baseline_V2;-13.9315;-18.069;-14.8906;-16.8075;-13.652
39;chat_cite;Baseline_V2;1;1;1;1;0
39;sentence_cite;Baseline_V2;9;1;2;6;0
39;absolute_wordcount;Baseline_V2;48.5;2.0;13.5;33.0;0
39;position_adjusted_wordcount;Baseline_V2;31.344;1.7338;9.7564;19.8539;0
39;impression_pos_count_simple;Baseline_V2;2.8716;0.4334;0.7256;1.7126;0
39;rvs_sentiment;Baseline_V2;3.9325;0.0;4.0257;-0.0932;0
39;rouge_l_recall;Baseline_V2;0.0663;0.0405;0.0492;0.0206;0.0448
39;bleu;Baseline_V2;0.0029;0.0;0.0;0.0;0.0
39;length_ratio;Baseline_V2;0.2731;0.1505;0.191;0.0424;0.1977
39;perplexity_qwen;Baseline_V2;-7.7777;-10.147;-7.9646;-11.2079;-15.7054
40;chat_cite;Baseline_V2;1;0;0;0;0
40;sentence_cite;Baseline_V2;7;0;0;0;0
40;absolute_wordcount;Baseline_V2;89.0;0;0;0;0
40;position_adjusted_wordcount;Baseline_V2;51.3875;0;0;0;0
40;impression_pos_count_simple;Baseline_V2;4.1889;0;0;0;0
40;rvs_sentiment;Baseline_V2;20.9181;0;0;0;0
40;rouge_l_recall;Baseline_V2;0.0854;0.0495;0.0392;0.0437;0.0553
40;bleu;Baseline_V2;0.0007;0.0002;0.0001;0.0;0.0
40;length_ratio;Baseline_V2;0.1735;0.1765;0.1404;0.1884;0.201
40;perplexity_qwen;Baseline_V2;-9.9118;-6.252;-10.5015;-23.5002;-10.1585
41;chat_cite;Baseline_V2;1;1;1;0;1
41;sentence_cite;Baseline_V2;6;6;2;0;1
41;absolute_wordcount;Baseline_V2;98.0;111.0;32.0;0;17.0
41;position_adjusted_wordcount;Baseline_V2;57.8478;80.4305;12.9004;0;6.4992
41;impression_pos_count_simple;Baseline_V2;3.5113;4.3154;0.8102;0;0.3823
41;rvs_sentiment;Baseline_V2;11.5171;23.712;7.9214;0;0.0
41;rouge_l_recall;Baseline_V2;0.0969;0.0622;0.1059;0.0369;0.048
41;bleu;Baseline_V2;0.0;0.0;0.0;0.0;0.0
41;length_ratio;Baseline_V2;0.4717;0.3022;0.5348;0.1958;0.189
41;perplexity_qwen;Baseline_V2;-17.8644;-9.6042;-12.7676;-14.2455;-7.7956
42;chat_cite;Baseline_V2;1;1;1;1;1
42;sentence_cite;Baseline_V2;3;1;2;1;2
42;absolute_wordcount;Baseline_V2;12.6667;3.3333;9.3333;3.3333;9.3333
42;position_adjusted_wordcount;Baseline_V2;7.3304;1.9319;5.3984;1.9319;5.3984
42;impression_pos_count_simple;Baseline_V2;0.594;0.1932;0.4008;0.1932;0.4008
42;rvs_sentiment;Baseline_V2;-3.5537;3.8861;-7.4398;3.8861;-7.4398
42;rouge_l_recall;Baseline_V2;0.0327;0.0333;0.0431;0.043;0.0399
42;bleu;Baseline_V2;0.0;0.0;0.0;0.0002;0.0
42;length_ratio;Baseline_V2;0.0656;0.0965;0.132;0.1472;0.1393
42;perplexity_qwen;Baseline_V2;-7.016;-11.5511;-9.5614;-13.9945;-10.5957
43;chat_cite;Baseline_V2;1;1;1;0;1
43;sentence_cite;Baseline_V2;8;3;5;0;1
43;absolute_wordcount;Baseline_V2;59.0;19.0;64.0;0;2.0
43;position_adjusted_wordcount;Baseline_V2;39.8822;14.4231;36.2931;0;1.1558
43;impression_pos_count_simple;Baseline_V2;3.3121;1.1283;2.1326;0;0.2889
43;rvs_sentiment;Baseline_V2;12.9833;9.0099;17.3553;0;0.0
43;rouge_l_recall;Baseline_V2;0.0737;0.0194;0.1234;0.0839;0.1106
43;bleu;Baseline_V2;0.0046;0.0;0.0187;0.0056;0.0
43;length_ratio;Baseline_V2;0.3128;0.0533;0.8462;0.3013;0.8351
43;perplexity_qwen;Baseline_V2;-7.8176;-8.4614;-18.3377;-4.7861;-10.0775
44;chat_cite;Baseline_V2;1;1;0;0;0
44;sentence_cite;Baseline_V2;6;3;0;0;0
44;absolute_wordcount;Baseline_V2;72.0;48.0;0;0;0
44;position_adjusted_wordcount;Baseline_V2;39.9634;26.1922;0;0;0
44;impression_pos_count_simple;Baseline_V2;3.5155;1.5412;0;0;0
44;rvs_sentiment;Baseline_V2;9.4512;9.7464;0;0;0
44;rouge_l_recall;Baseline_V2;0.1046;0.0929;0.0509;0.1361;0.0914
44;bleu;Baseline_V2;0.0108;0.0114;0.0;0.0;0.0
44;length_ratio;Baseline_V2;0.2916;0.411;0.228;0.9071;0.378
44;perplexity_qwen;Baseline_V2;-11.1916;-8.0506;-11.412;-4.7995;-6.5463
45;chat_cite;Baseline_V2;0;0;0;0;0
45;sentence_cite;Baseline_V2;0;0;0;0;0
45;absolute_wordcount;Baseline_V2;0;0;0;0;0
45;position_adjusted_wordcount;Baseline_V2;0;0;0;0;0
45;impression_pos_count_simple;Baseline_V2;0;0;0;0;0
45;rvs_sentiment;Baseline_V2;0;0;0;0;0
45;rouge_l_recall;Baseline_V2;0.0254;0.0431;0.0412;0.0285;0.0214
45;bleu;Baseline_V2;0.0;0.0;0.0001;0.0;0.0
45;length_ratio;Baseline_V2;0.0604;0.1525;0.1344;0.0965;0.074
45;perplexity_qwen;Baseline_V2;-10.6466;-14.5413;-10.025;-14.6727;-4.3607
46;chat_cite;Baseline_V2;1;1;1;1;0
46;sentence_cite;Baseline_V2;5;5;2;5;0
46;absolute_wordcount;Baseline_V2;70.6667;82.6667;29.0;86.6667;0
46;position_adjusted_wordcount;Baseline_V2;39.0824;58.2651;12.298;47.778;0
46;impression_pos_count_simple;Baseline_V2;2.443;3.1504;0.8457;2.4631;0
46;rvs_sentiment;Baseline_V2;0.8043;18.4159;-0.7141;-8.7679;0
46;rouge_l_recall;Baseline_V2;0.0759;0.0834;0.0792;0.0253;0.035
46;bleu;Baseline_V2;0.0;0.0065;0.0056;0.0;0.0
46;length_ratio;Baseline_V2;0.407;0.4017;0.3249;0.0608;0.1118
46;perplexity_qwen;Baseline_V2;-13.4118;-10.1121;-6.6733;-6.5924;-7.9504
47;chat_cite;Baseline_V2;1;1;1;0;0
47;sentence_cite;Baseline_V2;2;3;3;0;0
47;absolute_wordcount;Baseline_V2;13.5;51.0;25.5;0;0
47;position_adjusted_wordcount;Baseline_V2;9.7512;28.4739;15.9123;0;0
47;impression_pos_count_simple;Baseline_V2;0.7198;1.7143;1.2332;0;0
47;rvs_sentiment;Baseline_V2;10.1873;0.588;12.4126;0;0
47;rouge_l_recall;Baseline_V2;0.0439;0.0797;0.0797;0.0174;0.0196
47;bleu;Baseline_V2;0.0;0.0;0.0;0.0;0.0
47;length_ratio;Baseline_V2;0.154;0.2567;0.2567;0.0475;0.0506
47;perplexity_qwen;Baseline_V2;-8.5013;-6.6707;-6.6707;-8.4959;-3.9355
48;chat_cite;Baseline_V2;0;0;0;0;0
48;sentence_cite;Baseline_V2;0;0;0;0;0
48;absolute_wordcount;Baseline_V2;0;0;0;0;0
48;position_adjusted_wordcount;Baseline_V2;0;0;0;0;0
48;impression_pos_count_simple;Baseline_V2;0;0;0;0;0
48;rvs_sentiment;Baseline_V2;0;0;0;0;0
48;rouge_l_recall;Baseline_V2;0.0151;0.0016;0.0265;0.0132;0.073
48;bleu;Baseline_V2;0.0;0.0;0.0;0.0;0.0005
48;length_ratio;Baseline_V2;0.0369;0.0385;0.0713;0.0375;0.1658
48;perplexity_qwen;Baseline_V2;-13.9455;-1.2497;-13.3471;-15.2437;-4.0859
49;chat_cite;Baseline_V2;1;1;1;1;0
49;sentence_cite;Baseline_V2;4;1;4;1;0
49;absolute_wordcount;Baseline_V2;89.0;30.0;57.0;19.0;0
49;position_adjusted_wordcount;Baseline_V2;53.0673;13.1664;33.0367;7.8624;0
49;impression_pos_count_simple;Baseline_V2;2.3705;0.4389;2.2915;0.4138;0
49;rvs_sentiment;Baseline_V2;-6.8899;10.2382;14.7129;-5.0075;0
49;rouge_l_recall;Baseline_V2;0.0517;0.0582;0.0499;0.0337;0.056
49;bleu;Baseline_V2;0.0002;0.0;0.0002;0.0;0.0
49;length_ratio;Baseline_V2;0.14;0.2254;0.1356;0.1005;0.1914
49;perplexity_qwen;Baseline_V2;-14.0595;-9.5152;-4.8992;-8.5883;-9.4911
50;chat_cite;Baseline_V2;1;1;0;0;0
50;sentence_cite;Baseline_V2;1;2;0;0;0
50;absolute_wordcount;Baseline_V2;10.0;28.0;0;0;0
50;position_adjusted_wordcount;Baseline_V2;4.1686;11.2175;0;0;0
50;impression_pos_count_simple;Baseline_V2;0.2084;0.6;0;0;0
50;rvs_sentiment;Baseline_V2;6.1946;10.8447;0;0;0
50;rouge_l_recall;Baseline_V2;0.1115;0.085;0.1232;0.0357;0.0151
50;bleu;Baseline_V2;0.0188;0.0;0.0206;0.0;0.0
50;length_ratio;Baseline_V2;0.4693;0.2715;0.4731;0.1293;0.3251
50;perplexity_qwen;Baseline_V2;-8.0506;-4.4073;-17.052;-9.2009;-7.6761
51;chat_cite;Baseline_V2;1;1;1;1;0
51;sentence_cite;Baseline_V2;3;5;1;4;0
51;absolute_wordcount;Baseline_V2;36.0;45.0;10.0;41.0;0
51;position_adjusted_wordcount;Baseline_V2;26.3733;27.4733;3.8582;26.7315;0
51;impression_pos_count_simple;Baseline_V2;1.4136;1.4902;0.1929;1.9198;0
51;rvs_sentiment;Baseline_V2;-8.479;-12.9109;0.0;-4.6783;0
51;rouge_l_recall;Baseline_V2;0.0594;0.0748;0.032;0.0498;0.0451
51;bleu;Baseline_V2;0.0024;0.0;0.0;0.0;0.0
51;length_ratio;Baseline_V2;0.2192;0.3135;0.0919;0.1782;0.148
51;perplexity_qwen;Baseline_V2;-8.4727;-11.3209;-10.3738;-7.9646;-9.1669
52;chat_cite;Baseline_V2;1;1;1;1;1
52;sentence_cite;Baseline_V2;5;2;4;2;2
52;absolute_wordcount;Baseline_V2;82.0;29.0;84.0;16.0;26.0
52;position_adjusted_wordcount;Baseline_V2;57.1951;22.2119;53.0423;10.7251;15.2528
52;impression_pos_count_simple;Baseline_V2;2.7656;0.8395;1.8975;0.7439;0.6602
52;rvs_sentiment;Baseline_V2;25.7537;-1.7148;29.7108;4.3104;0.0
52;rouge_l_recall;Baseline_V2;0.0832;0.103;0.0563;0.0775;0.2154
52;bleu;Baseline_V2;0.0051;0.0;0.0004;0.0041;0.018
52;length_ratio;Baseline_V2;0.3215;0.4277;0.1619;0.3005;2.1
52;perplexity_qwen;Baseline_V2;-13.5639;-12.407;-12.7649;-9.3665;-20.7009
53;chat_cite;Baseline_V2;1;1;1;1;0
53;sentence_cite;Baseline_V2;6;1;1;1;0
53;absolute_wordcount;Baseline_V2;93.0;20.0;14.0;19.0;0
53;position_adjusted_wordcount;Baseline_V2;65.2395;14.9038;6.1443;13.3498;0
53;impression_pos_count_simple;Baseline_V2;3.8824;0.7452;0.4389;0.7026;0
53;rvs_sentiment;Baseline_V2;20.7702;11.2956;-4.3029;4.5389;0
53;rouge_l_recall;Baseline_V2;0.0248;0.0418;0.0288;0.045;0.0455
53;bleu;Baseline_V2;0.0;0.0;0.0;0.0;0.0
53;length_ratio;Baseline_V2;0.0549;0.1084;0.0767;0.1346;0.1102
53;perplexity_qwen;Baseline_V2;-10.2195;-10.3316;-4.9076;-6.5835;-6.932
54;chat_cite;Baseline_V2;1;1;1;1;1
54;sentence_cite;Baseline_V2;3;2;1;2;2
54;absolute_wordcount;Baseline_V2;64.0;37.0;16.0;42.0;42.0
54;position_adjusted_wordcount;Baseline_V2;54.9754;24.4304;8.0067;21.4214;17.6472
54;impression_pos_count_simple;Baseline_V2;2.5773;1.311;0.5004;1.0127;0.8312
54;rvs_sentiment;Baseline_V2;13.7737;10.8504;4.579;12.529;6.5981
54;rouge_l_recall;Baseline_V2;0.0688;0.0543;0.0673;0.0309;0.0375
54;bleu;Baseline_V2;0.0;0.0003;0.002;0.0;0.0
54;length_ratio;Baseline_V2;0.2745;0.1772;0.2547;0.081;0.0998
54;perplexity_qwen;Baseline_V2;-12.5948;-17.3489;-10.8179;-7.8705;-10.6924
55;chat_cite;Baseline_V2;1;1;1;0;0
55;sentence_cite;Baseline_V2;1;1;2;0;0
55;absolute_wordcount;Baseline_V2;8.0;8.0;39.0;0;0
55;position_adjusted_wordcount;Baseline_V2;4.8522;4.8522;19.8689;0;0
55;impression_pos_count_simple;Baseline_V2;0.3033;0.3033;1.0076;0;0
55;rvs_sentiment;Baseline_V2;1.7264;1.7264;10.4619;0;0
55;rouge_l_recall;Baseline_V2;0.0407;0.0097;0.0318;0;0
55;bleu;Baseline_V2;0.0;0.0;0.0;0;0
55;length_ratio;Baseline_V2;0.1045;0.0189;0.0994;0.0;0.0
55;perplexity_qwen;Baseline_V2;-4.9612;-13.9455;-18.6066;0.0;0.0
56;chat_cite;Baseline_V2;0;0;0;0;0
56;sentence_cite;Baseline_V2;0;0;0;0;0
56;absolute_wordcount;Baseline_V2;0;0;0;0;0
56;position_adjusted_wordcount;Baseline_V2;0;0;0;0;0
56;impression_pos_count_simple;Baseline_V2;0;0;0;0;0
56;rvs_sentiment;Baseline_V2;0;0;0;0;0
56;rouge_l_recall;Baseline_V2;0.0135;0.0256;0.025;0.0323;0.0256
56;bleu;Baseline_V2;0.0;0.0;0.0;0.0;0.0
56;length_ratio;Baseline_V2;0.0242;0.0617;0.0528;0.0774;0.0617
56;perplexity_qwen;Baseline_V2;-12.9381;-13.6403;-11.3662;-7.773;-13.6403
57;chat_cite;Baseline_V2;1;1;1;1;1
57;sentence_cite;Baseline_V2;8;2;1;5;4
57;absolute_wordcount;Baseline_V2;87.0;19.0;9.0;45.0;39.0
57;position_adjusted_wordcount;Baseline_V2;51.4458;13.0436;5.1925;23.2494;22.7816
57;impression_pos_count_simple;Baseline_V2;2.9782;0.6892;0.2885;1.3261;1.1575
57;rvs_sentiment;Baseline_V2;26.8371;1.3572;0.8017;3.809;5.0623
57;rouge_l_recall;Baseline_V2;0.0251;0.0431;0.0622;0.0263;0.0393
57;bleu;Baseline_V2;0.0;0.0001;0.0;0.0;0.0
57;length_ratio;Baseline_V2;0.0692;0.1376;0.3179;0.062;0.1286
57;perplexity_qwen;Baseline_V2;-5.9702;-7.1472;-9.7993;-4.7721;-10.5367
58;chat_cite;Baseline_V2;1;1;1;1;0
58;sentence_cite;Baseline_V2;2;1;1;3;0
58;absolute_wordcount;Baseline_V2;18.0;9.5;8.5;43.0;0
58;position_adjusted_wordcount;Baseline_V2;11.3161;6.4392;4.8769;22.9162;0
58;impression_pos_count_simple;Baseline_V2;0.6258;0.3389;0.2869;1.6975;0
58;rvs_sentiment;Baseline_V2;17.3192;9.2518;8.0674;10.4744;0
58;rouge_l_recall;Baseline_V2;0.0685;0.0767;0.0803;0.0267;0.0355
58;bleu;Baseline_V2;0.0022;0.0034;0.0043;0.0;0.0
58;length_ratio;Baseline_V2;0.2954;0.3295;0.4138;0.0539;0.1475
58;perplexity_qwen;Baseline_V2;-11.4548;-10.3251;-11.5917;-5.7353;-11.7672
59;chat_cite;Baseline_V2;1;1;1;1;0
59;sentence_cite;Baseline_V2;1;2;3;2;0
59;absolute_wordcount;Baseline_V2;16.0;38.0;51.0;30.0;0
59;position_adjusted_wordcount;Baseline_V2;6.1263;23.5344;32.9846;13.8109;0
59;impression_pos_count_simple;Baseline_V2;0.3829;1.2465;1.8868;0.9015;0
59;rvs_sentiment;Baseline_V2;-1.5316;7.3578;5.1625;-2.9428;0
59;rouge_l_recall;Baseline_V2;0.0643;0.0743;0.0533;0.0979;0.0212
59;bleu;Baseline_V2;0.0;0.0043;0.0;0.0;0.0
59;length_ratio;Baseline_V2;0.3306;0.2485;0.2578;0.6322;0.056
59;perplexity_qwen;Baseline_V2;-16.2806;-10.067;-12.8901;-22.0761;-8.4614
60;chat_cite;Baseline_V2;1;1;0;1;1
60;sentence_cite;Baseline_V2;2;2;0;2;2
60;absolute_wordcount;Baseline_V2;36.0;17.0;0;34.0;27.0
60;position_adjusted_wordcount;Baseline_V2;23.6899;8.8167;0;16.7596;18.9465
60;impression_pos_count_simple;Baseline_V2;1.3161;1.0315;0;0.9969;1.3997
60;rvs_sentiment;Baseline_V2;2.6083;-3.4136;0;5.2197;3.8822
60;rouge_l_recall;Baseline_V2;0.0536;0.0678;0.0839;0.0577;0.0433
60;bleu;Baseline_V2;0.0;0.0;0.0;0.0;0.0
60;length_ratio;Baseline_V2;0.1799;0.3262;0.7238;0.2464;0.162
60;perplexity_qwen;Baseline_V2;-11.3584;-12.6493;-17.1551;-11.4599;-10.0809
61;chat_cite;Baseline_V2;0;1;1;1;0
61;sentence_cite;Baseline_V2;0;2;2;5;0
61;absolute_wordcount;Baseline_V2;0;23.5;34.0;73.5;0
61;position_adjusted_wordcount;Baseline_V2;0;9.5906;22.853;50.2081;0
61;impression_pos_count_simple;Baseline_V2;0;0.4132;1.0054;2.4668;0
61;rvs_sentiment;Baseline_V2;0;8.3507;16.3905;32.9122;0
61;rouge_l_recall;Baseline_V2;0.0278;0.0425;0.0603;0.056;0.0863
61;bleu;Baseline_V2;0.0;0.0;0.0004;0.0002;0.0
61;length_ratio;Baseline_V2;0.0721;0.1069;0.1758;0.1462;0.303
61;perplexity_qwen;Baseline_V2;-6.0739;-7.0895;-11.1065;-8.8573;-10.3494
62;chat_cite;Baseline_V2;1;1;0;0;0
62;sentence_cite;Baseline_V2;2;2;0;0;0
62;absolute_wordcount;Baseline_V2;41.0;40.0;0;0;0
62;position_adjusted_wordcount;Baseline_V2;29.21;21.01;0;0;0
62;impression_pos_count_simple;Baseline_V2;1.4029;1.0543;0;0;0
62;rvs_sentiment;Baseline_V2;5.735;1.9088;0;0;0
62;rouge_l_recall;Baseline_V2;0.0246;0.0517;0.0479;0.0304;0.0378
62;bleu;Baseline_V2;0.0;0.0;0.0;0.0;0.0
62;length_ratio;Baseline_V2;0.0504;0.1442;0.1328;0.0836;0.1005
62;perplexity_qwen;Baseline_V2;-10.999;-11.6842;-5.3112;-4.802;-8.8735
63;chat_cite;Baseline_V2;1;1;1;1;0
63;sentence_cite;Baseline_V2;7;5;5;6;0
63;absolute_wordcount;Baseline_V2;25.8333;20.6667;11.8333;19.6667;0
63;position_adjusted_wordcount;Baseline_V2;17.706;15.1169;5.9315;10.2205;0
63;impression_pos_count_simple;Baseline_V2;1.745;1.4155;0.8405;1.1957;0
63;rvs_sentiment;Baseline_V2;2.0941;8.2503;0.5491;1.3997;0
63;rouge_l_recall;Baseline_V2;0.1161;0.0796;0.0302;0.0473;0.0348
63;bleu;Baseline_V2;0.0107;0.0023;0.0;0.0;0.0
63;length_ratio;Baseline_V2;0.342;0.2076;0.0787;0.1464;0.1016
63;perplexity_qwen;Baseline_V2;-9.1575;-7.2878;-9.2455;-10.1315;-8.0274
64;chat_cite;Baseline_V2;1;1;1;0;0
64;sentence_cite;Baseline_V2;8;1;1;0;0
64;absolute_wordcount;Baseline_V2;128.0;14.0;17.0;0;0
64;position_adjusted_wordcount;Baseline_V2;93.4322;8.7179;6.9482;0;0
64;impression_pos_count_simple;Baseline_V2;5.6823;0.6227;0.4087;0;0
64;rvs_sentiment;Baseline_V2;41.6969;3.3285;-0.1793;0;0
64;rouge_l_recall;Baseline_V2;0.0317;0.054;0.0566;0.0559;0.0229
64;bleu;Baseline_V2;0.0;0.0009;0.0;0.0;0.0
64;length_ratio;Baseline_V2;0.0718;0.2264;0.2465;0.2766;0.0586
64;perplexity_qwen;Baseline_V2;-7.271;-14.9134;-4.467;-12.7029;-2.2623
65;chat_cite;Baseline_V2;1;1;1;0;1
65;sentence_cite;Baseline_V2;1;1;3;0;2
65;absolute_wordcount;Baseline_V2;14.0;10.0;38.0;0;27.0
65;position_adjusted_wordcount;Baseline_V2;11.8507;4.1111;22.3179;0;15.2267
65;impression_pos_count_simple;Baseline_V2;0.8465;0.2056;1.4958;0;1.1635
65;rvs_sentiment;Baseline_V2;4.0293;6.4504;12.7988;0;4.7487
65;rouge_l_recall;Baseline_V2;0.0404;0.067;0.0989;0.0513;0.0471
65;bleu;Baseline_V2;0.0;0.0;0.006;0.0;0.0
65;length_ratio;Baseline_V2;0.1741;0.3304;0.3629;0.214;0.1652
65;perplexity_qwen;Baseline_V2;-4.6032;-7.8182;-12.7676;-12.8974;-13.3007
66;chat_cite;Baseline_V2;1;1;1;1;1
66;sentence_cite;Baseline_V2;2;2;1;1;1
66;absolute_wordcount;Baseline_V2;46.0;44.0;13.0;17.0;16.0
66;position_adjusted_wordcount;Baseline_V2;28.346;24.4925;8.2516;8.9966;6.4462
66;impression_pos_count_simple;Baseline_V2;1.2445;1.1364;0.6347;0.5292;0.4029
66;rvs_sentiment;Baseline_V2;20.5017;6.169;5.4436;0.0;-2.3284
66;rouge_l_recall;Baseline_V2;0.0504;0.054;0.1085;0.054;0.0169
66;bleu;Baseline_V2;0.0001;0.0003;0.0172;0.0003;0.0
66;length_ratio;Baseline_V2;0.1334;0.1531;0.5401;0.1605;0.0345
66;perplexity_qwen;Baseline_V2;-10.354;-10.067;-10.0775;-9.8985;-8.4614
67;chat_cite;Baseline_V2;1;1;0;1;1
67;sentence_cite;Baseline_V2;3;5;0;3;3
67;absolute_wordcount;Baseline_V2;19.5;35.0;0;19.5;28.0
67;position_adjusted_wordcount;Baseline_V2;13.0601;23.7658;0;12.465;12.564
67;impression_pos_count_simple;Baseline_V2;1.0282;1.7073;0;0.8989;1.1046
67;rvs_sentiment;Baseline_V2;1.9306;15.1264;0;12.0763;-1.2434
67;rouge_l_recall;Baseline_V2;0.0449;0.0525;0.0434;0.0324;0.0227
67;bleu;Baseline_V2;0.0003;0.0;0.0001;0.0;0.0
67;length_ratio;Baseline_V2;0.1813;0.1852;0.1455;0.0905;0.0689
67;perplexity_qwen;Baseline_V2;-9.1628;-17.4409;-4.8708;-3.6709;-14.016
68;chat_cite;Baseline_V2;1;1;1;1;0
68;sentence_cite;Baseline_V2;4;1;3;1;0
68;absolute_wordcount;Baseline_V2;66.0;16.0;46.0;19.0;0
68;position_adjusted_wordcount;Baseline_V2;43.602;10.5479;22.51;11.0538;0
68;impression_pos_count_simple;Baseline_V2;2.6949;0.6592;1.4503;0.5818;0
68;rvs_sentiment;Baseline_V2;11.7525;-2.387;5.6288;1.9665;0
68;rouge_l_recall;Baseline_V2;0.0172;0.056;0.0657;0.0518;0.0505
68;bleu;Baseline_V2;0.0;0.0006;0.0018;0.0;0.0
68;length_ratio;Baseline_V2;0.0418;0.1947;0.1857;0.1858;0.2309
68;perplexity_qwen;Baseline_V2;-8.4614;-9.8985;-10.067;-13.5348;-15.9984
69;chat_cite;Baseline_V2;1;1;0;1;1
69;sentence_cite;Baseline_V2;3;2;0;3;2
69;absolute_wordcount;Baseline_V2;25.0;22.0;0;25.0;25.0
69;position_adjusted_wordcount;Baseline_V2;17.3407;13.607;0;12.3114;16.0154
69;impression_pos_count_simple;Baseline_V2;0.9643;0.6114;0;1.0029;0.9554
69;rvs_sentiment;Baseline_V2;18.8523;11.2402;0;4.875;17.0143
69;rouge_l_recall;Baseline_V2;0.0668;0.0797;0.0509;0.074;0.0934
69;bleu;Baseline_V2;0.0018;0.0068;0.0;0.0039;0.0116
69;length_ratio;Baseline_V2;0.213;0.3749;0.194;0.3082;0.4106
69;perplexity_qwen;Baseline_V2;-5.1102;-18.9727;-14.9459;-15.9415;-11.1604
70;chat_cite;Baseline_V2;1;1;0;1;0
70;sentence_cite;Baseline_V2;4;3;0;3;0
70;absolute_wordcount;Baseline_V2;35.5;24.5;0;33.0;0
70;position_adjusted_wordcount;Baseline_V2;24.7205;14.3378;0;15.9044;0
70;impression_pos_count_simple;Baseline_V2;1.7754;0.8639;0;0.9678;0
70;rvs_sentiment;Baseline_V2;6.8481;11.4648;0;2.318;0
70;rouge_l_recall;Baseline_V2;0.1159;0.0532;0.0945;0.0919;0.076
70;bleu;Baseline_V2;0.0075;0.0;0.0;0.0;0.0
70;length_ratio;Baseline_V2;0.2536;0.2106;1.695;0.622;0.336
70;perplexity_qwen;Baseline_V2;-6.1526;-13.3007;-8.8222;-18.7932;-17.8784
71;chat_cite;Baseline_V2;1;1;1;0;1
71;sentence_cite;Baseline_V2;6;3;5;0;2
71;absolute_wordcount;Baseline_V2;85.5;34.0;53.5;0;17.0
71;position_adjusted_wordcount;Baseline_V2;56.8459;25.204;29.8547;0;6.8491
71;impression_pos_count_simple;Baseline_V2;3.0897;1.5183;2.0613;0;0.4949
71;rvs_sentiment;Baseline_V2;34.9301;15.4099;7.3302;0;1.3856
71;rouge_l_recall;Baseline_V2;0.1193;0.1153;0.0634;0.0508;0.0917
71;bleu;Baseline_V2;0.019;0.0222;0.0007;0.0;0.0161
71;length_ratio;Baseline_V2;0.3333;0.4764;0.1781;0.2046;0.3086
71;perplexity_qwen;Baseline_V2;-10.7425;-9.4365;-8.3754;-16.4315;-5.0717
72;chat_cite;Baseline_V2;1;1;1;0;1
72;sentence_cite;Baseline_V2;4;4;5;0;2
72;absolute_wordcount;Baseline_V2;56.0;46.0;70.0;0;42.0
72;position_adjusted_wordcount;Baseline_V2;40.9957;31.7621;34.2694;0;17.6116
72;impression_pos_count_simple;Baseline_V2;2.4041;2.2803;2.1731;0;0.8441
72;rvs_sentiment;Baseline_V2;16.7717;22.9171;22.0353;0;3.9227
72;rouge_l_recall;Baseline_V2;0.1146;0.1175;0.0371;0.0753;0.0645
72;bleu;Baseline_V2;0.0108;0.0112;0.0;0.0028;0.0012
72;length_ratio;Baseline_V2;0.5328;0.4184;0.0752;0.2172;0.195
72;perplexity_qwen;Baseline_V2;-9.6046;-7.6853;-4.7721;-5.8699;-9.9774
73;chat_cite;Baseline_V2;1;1;1;0;0
73;sentence_cite;Baseline_V2;6;4;6;0;0
73;absolute_wordcount;Baseline_V2;71.0;61.0;78.0;0;0
73;position_adjusted_wordcount;Baseline_V2;47.5168;38.2679;40.0462;0;0
73;impression_pos_count_simple;Baseline_V2;4.0098;2.4496;3.0509;0;0
73;rvs_sentiment;Baseline_V2;23.1903;9.6117;6.171;0;0
73;rouge_l_recall;Baseline_V2;0.0602;0.0702;0.0874;0.0165;0.07
73;bleu;Baseline_V2;0.001;0.0;0.0;0.0;0.0
73;length_ratio;Baseline_V2;0.2317;0.3765;0.4965;0.0436;0.4046
73;perplexity_qwen;Baseline_V2;-4.2635;-18.1267;-16.2486;-4.6054;-7.8031
74;chat_cite;Baseline_V2;1;1;0;0;1
74;sentence_cite;Baseline_V2;5;2;0;0;1
74;absolute_wordcount;Baseline_V2;67.0;22.0;0;0;12.0
74;position_adjusted_wordcount;Baseline_V2;44.2273;12.4213;0;0;4.9333
74;impression_pos_count_simple;Baseline_V2;2.8874;0.8177;0;0;0.4111
74;rvs_sentiment;Baseline_V2;21.2517;7.7308;0;0;0.5067
74;rouge_l_recall;Baseline_V2;0.0132;0.0421;0.0368;0.0415;0.0281
74;bleu;Baseline_V2;0.0;0.0001;0.0;0.0;0.0
74;length_ratio;Baseline_V2;0.0291;0.1259;0.1332;0.1685;0.0731
74;perplexity_qwen;Baseline_V2;-5.3705;-11.2179;-12.249;-12.5948;-6.27
75;chat_cite;Baseline_V2;1;1;0;0;0
75;sentence_cite;Baseline_V2;6;1;0;0;0
75;absolute_wordcount;Baseline_V2;105.0;21.0;0;0;0
75;position_adjusted_wordcount;Baseline_V2;66.2358;11.2405;0;0;0
75;impression_pos_count_simple;Baseline_V2;3.7318;0.5353;0;0;0
75;rvs_sentiment;Baseline_V2;-8.3567;-2.274;0;0;0
75;rouge_l_recall;Baseline_V2;0.064;0.1036;0.1051;0.0845;0.0655
75;bleu;Baseline_V2;0.0021;0.0;0.0;0.007;0.0
75;length_ratio;Baseline_V2;0.2098;0.4949;0.6101;0.3722;0.2819
75;perplexity_qwen;Baseline_V2;-11.7632;-9.3358;-3.7918;-13.3786;-19.4101
76;chat_cite;Baseline_V2;1;1;0;1;1
76;sentence_cite;Baseline_V2;2;1;0;1;4
76;absolute_wordcount;Baseline_V2;38.0;21.0;0;23.0;75.0
76;position_adjusted_wordcount;Baseline_V2;30.2252;18.0055;0;12.43;37.194
76;impression_pos_count_simple;Baseline_V2;1.6611;0.8574;0;0.5404;2.0418
76;rvs_sentiment;Baseline_V2;21.8289;15.645;0;4.4897;17.4415
76;rouge_l_recall;Baseline_V2;0.314;0.1474;0.093;0.0625;0.07
76;bleu;Baseline_V2;0.0422;0.0166;0.0;0.0;0.002
76;length_ratio;Baseline_V2;2.2481;1.871;0.5441;0.2744;0.1982
76;perplexity_qwen;Baseline_V2;-12.7622;-23.9955;-17.2847;-21.3375;-11.3949
77;chat_cite;Baseline_V2;1;0;0;0;0
77;sentence_cite;Baseline_V2;4;0;0;0;0
77;absolute_wordcount;Baseline_V2;74.0;0;0;0;0
77;position_adjusted_wordcount;Baseline_V2;43.135;0;0;0;0
77;impression_pos_count_simple;Baseline_V2;2.3616;0;0;0;0
77;rvs_sentiment;Baseline_V2;10.6568;0;0;0;0
77;rouge_l_recall;Baseline_V2;0.0348;0.0132;0.0458;0.0271;0.04
77;bleu;Baseline_V2;0.0;0.0;0.0;0.0;0.0
77;length_ratio;Baseline_V2;0.0658;0.0322;0.2184;0.0976;0.2247
77;perplexity_qwen;Baseline_V2;-10.3848;-7.98;-12.7029;-12.7941;-40.1262
78;chat_cite;Baseline_V2;0;0;0;0;0
78;sentence_cite;Baseline_V2;0;0;0;0;0
78;absolute_wordcount;Baseline_V2;0;0;0;0;0
78;position_adjusted_wordcount;Baseline_V2;0;0;0;0;0
78;impression_pos_count_simple;Baseline_V2;0;0;0;0;0
78;rvs_sentiment;Baseline_V2;0;0;0;0;0
78;rouge_l_recall;Baseline_V2;0.0652;0.1061;0.0332;0.0409;0.0496
78;bleu;Baseline_V2;0.0;0.0;0.0;0.0;0.0
78;length_ratio;Baseline_V2;0.3745;0.4799;0.129;0.1596;0.2845
78;perplexity_qwen;Baseline_V2;-8.4238;-7.7012;-20.1519;-8.2962;-16.2131
79;chat_cite;Baseline_V2;1;0;1;0;0
79;sentence_cite;Baseline_V2;6;0;2;0;0
79;absolute_wordcount;Baseline_V2;121.0;0;33.0;0;0
79;position_adjusted_wordcount;Baseline_V2;87.0957;0;15.2356;0;0
79;impression_pos_count_simple;Baseline_V2;4.3213;0;0.9754;0;0
79;rvs_sentiment;Baseline_V2;33.6417;0;6.6641;0;0
79;rouge_l_recall;Baseline_V2;0.1067;0.0588;0.0348;0.0654;0.07
79;bleu;Baseline_V2;0.0038;0.0;0.0;0.0036;0.0
79;length_ratio;Baseline_V2;0.2187;0.2595;0.108;0.3661;0.2671
79;perplexity_qwen;Baseline_V2;-11.3949;-19.3464;-10.3848;-23.8965;-18.1307
80;chat_cite;Baseline_V2;1;1;1;1;0
80;sentence_cite;Baseline_V2;5;6;1;1;0
80;absolute_wordcount;Baseline_V2;61.0;103.0;18.0;13.0;0
80;position_adjusted_wordcount;Baseline_V2;41.6275;60.3976;13.4644;5.1011;0
80;impression_pos_count_simple;Baseline_V2;3.5126;3.3021;0.748;0.3924;0
80;rvs_sentiment;Baseline_V2;0.3017;2.1856;0.3474;0.0;0
80;rouge_l_recall;Baseline_V2;0.1684;0.0699;0.0973;0.0611;0.1459
80;bleu;Baseline_V2;0.0615;0.0;0.0114;0.0;0.0156
80;length_ratio;Baseline_V2;0.7725;0.2155;0.3792;0.2781;1.4
80;perplexity_qwen;Baseline_V2;-19.3369;-7.3217;-7.5733;-11.247;-12.4825
81;chat_cite;Baseline_V2;0;0;0;0;0
81;sentence_cite;Baseline_V2;0;0;0;0;0
81;absolute_wordcount;Baseline_V2;0;0;0;0;0
81;position_adjusted_wordcount;Baseline_V2;0;0;0;0;0
81;impression_pos_count_simple;Baseline_V2;0;0;0;0;0
81;rvs_sentiment;Baseline_V2;0;0;0;0;0
81;rouge_l_recall;Baseline_V2;0.1106;0.0297;0.0281;0.0549;0.0172
81;bleu;Baseline_V2;0.0;0.0;0.0;0.0;0.0
81;length_ratio;Baseline_V2;0.414;0.0713;0.073;0.1488;0.0321
81;perplexity_qwen;Baseline_V2;-12.1885;-4.7926;-7.6817;-11.2993;-11.6067
82;chat_cite;Baseline_V2;1;1;0;0;1
82;sentence_cite;Baseline_V2;3;3;0;0;2
82;absolute_wordcount;Baseline_V2;39.0;54.0;0;0;19.0
82;position_adjusted_wordcount;Baseline_V2;24.3891;34.9337;0;0;8.4904
82;impression_pos_count_simple;Baseline_V2;1.4972;1.8291;0;0;0.6682
82;rvs_sentiment;Baseline_V2;6.9826;16.6637;0;0;1.6974
82;rouge_l_recall;Baseline_V2;0.1688;0.0374;0.1609;0.3333;0.012
82;bleu;Baseline_V2;0.0;0.0;0.0;0.0;0.0
82;length_ratio;Baseline_V2;1.1453;0.0918;1.5673;6.381;0.5057
82;perplexity_qwen;Baseline_V2;-14.9683;-4.7685;-7.0885;-7.9142;-81.3657
83;chat_cite;Baseline_V2;1;1;1;1;1
83;sentence_cite;Baseline_V2;9;7;2;4;2
83;absolute_wordcount;Baseline_V2;92.5;84.0;7.5;35.0;11.0
83;position_adjusted_wordcount;Baseline_V2;60.3107;44.4052;5.9544;16.9703;4.3702
83;impression_pos_count_simple;Baseline_V2;3.9031;2.4622;0.4705;1.0495;0.4709
83;rvs_sentiment;Baseline_V2;15.7952;-4.8497;4.3015;1.7412;2.0051
83;rouge_l_recall;Baseline_V2;0.1582;0.0312;0.1038;0.0616;0.0783
83;bleu;Baseline_V2;0.0401;0.0;0.0;0.001;0.0
83;length_ratio;Baseline_V2;0.7385;0.0949;0.6591;0.233;0.3256
83;perplexity_qwen;Baseline_V2;-19.3369;-9.2026;-3.7008;-8.7281;-12.3616
84;chat_cite;Baseline_V2;1;1;0;1;1
84;sentence_cite;Baseline_V2;4;2;0;4;1
84;absolute_wordcount;Baseline_V2;54.0;38.0;0;46.0;16.0
84;position_adjusted_wordcount;Baseline_V2;40.2862;20.7649;0;28.6456;7.7316
84;impression_pos_count_simple;Baseline_V2;1.879;0.819;0;1.2557;0.4832
84;rvs_sentiment;Baseline_V2;17.6579;12.5496;0;21.068;2.1123
84;rouge_l_recall;Baseline_V2;0.0208;0.037;0.0739;0.0538;0.0514
84;bleu;Baseline_V2;0.0;0.0;0.0;0.0;0.0002
84;length_ratio;Baseline_V2;0.0398;0.0905;0.2912;0.1833;0.1495
84;perplexity_qwen;Baseline_V2;-5.933;-12.1143;-15.5891;-7.5103;-8.9111
85;chat_cite;Baseline_V2;1;1;1;0;0
85;sentence_cite;Baseline_V2;2;4;2;0;0
85;absolute_wordcount;Baseline_V2;47.0;82.0;28.0;0;0
85;position_adjusted_wordcount;Baseline_V2;35.0612;45.1545;12.9352;0;0
85;impression_pos_count_simple;Baseline_V2;1.4978;2.2048;0.9327;0;0
85;rvs_sentiment;Baseline_V2;-1.6799;9.3089;-2.3571;0;0
85;rouge_l_recall;Baseline_V2;0.0397;0.0194;0.0324;0.1964;0.0541
85;bleu;Baseline_V2;0.0001;0.0;0.0;0.0;0.0
85;length_ratio;Baseline_V2;0.1425;0.0439;0.0976;1.4027;0.218
85;perplexity_qwen;Baseline_V2;-21.0741;-10.5097;-13.1734;-17.4083;-14.7277
86;chat_cite;Baseline_V2;1;1;0;0;1
86;sentence_cite;Baseline_V2;9;2;0;0;3
86;absolute_wordcount;Baseline_V2;176.0;44.0;0;0;46.0
86;position_adjusted_wordcount;Baseline_V2;111.4068;23.7552;0;0;21.9886
86;impression_pos_count_simple;Baseline_V2;5.6607;1.0376;0;0;1.4131
86;rvs_sentiment;Baseline_V2;20.712;10.7451;0;0;7.9522
86;rouge_l_recall;Baseline_V2;0.0708;0.074;0.027;0.0343;0.0455
86;bleu;Baseline_V2;0.0042;0.0;0.0;0.0;0.0001
86;length_ratio;Baseline_V2;0.2442;0.2741;0.0691;0.1029;0.1498
86;perplexity_qwen;Baseline_V2;-8.9111;-8.5028;-10.0677;-7.3559;-11.2827
87;chat_cite;Baseline_V2;1;1;1;1;1
87;sentence_cite;Baseline_V2;5;5;2;1;5
87;absolute_wordcount;Baseline_V2;63.5;41.0;22.0;11.0;50.5
87;position_adjusted_wordcount;Baseline_V2;35.7906;19.9871;8.9413;6.1384;22.8557
87;impression_pos_count_simple;Baseline_V2;2.017;1.2502;0.4084;0.279;1.1339
87;rvs_sentiment;Baseline_V2;5.1938;8.0191;9.8278;-2.4836;17.2735
87;rouge_l_recall;Baseline_V2;0.1007;0.0772;0.103;0.0654;0.1322
87;bleu;Baseline_V2;0.0094;0.002;0.0054;0.0011;0.0099
87;length_ratio;Baseline_V2;0.4;0.233;0.363;0.2066;0.5559
87;perplexity_qwen;Baseline_V2;-9.0984;-10.5398;-9.9717;-14.1597;-21.8817
88;chat_cite;Baseline_V2;1;0;1;1;1
88;sentence_cite;Baseline_V2;6;0;2;4;2
88;absolute_wordcount;Baseline_V2;46.5;0;7.0;33.0;28.5
88;position_adjusted_wordcount;Baseline_V2;30.6066;0;5.067;20.5986;11.6605
88;impression_pos_count_simple;Baseline_V2;2.3252;0;0.7239;1.2212;0.6168
88;rvs_sentiment;Baseline_V2;2.9868;0;-2.7171;5.7038;6.8697
88;rouge_l_recall;Baseline_V2;0.0576;0.0655;0.056;0.0485;0.0644
88;bleu;Baseline_V2;0.0002;0.001;0.0002;0.0001;0.0007
88;length_ratio;Baseline_V2;0.1519;0.2211;0.1571;0.1298;0.1987
88;perplexity_qwen;Baseline_V2;-10.5398;-5.4008;-7.7269;-9.9512;-9.0568
89;chat_cite;Baseline_V2;1;1;1;1;0
89;sentence_cite;Baseline_V2;6;2;1;5;0
89;absolute_wordcount;Baseline_V2;107.0;36.0;13.0;82.0;0
89;position_adjusted_wordcount;Baseline_V2;75.4226;27.6093;7.5631;46.6142;0
89;impression_pos_count_simple;Baseline_V2;3.7671;1.4992;0.2909;2.9645;0
89;rvs_sentiment;Baseline_V2;12.5083;4.3043;6.3757;4.41;0
89;rouge_l_recall;Baseline_V2;0.0454;0.0803;0.1252;0.082;0.1082
89;bleu;Baseline_V2;0.0001;0.0052;0.0131;0.0;0.0
89;length_ratio;Baseline_V2;0.1303;0.3493;0.8154;0.3827;0.8
89;perplexity_qwen;Baseline_V2;-12.0437;-17.667;-16.6953;-14.8066;-20.3039
90;chat_cite;Baseline_V2;1;0;0;0;1
90;sentence_cite;Baseline_V2;7;0;0;0;7
90;absolute_wordcount;Baseline_V2;144.0;0;0;0;114.0
90;position_adjusted_wordcount;Baseline_V2;97.329;0;0;0;60.4179
90;impression_pos_count_simple;Baseline_V2;4.6867;0;0;0;3.63
90;rvs_sentiment;Baseline_V2;52.248;0;0;0;17.2695
90;rouge_l_recall;Baseline_V2;0.0552;0.1448;0.0452;0.0864;0.0195
90;bleu;Baseline_V2;0.0012;0.0;0;0.0;0.0
90;length_ratio;Baseline_V2;0.1993;1.2525;6.0984;0.4775;0.0478
90;perplexity_qwen;Baseline_V2;-10.354;-19.4481;-57.8665;-10.7397;-5.4043
91;chat_cite;Baseline_V2;1;1;1;1;0
91;sentence_cite;Baseline_V2;1;2;2;2;0
91;absolute_wordcount;Baseline_V2;16.0;47.0;40.0;45.0;0
91;position_adjusted_wordcount;Baseline_V2;12.9139;31.727;20.0835;21.4293;0
91;impression_pos_count_simple;Baseline_V2;0.8071;1.3511;1.0205;0.9502;0
91;rvs_sentiment;Baseline_V2;5.4432;15.3872;9.1738;10.6242;0
91;rouge_l_recall;Baseline_V2;0.1103;0.0825;0.0307;0.0766;0.303
91;bleu;Baseline_V2;0.016;0.0075;0.0;0.0;0.0238
91;length_ratio;Baseline_V2;0.5703;0.3203;0.1103;0.3499;3.1158
91;perplexity_qwen;Baseline_V2;-13.4779;-13.9374;-20.1519;-15.6959;-18.5982
92;chat_cite;Baseline_V2;0;0;0;0;0
92;sentence_cite;Baseline_V2;0;0;0;0;0
92;absolute_wordcount;Baseline_V2;0;0;0;0;0
92;position_adjusted_wordcount;Baseline_V2;0;0;0;0;0
92;impression_pos_count_simple;Baseline_V2;0;0;0;0;0
92;rvs_sentiment;Baseline_V2;0;0;0;0;0
92;rouge_l_recall;Baseline_V2;0.0685;0.0228;0.0167;0.0547;0.0358
92;bleu;Baseline_V2;0.0006;0.0;0.0;0.0;0.0001
92;length_ratio;Baseline_V2;0.1871;0.0528;0.0478;0.3149;0.1421
92;perplexity_qwen;Baseline_V2;-5.5763;-7.33;-7.9425;-11.8253;-10.0598
93;chat_cite;Baseline_V2;0;1;1;0;1
93;sentence_cite;Baseline_V2;0;2;5;0;5
93;absolute_wordcount;Baseline_V2;0;20.0;43.5;0;37.5
93;position_adjusted_wordcount;Baseline_V2;0;11.3152;27.4495;0;16.584
93;impression_pos_count_simple;Baseline_V2;0;0.4715;1.8408;0;1.4878
93;rvs_sentiment;Baseline_V2;0;13.6072;17.5963;0;9.947
93;rouge_l_recall;Baseline_V2;0.0873;0.0388;0.0788;0.01;0.0672
93;bleu;Baseline_V2;0.0;0.0;0.0;0.0;0.0
93;length_ratio;Baseline_V2;0.7433;0.1381;0.4641;0.0431;0.2344
93;perplexity_qwen;Baseline_V2;-13.2907;-9.6491;-11.717;-6.5702;-13.2943
94;chat_cite;Baseline_V2;0;0;0;0;0
94;sentence_cite;Baseline_V2;0;0;0;0;0
94;absolute_wordcount;Baseline_V2;0;0;0;0;0
94;position_adjusted_wordcount;Baseline_V2;0;0;0;0;0
94;impression_pos_count_simple;Baseline_V2;0;0;0;0;0
94;rvs_sentiment;Baseline_V2;0;0;0;0;0
94;rouge_l_recall;Baseline_V2;0.181;0.0281;0.0167;0.0258;0.0217
94;bleu;Baseline_V2;0.0;0.0;0.0;0.0;0.0
94;length_ratio;Baseline_V2;3.3039;0.0826;0.0619;0.0656;0.0669
94;perplexity_qwen;Baseline_V2;-14.4114;-23.6272;-24.7851;-11.5778;-14.4041
95;chat_cite;Baseline_V2;0;0;0;0;0
95;sentence_cite;Baseline_V2;0;0;0;0;0
95;absolute_wordcount;Baseline_V2;0;0;0;0;0
95;position_adjusted_wordcount;Baseline_V2;0;0;0;0;0
95;impression_pos_count_simple;Baseline_V2;0;0;0;0;0
95;rvs_sentiment;Baseline_V2;0;0;0;0;0
95;rouge_l_recall;Baseline_V2;0.0734;0.2424;0.0199;0.0357;0.0254
95;bleu;Baseline_V2;0.0048;0.0;0.0;0.0;0.0
95;length_ratio;Baseline_V2;0.2994;3.3053;0.0577;0.1288;0.0691
95;perplexity_qwen;Baseline_V2;-7.5103;-10.4677;-9.7665;-10.5945;-10.0677
96;chat_cite;Baseline_V2;1;1;1;1;1
96;sentence_cite;Baseline_V2;5;1;5;2;2
96;absolute_wordcount;Baseline_V2;78.0;22.0;80.5;21.5;25.0
96;position_adjusted_wordcount;Baseline_V2;59.3391;11.2952;53.2435;10.7836;13.4031
96;impression_pos_count_simple;Baseline_V2;3.334;0.5134;2.5496;0.5035;0.8373
96;rvs_sentiment;Baseline_V2;2.3565;4.0798;-2.667;-0.6056;-6.2069
96;rouge_l_recall;Baseline_V2;0.1263;0.0418;0.137;0.0821;0.1002
96;bleu;Baseline_V2;0.0239;0.0;0.0162;0.0;0.0
96;length_ratio;Baseline_V2;0.5603;0.1154;0.4198;0.4054;0.5851
96;perplexity_qwen;Baseline_V2;-19.3369;-7.2452;-7.2471;-14.3477;-5.4578
97;chat_cite;Baseline_V2;1;1;0;1;1
97;sentence_cite;Baseline_V2;5;3;0;7;4
97;absolute_wordcount;Baseline_V2;42.0;25.0;0;67.5;48.5
97;position_adjusted_wordcount;Baseline_V2;30.1811;19.5648;0;41.4404;21.3958
97;impression_pos_count_simple;Baseline_V2;1.9256;1.324;0;2.6029;1.5566
97;rvs_sentiment;Baseline_V2;18.8895;4.5137;0;18.7656;9.2254
97;rouge_l_recall;Baseline_V2;0.0801;0.1458;0.0801;0.0761;0.0542
97;bleu;Baseline_V2;0.0;0.0192;0.0;0.0046;0.0002
97;length_ratio;Baseline_V2;0.2614;0.7362;0.2614;0.2967;0.1426
97;perplexity_qwen;Baseline_V2;-8.2769;-14.4054;-8.2769;-9.4165;-7.2974
98;chat_cite;Baseline_V2;1;1;1;1;1
98;sentence_cite;Baseline_V2;1;1;1;1;1
98;absolute_wordcount;Baseline_V2;27.0;32.0;18.0;32.0;19.0
98;position_adjusted_wordcount;Baseline_V2;23.4057;24.0473;6.6218;15.6653;10.7296
98;impression_pos_count_simple;Baseline_V2;0.8669;0.7515;0.3679;0.4895;0.5647
98;rvs_sentiment;Baseline_V2;9.8655;15.3157;4.138;11.984;-7.0783
98;rouge_l_recall;Baseline_V2;0.1008;0.0678;0.0551;0.0224;0.098
98;bleu;Baseline_V2;0.0091;0.0021;0.0002;0.0;0.0084
98;length_ratio;Baseline_V2;0.4374;0.2457;0.1476;0.061;0.409
98;perplexity_qwen;Baseline_V2;-13.4779;-13.9374;-4.048;-13.3471;-6.8999
99;chat_cite;Baseline_V2;0;1;0;0;1
99;sentence_cite;Baseline_V2;0;7;0;0;3
99;absolute_wordcount;Baseline_V2;0;106.0;0;0;63.0
99;position_adjusted_wordcount;Baseline_V2;0;74.4446;0;0;34.8522
99;impression_pos_count_simple;Baseline_V2;0;4.9776;0;0;1.6837
99;rvs_sentiment;Baseline_V2;0;30.3289;0;0;12.729
99;rouge_l_recall;Baseline_V2;0.0312;0.1473;0.0614;0.0196;0.0451
99;bleu;Baseline_V2;0.0;0.0255;0.0;0.0;0.0
99;length_ratio;Baseline_V2;0.0985;0.7841;0.5008;0.068;0.1417
99;perplexity_qwen;Baseline_V2;-26.6477;-13.216;-10.8283;-3.7193;-11.4631
100;chat_cite;Baseline_V2;1;0;0;0;0
100;sentence_cite;Baseline_V2;3;0;0;0;0
100;absolute_wordcount;Baseline_V2;84.0;0;0;0;0
100;position_adjusted_wordcount;Baseline_V2;65.5004;0;0;0;0
100;impression_pos_count_simple;Baseline_V2;2.2512;0;0;0;0
100;rvs_sentiment;Baseline_V2;16.7984;0;0;0;0
100;rouge_l_recall;Baseline_V2;0.0115;0.0174;0.0217;0.035;0.0132
100;bleu;Baseline_V2;0.0;0.0;0.0;0.0;0.0
100;length_ratio;Baseline_V2;0.0187;0.0453;0.0545;0.1038;0.0299
100;perplexity_qwen;Baseline_V2;-10.5097;-14.8989;-6.8981;-12.0183;-16.0423
101;chat_cite;Baseline_V2;1;1;0;0;0
101;sentence_cite;Baseline_V2;5;1;0;0;0
101;absolute_wordcount;Baseline_V2;61.5;5.5;0;0;0
101;position_adjusted_wordcount;Baseline_V2;35.1064;3.5511;0;0;0
101;impression_pos_count_simple;Baseline_V2;2.5566;0.3228;0;0;0
101;rvs_sentiment;Baseline_V2;-6.2382;-3.7407;0;0;0
101;rouge_l_recall;Baseline_V2;0.0362;0.0279;0.0347;0.0632;0.054
101;bleu;Baseline_V2;0.0;0.0;0.0;0.0026;0.0
101;length_ratio;Baseline_V2;0.0661;0.0627;0.1104;0.2753;0.2503
101;perplexity_qwen;Baseline_V2;-6.9702;-6.5547;-6.9377;-8.9472;-7.9141
102;chat_cite;Baseline_V2;0;0;1;1;0
102;sentence_cite;Baseline_V2;0;0;4;5;0
102;absolute_wordcount;Baseline_V2;0;0;63.5;93.5;0
102;position_adjusted_wordcount;Baseline_V2;0;0;41.2274;53.8878;0
102;impression_pos_count_simple;Baseline_V2;0;0;2.2016;2.5835;0
102;rvs_sentiment;Baseline_V2;0;0;3.3253;5.7661;0
102;rouge_l_recall;Baseline_V2;0.0721;0.121;0.1183;0.0678;0.0846
102;bleu;Baseline_V2;0.0;0.0;0.0139;0.0011;0.0
102;length_ratio;Baseline_V2;0.2886;0.6768;0.3262;0.2055;1.96
102;perplexity_qwen;Baseline_V2;-9.5483;-10.5058;-13.4849;-13.8363;-20.816
103;chat_cite;Baseline_V2;1;0;0;0;0
103;sentence_cite;Baseline_V2;2;0;0;0;0
103;absolute_wordcount;Baseline_V2;33.0;0;0;0;0
103;position_adjusted_wordcount;Baseline_V2;16.0216;0;0;0;0
103;impression_pos_count_simple;Baseline_V2;0.9981;0;0;0;0
103;rvs_sentiment;Baseline_V2;7.209;0;0;0;0
103;rouge_l_recall;Baseline_V2;0.0273;0.1279;0.077;0.0592;0.0619
103;bleu;Baseline_V2;0.0;0.0;0.0;0.0;0.0002
103;length_ratio;Baseline_V2;0.056;1.0838;0.224;0.1845;0.1563
103;perplexity_qwen;Baseline_V2;-7.6817;-18.788;-7.3057;-11.2438;-6.7989
104;chat_cite;Baseline_V2;0;1;0;1;1
104;sentence_cite;Baseline_V2;0;5;0;3;4
104;absolute_wordcount;Baseline_V2;0;80.0;0;41.0;66.0
104;position_adjusted_wordcount;Baseline_V2;0;52.3352;0;26.5859;38.6042
104;impression_pos_count_simple;Baseline_V2;0;2.7331;0;1.4805;1.8705
104;rvs_sentiment;Baseline_V2;0;-10.274;0;3.9821;14.3383
104;rouge_l_recall;Baseline_V2;0.0411;0.0512;0.0448;0.0412;0.022
104;bleu;Baseline_V2;0;0.0;0.0;0.0;0.0
104;length_ratio;Baseline_V2;4.8276;0.1523;0.2141;0.1622;0.0496
104;perplexity_qwen;Baseline_V2;-46.5627;-15.7731;-12.5421;-9.8222;-6.8734
105;chat_cite;Baseline_V2;0;0;0;0;0
105;sentence_cite;Baseline_V2;0;0;0;0;0
105;absolute_wordcount;Baseline_V2;0;0;0;0;0
105;position_adjusted_wordcount;Baseline_V2;0;0;0;0;0
105;impression_pos_count_simple;Baseline_V2;0;0;0;0;0
105;rvs_sentiment;Baseline_V2;0;0;0;0;0
105;rouge_l_recall;Baseline_V2;0.1943;0.0548;0.0788;0.0568;0
105;bleu;Baseline_V2;0.0257;0.0;0.0038;0.0011;0
105;length_ratio;Baseline_V2;1.5593;0.1896;0.2595;0.2238;0.0
105;perplexity_qwen;Baseline_V2;-8.6175;-17.4942;-6.7058;-12.4763;0.0
106;chat_cite;Baseline_V2;1;1;0;0;1
106;sentence_cite;Baseline_V2;1;1;0;0;1
106;absolute_wordcount;Baseline_V2;8.5;23.0;0;0;8.5
106;position_adjusted_wordcount;Baseline_V2;4.364;14.7471;0;0;4.364
106;impression_pos_count_simple;Baseline_V2;0.2567;0.6412;0;0;0.2567
106;rvs_sentiment;Baseline_V2;3.1526;6.4946;0;0;3.1526
106;rouge_l_recall;Baseline_V2;0.0657;0.0137;0.0192;0.0243;0.0151
106;bleu;Baseline_V2;0.0;0.0;0.0;0.0;0.0
106;length_ratio;Baseline_V2;0.219;0.0282;0.0556;0.0789;0.0368
106;perplexity_qwen;Baseline_V2;-19.3369;-9.1655;-12.7699;-11.247;-7.1633
107;chat_cite;Baseline_V2;1;1;0;0;0
107;sentence_cite;Baseline_V2;6;3;0;0;0
107;absolute_wordcount;Baseline_V2;103.0;46.0;0;0;0
107;position_adjusted_wordcount;Baseline_V2;64.9676;25.9423;0;0;0
107;impression_pos_count_simple;Baseline_V2;3.7858;1.6769;0;0;0
107;rvs_sentiment;Baseline_V2;-24.2584;-0.3117;0;0;0
107;rouge_l_recall;Baseline_V2;0.0678;0.0663;0.0315;0.0863;0.054
107;bleu;Baseline_V2;0.0002;0.0004;0.0;0.0;0.0
107;length_ratio;Baseline_V2;0.1343;0.1633;0.0756;0.2617;0.1396
107;perplexity_qwen;Baseline_V2;-8.539;-10.5398;-9.5919;-10.7918;-9.9512
108;chat_cite;Baseline_V2;0;0;0;0;0
108;sentence_cite;Baseline_V2;0;0;0;0;0
108;absolute_wordcount;Baseline_V2;0;0;0;0;0
108;position_adjusted_wordcount;Baseline_V2;0;0;0;0;0
108;impression_pos_count_simple;Baseline_V2;0;0;0;0;0
108;rvs_sentiment;Baseline_V2;0;0;0;0;0
108;rouge_l_recall;Baseline_V2;0.0192;0.0198;0.008;0.0328;0.017
108;bleu;Baseline_V2;0;0.0;0.0;0.0;0.0
108;length_ratio;Baseline_V2;1.2826;0.0375;0.0108;0.0908;0.0323
108;perplexity_qwen;Baseline_V2;-34.0623;-7.8465;-7.0331;-14.9271;-10.9213
109;chat_cite;Baseline_V2;0;0;0;0;0
109;sentence_cite;Baseline_V2;0;0;0;0;0
109;absolute_wordcount;Baseline_V2;0;0;0;0;0
109;position_adjusted_wordcount;Baseline_V2;0;0;0;0;0
109;impression_pos_count_simple;Baseline_V2;0;0;0;0;0
109;rvs_sentiment;Baseline_V2;0;0;0;0;0
109;rouge_l_recall;Baseline_V2;0.0348;0.0755;0.106;0.2297;0.014
109;bleu;Baseline_V2;0.0;0.0057;0.0298;0.0;0.0
109;length_ratio;Baseline_V2;0.1064;0.2948;0.5566;3.0;0.3918
109;perplexity_qwen;Baseline_V2;-6.2356;-14.3322;-7.1074;-18.9812;-3.0562
110;chat_cite;Baseline_V2;1;1;1;0;0
110;sentence_cite;Baseline_V2;2;3;6;0;0
110;absolute_wordcount;Baseline_V2;28.0;60.0;105.0;0;0
110;position_adjusted_wordcount;Baseline_V2;18.8591;34.9414;63.0526;0;0
110;impression_pos_count_simple;Baseline_V2;1.3381;1.7254;3.4584;0;0
110;rvs_sentiment;Baseline_V2;-4.5279;3.9233;19.1935;0;0
110;rouge_l_recall;Baseline_V2;0.0724;0.0893;0.0358;0.0445;0.0557
110;bleu;Baseline_V2;0.0023;0.0071;0.0;0.0;0.0002
110;length_ratio;Baseline_V2;0.2067;0.2828;0.0751;0.13;0.1327
110;perplexity_qwen;Baseline_V2;-7.1231;-5.9787;-10.4069;-11.3662;-6.007
111;chat_cite;Baseline_V2;1;1;0;0;0
111;sentence_cite;Baseline_V2;4;1;0;0;0
111;absolute_wordcount;Baseline_V2;82.0;17.0;0;0;0
111;position_adjusted_wordcount;Baseline_V2;53.6468;6.9117;0;0;0
111;impression_pos_count_simple;Baseline_V2;2.5524;0.4066;0;0;0
111;rvs_sentiment;Baseline_V2;40.0443;2.6389;0;0;0
111;rouge_l_recall;Baseline_V2;0.0591;0.0109;0.0358;0.069;0.0166
111;bleu;Baseline_V2;0.0001;0.0;0.0;0.0;0.0
111;length_ratio;Baseline_V2;0.1147;0.0278;0.1383;6.2857;0.0557
111;perplexity_qwen;Baseline_V2;-4.3288;-16.255;-12.6081;-25.5706;-14.2716
112;chat_cite;Baseline_V2;1;0;1;1;0
112;sentence_cite;Baseline_V2;8;0;4;4;0
112;absolute_wordcount;Baseline_V2;115.0;0;38.0;31.0;0
112;position_adjusted_wordcount;Baseline_V2;76.4904;0;22.0093;17.0264;0
112;impression_pos_count_simple;Baseline_V2;3.4423;0;1.4104;1.0813;0
112;rvs_sentiment;Baseline_V2;-1.3196;0;-8.8484;-10.5151;0
112;rouge_l_recall;Baseline_V2;0.0475;0.0992;0.0709;0.0505;0.2759
112;bleu;Baseline_V2;0.0;0.0;0.0018;0.0;0.0
112;length_ratio;Baseline_V2;0.1222;0.5436;0.2699;0.1811;4.1325
112;perplexity_qwen;Baseline_V2;-6.71;-11.5506;-8.4153;-8.5475;-10.7063
113;chat_cite;Baseline_V2;1;0;0;0;0
113;sentence_cite;Baseline_V2;6;0;0;0;0
113;absolute_wordcount;Baseline_V2;71.0;0;0;0;0
113;position_adjusted_wordcount;Baseline_V2;45.1851;0;0;0;0
113;impression_pos_count_simple;Baseline_V2;3.8391;0;0;0;0
113;rvs_sentiment;Baseline_V2;4.0658;0;0;0;0
113;rouge_l_recall;Baseline_V2;0.0735;0.0331;0.1312;0.3049;0.0552
113;bleu;Baseline_V2;0.0004;0.0;0.0;0.0;0.0
113;length_ratio;Baseline_V2;0.1558;0.0912;1.0641;5.3896;0.2164
113;perplexity_qwen;Baseline_V2;-12.47;-7.2787;-14.0428;-14.4556;-5.7232
114;chat_cite;Baseline_V2;1;1;1;1;1
114;sentence_cite;Baseline_V2;1;3;1;1;3
114;absolute_wordcount;Baseline_V2;6.0;23.5;9.0;8.5;30.0
114;position_adjusted_wordcount;Baseline_V2;4.5089;13.1848;3.6417;4.1611;18.5102
114;impression_pos_count_simple;Baseline_V2;0.3757;0.8742;0.2023;0.2448;1.2574
114;rvs_sentiment;Baseline_V2;2.4636;-2.73;-1.9898;0.0;-0.6589
114;rouge_l_recall;Baseline_V2;0.0723;0.0838;0.0539;0.0576;0.0534
114;bleu;Baseline_V2;0.0029;0.0073;0.001;0.0;0.0003
114;length_ratio;Baseline_V2;0.2657;0.2636;0.2007;0.2885;0.1491
114;perplexity_qwen;Baseline_V2;-10.7218;-12.48;-14.3632;-11.0243;-10.994
115;chat_cite;Baseline_V2;1;1;1;0;1
115;sentence_cite;Baseline_V2;6;2;2;0;2
115;absolute_wordcount;Baseline_V2;104.0;34.0;30.0;0;33.0
115;position_adjusted_wordcount;Baseline_V2;78.1061;18.754;13.6777;0;12.9955
115;impression_pos_count_simple;Baseline_V2;4.3272;1.1032;0.9118;0;0.7905
115;rvs_sentiment;Baseline_V2;2.4806;14.967;4.4601;0;6.2165
115;rouge_l_recall;Baseline_V2;0.0278;0.0821;0.0607;0.084;0.0565
115;bleu;Baseline_V2;0.0;0.0054;0.001;0.0;0.0
115;length_ratio;Baseline_V2;0.0654;0.3121;0.2196;0.4217;0.2298
115;perplexity_qwen;Baseline_V2;-15.4285;-15.6052;-7.514;-11.7574;-12.9128
116;chat_cite;Baseline_V2;1;1;0;0;1
116;sentence_cite;Baseline_V2;7;2;0;0;2
116;absolute_wordcount;Baseline_V2;71.0;14.0;0;0;10.0
116;position_adjusted_wordcount;Baseline_V2;46.5168;6.9265;0;0;4.4272
116;impression_pos_count_simple;Baseline_V2;4.014;0.6174;0;0;0.5653
116;rvs_sentiment;Baseline_V2;-6.1012;2.5018;0;0;-1.1068
116;rouge_l_recall;Baseline_V2;0.0548;0.0415;0.0691;0.0323;0.0647
116;bleu;Baseline_V2;0.0;0.0;0.0;0.0;0.0025
116;length_ratio;Baseline_V2;0.1692;0.1744;0.3589;0.1292;0.2894
116;perplexity_qwen;Baseline_V2;-12.7185;-10.029;-15.0263;-11.5467;-12.0984
117;chat_cite;Baseline_V2;1;1;1;1;1
117;sentence_cite;Baseline_V2;6;6;3;6;2
117;absolute_wordcount;Baseline_V2;55.0;52.5;30.0;62.0;19.5
117;position_adjusted_wordcount;Baseline_V2;36.5136;27.4617;16.085;32.455;8.0734
117;impression_pos_count_simple;Baseline_V2;1.9811;1.5834;1.0743;1.5444;0.418
117;rvs_sentiment;Baseline_V2;36.8021;20.5075;1.2943;32.758;2.3245
117;rouge_l_recall;Baseline_V2;0.111;0.0571;0.0652;0.0809;0.0182
117;bleu;Baseline_V2;0.0165;0.0;0.0;0.0;0.0
117;length_ratio;Baseline_V2;0.4082;0.1804;0.2877;0.4204;0.0444
117;perplexity_qwen;Baseline_V2;-11.8766;-12.4535;-17.2171;-8.9734;-13.6394
118;chat_cite;Baseline_V2;1;1;1;0;1
118;sentence_cite;Baseline_V2;2;3;2;0;4
118;absolute_wordcount;Baseline_V2;28.0;21.1667;18.6667;0;40.1667
118;position_adjusted_wordcount;Baseline_V2;21.6629;11.2106;9.8878;0;17.4262
118;impression_pos_count_simple;Baseline_V2;1.5602;1.0279;0.7063;0;1.216
118;rvs_sentiment;Baseline_V2;-4.4391;-1.1101;5.9127;0;-3.8137
118;rouge_l_recall;Baseline_V2;0.0482;0.0589;0.1289;0.0704;0.056
118;bleu;Baseline_V2;0.0;0.0;0.0135;0.0;0.0
118;length_ratio;Baseline_V2;0.1744;0.1864;0.6325;0.3684;0.2118
118;perplexity_qwen;Baseline_V2;-7.7971;-12.6562;-9.0116;-13.8031;-13.8482
119;chat_cite;Baseline_V2;1;1;1;1;0
119;sentence_cite;Baseline_V2;8;3;3;2;0
119;absolute_wordcount;Baseline_V2;166.0;51.0;43.0;18.0;0
119;position_adjusted_wordcount;Baseline_V2;113.4815;36.4148;23.2928;9.7243;0
119;impression_pos_count_simple;Baseline_V2;5.3899;1.9273;1.5096;0.9744;0
119;rvs_sentiment;Baseline_V2;64.528;25.0295;15.0172;1.2731;0
119;rouge_l_recall;Baseline_V2;0.0318;0.0678;0.0758;0.129;0.0332
119;bleu;Baseline_V2;0.0;0.0017;0.0;0.0162;0.0
119;length_ratio;Baseline_V2;0.076;0.2236;0.2799;0.8858;1.799
119;perplexity_qwen;Baseline_V2;-4.3607;-6.6035;-10.5397;-24.9522;-8.8936
120;chat_cite;Baseline_V2;1;1;1;0;1
120;sentence_cite;Baseline_V2;4;1;3;0;3
120;absolute_wordcount;Baseline_V2;70.0;0.0;52.0;0;60.0
120;position_adjusted_wordcount;Baseline_V2;55.7594;0.0;35.7128;0;28.4405
120;impression_pos_count_simple;Baseline_V2;2.4165;0.092;1.4677;0;1.04
120;rvs_sentiment;Baseline_V2;9.1516;0.0;21.8705;0;14.4104
120;rouge_l_recall;Baseline_V2;0.1307;0.0759;0.0394;0.0298;0.0327
120;bleu;Baseline_V2;0.0299;0.0;0.0;0.0;0.0
120;length_ratio;Baseline_V2;0.6439;0.3366;0.0985;0.0901;0.0836
120;perplexity_qwen;Baseline_V2;-15.6756;-8.4238;-14.2716;-12.5886;-13.3471
121;chat_cite;Baseline_V2;1;0;0;0;0
121;sentence_cite;Baseline_V2;2;0;0;0;0
121;absolute_wordcount;Baseline_V2;10.0;0;0;0;0
121;position_adjusted_wordcount;Baseline_V2;5.9057;0;0;0;0
121;impression_pos_count_simple;Baseline_V2;1.1811;0;0;0;0
121;rvs_sentiment;Baseline_V2;0.0;0;0;0;0
121;rouge_l_recall;Baseline_V2;0.0562;0.0438;0.0512;0.0201;0.0482
121;bleu;Baseline_V2;0.0;0.0;0.0;0.0;0.0
121;length_ratio;Baseline_V2;0.3669;0.1994;0.3379;0.0603;2.3057
121;perplexity_qwen;Baseline_V2;-15.9072;-11.5745;-12.1924;-10.3577;-392.8612
122;chat_cite;Baseline_V2;1;0;1;0;0
122;sentence_cite;Baseline_V2;2;0;1;0;0
122;absolute_wordcount;Baseline_V2;37.0;0;22.0;0;0
122;position_adjusted_wordcount;Baseline_V2;24.0893;0;12.7507;0;0
122;impression_pos_count_simple;Baseline_V2;1.3299;0;0.5796;0;0
122;rvs_sentiment;Baseline_V2;6.5432;0;4.6056;0;0
122;rouge_l_recall;Baseline_V2;0.1189;0.0506;0.0539;0.013;0.0662
122;bleu;Baseline_V2;0.0145;0.0;0.0008;0.0;0.0
122;length_ratio;Baseline_V2;0.338;0.1337;0.1775;0.0315;0.4264
122;perplexity_qwen;Baseline_V2;-14.0996;-8.6418;-8.8507;-7.6478;-7.0221
123;chat_cite;Baseline_V2;1;1;1;1;1
123;sentence_cite;Baseline_V2;14;2;1;1;3
123;absolute_wordcount;Baseline_V2;222.6667;31.0;10.5;5.6667;37.1667
123;position_adjusted_wordcount;Baseline_V2;151.0725;14.1405;5.2544;3.3073;18.2925
123;impression_pos_count_simple;Baseline_V2;9.0612;0.9106;0.2502;0.1945;0.9081
123;rvs_sentiment;Baseline_V2;54.8858;1.7436;6.816;3.5838;18.093
123;rouge_l_recall;Baseline_V2;0.0806;0.0531;0.0675;0.0465;0.034
123;bleu;Baseline_V2;0.0018;0.0;0.0027;0.0;0.0
123;length_ratio;Baseline_V2;0.1974;0.2598;0.2671;0.1755;0.1036
123;perplexity_qwen;Baseline_V2;-10.2003;-19.6379;-8.4083;-17.2025;-7.4167
124;chat_cite;Baseline_V2;1;1;0;0;0
124;sentence_cite;Baseline_V2;5;4;0;0;0
124;absolute_wordcount;Baseline_V2;47.0;30.0;0;0;0
124;position_adjusted_wordcount;Baseline_V2;26.7455;17.1638;0;0;0
124;impression_pos_count_simple;Baseline_V2;2.6292;2.0923;0;0;0
124;rvs_sentiment;Baseline_V2;14.1098;4.095;0;0;0
124;rouge_l_recall;Baseline_V2;0.0595;0.0425;0.0336;0.0343;0.0396
124;bleu;Baseline_V2;0.0;0.0;0.0;0.0;0.0
124;length_ratio;Baseline_V2;0.1212;0.1119;0.0823;0.1235;0.1088
124;perplexity_qwen;Baseline_V2;-7.4198;-11.8988;-10.4853;-7.1865;-10.0987
125;chat_cite;Baseline_V2;1;1;0;1;1
125;sentence_cite;Baseline_V2;7;4;0;3;1
125;absolute_wordcount;Baseline_V2;91.0;45.5;0;43.5;12.0
125;position_adjusted_wordcount;Baseline_V2;57.7186;28.4995;0;23.0858;7.0893
125;impression_pos_count_simple;Baseline_V2;3.0859;1.5517;0;1.058;0.2954
125;rvs_sentiment;Baseline_V2;27.6162;16.1976;0;2.99;3.1859
125;rouge_l_recall;Baseline_V2;0.0847;0.0905;0.0673;0.0875;0.0575
125;bleu;Baseline_V2;0.0051;0.0155;0.0;0.0092;0.0011
125;length_ratio;Baseline_V2;0.2252;0.3336;0.2586;0.3748;0.1845
125;perplexity_qwen;Baseline_V2;-8.3754;-12.3149;-16.4315;-8.3454;-13.6403
126;chat_cite;Baseline_V2;1;1;0;0;1
126;sentence_cite;Baseline_V2;7;4;0;0;6
126;absolute_wordcount;Baseline_V2;124.3333;59.3333;0;0;104.3333
126;position_adjusted_wordcount;Baseline_V2;92.9731;31.0835;0;0;59.7263
126;impression_pos_count_simple;Baseline_V2;4.6302;1.8459;0;0;3.0084
126;rvs_sentiment;Baseline_V2;47.4479;18.8757;0;0;31.5198
126;rouge_l_recall;Baseline_V2;0.0731;0.0367;0.0873;0.0655;0.0437
126;bleu;Baseline_V2;0.0035;0.0;0.0;0.0;0.0
126;length_ratio;Baseline_V2;0.2226;0.0834;0.4857;0.3193;0.1061
126;perplexity_qwen;Baseline_V2;-6.034;-4.7721;-18.3626;-17.4567;-8.4951
127;chat_cite;Baseline_V2;1;1;1;1;1
127;sentence_cite;Baseline_V2;3;3;4;1;4
127;absolute_wordcount;Baseline_V2;43.8333;48.0;50.8333;9.3333;67.0
127;position_adjusted_wordcount;Baseline_V2;29.1154;29.6853;31.0547;5.9242;40.1855
127;impression_pos_count_simple;Baseline_V2;1.3566;1.7812;1.2127;0.2116;2.08
127;rvs_sentiment;Baseline_V2;24.7765;10.0988;62.4297;15.791;40.0173
127;rouge_l_recall;Baseline_V2;0.0566;0.073;0.0396;0.0224;0.0607
127;bleu;Baseline_V2;0.0022;0.0029;0.0;0.0;0.0
127;length_ratio;Baseline_V2;0.2502;0.2412;0.0983;0.0622;0.2383
127;perplexity_qwen;Baseline_V2;-15.156;-4.3284;-7.8357;-7.4484;-12.5923
128;chat_cite;Baseline_V2;1;1;1;0;0
128;sentence_cite;Baseline_V2;8;3;1;0;0
128;absolute_wordcount;Baseline_V2;122.0;54.0;20.0;0;0
128;position_adjusted_wordcount;Baseline_V2;74.9816;27.8194;12.4229;0;0
128;impression_pos_count_simple;Baseline_V2;5.0903;1.5414;0.6211;0;0
128;rvs_sentiment;Baseline_V2;40.6097;18.424;6.1357;0;0
128;rouge_l_recall;Baseline_V2;0.0338;0.0258;0.0656;0.0326;0.0587
128;bleu;Baseline_V2;0.0;0.0;0.0034;0.0;0.0011
128;length_ratio;Baseline_V2;0.0815;0.0758;0.3709;0.1006;0.2349
128;perplexity_qwen;Baseline_V2;-5.6635;-16.9186;-19.7858;-6.1595;-16.0784
129;chat_cite;Baseline_V2;1;1;1;0;0
129;sentence_cite;Baseline_V2;8;7;3;0;0
129;absolute_wordcount;Baseline_V2;113.0;105.0;56.0;0;0
129;position_adjusted_wordcount;Baseline_V2;73.8249;71.4968;33.3669;0;0
129;impression_pos_count_simple;Baseline_V2;4.1609;3.7035;1.802;0;0
129;rvs_sentiment;Baseline_V2;52.3898;24.245;7.1094;0;0
129;rouge_l_recall;Baseline_V2;0.1162;0.0499;0.0777;0.0777;0
129;bleu;Baseline_V2;0.0295;0.0005;0.0056;0.0056;0
129;length_ratio;Baseline_V2;0.4953;0.1724;0.2971;0.2971;0.0
129;perplexity_qwen;Baseline_V2;-8.9213;-10.6924;-9.8596;-9.8596;0.0
130;chat_cite;Baseline_V2;0;0;0;0;0
130;sentence_cite;Baseline_V2;0;0;0;0;0
130;absolute_wordcount;Baseline_V2;0;0;0;0;0
130;position_adjusted_wordcount;Baseline_V2;0;0;0;0;0
130;impression_pos_count_simple;Baseline_V2;0;0;0;0;0
130;rvs_sentiment;Baseline_V2;0;0;0;0;0
130;rouge_l_recall;Baseline_V2;0.0848;0.0486;0.0787;0.0243;0.1595
130;bleu;Baseline_V2;0.0042;0.0;0.0;0.0;0.0
130;length_ratio;Baseline_V2;0.2657;0.1702;0.4507;0.0612;1.694
130;perplexity_qwen;Baseline_V2;-7.1027;-6.6366;-8.798;-8.367;-16.3397
131;chat_cite;Baseline_V2;1;1;1;1;1
131;sentence_cite;Baseline_V2;4;1;3;2;2
131;absolute_wordcount;Baseline_V2;79.0;20.0;59.0;36.0;32.0
131;position_adjusted_wordcount;Baseline_V2;50.0673;14.1481;32.0422;20.1312;18.2803
131;impression_pos_count_simple;Baseline_V2;2.5885;0.7074;1.5595;1.1184;1.1453
131;rvs_sentiment;Baseline_V2;20.8215;-10.0395;15.8316;13.057;-6.2153
131;rouge_l_recall;Baseline_V2;0.0703;0.0394;0.0521;0.1397;0.0769
131;bleu;Baseline_V2;0.0032;0.0;0.0009;0.0;0.0
131;length_ratio;Baseline_V2;0.2674;0.1128;0.2123;0.7739;0.2543
131;perplexity_qwen;Baseline_V2;-11.8361;-5.8725;-17.7967;-9.5387;-7.5647
132;chat_cite;Baseline_V2;1;0;1;0;1
132;sentence_cite;Baseline_V2;6;0;4;0;1
132;absolute_wordcount;Baseline_V2;127.0;0;67.0;0;14.0
132;position_adjusted_wordcount;Baseline_V2;80.2139;0;33.2272;0;11.8507
132;impression_pos_count_simple;Baseline_V2;3.6335;0;2.0689;0;0.8465
132;rvs_sentiment;Baseline_V2;31.2898;0;-1.6929;0;7.1033
132;rouge_l_recall;Baseline_V2;0.1218;0.0894;0.099;0.0378;0.0415
132;bleu;Baseline_V2;0.0074;0.0;0.0049;0.0;0.0001
132;length_ratio;Baseline_V2;0.2892;1.3441;0.298;0.1271;0.1356
132;perplexity_qwen;Baseline_V2;-12.3149;-12.6054;-5.9787;-5.1485;-10.1313
133;chat_cite;Baseline_V2;1;1;1;0;0
133;sentence_cite;Baseline_V2;7;1;5;0;0
133;absolute_wordcount;Baseline_V2;29.5;0.0;9.5;0;0
133;position_adjusted_wordcount;Baseline_V2;13.5078;0.0;4.0604;0;0
133;impression_pos_count_simple;Baseline_V2;2.8513;0.2744;1.3806;0;0
133;rvs_sentiment;Baseline_V2;3.5764;0.0;3.5764;0;0
133;rouge_l_recall;Baseline_V2;0.0406;0.035;0.0599;0.0327;0.1005
133;bleu;Baseline_V2;0.0;0.0;0.0005;0.0;0.0
133;length_ratio;Baseline_V2;0.0828;0.1027;0.1925;0.1236;0.6859
133;perplexity_qwen;Baseline_V2;-8.401;-10.8917;-5.2375;-11.5371;-12.2241
134;chat_cite;Baseline_V2;1;0;1;1;0
134;sentence_cite;Baseline_V2;11;0;5;2;0
134;absolute_wordcount;Baseline_V2;161.5;0;35.0;10.5;0
134;position_adjusted_wordcount;Baseline_V2;116.289;0;17.4879;5.2544;0
134;impression_pos_count_simple;Baseline_V2;5.3742;0;1.1309;0.3728;0
134;rvs_sentiment;Baseline_V2;41.2738;0;7.455;6.299;0
134;rouge_l_recall;Baseline_V2;0.0493;0.0444;0.043;0.0464;0.0609
134;bleu;Baseline_V2;0.0;0.0001;0.0001;0.0002;0.0
134;length_ratio;Baseline_V2;0.1095;0.1279;0.1437;0.1438;0.2678
134;perplexity_qwen;Baseline_V2;-10.3032;-7.1472;-10.0423;-10.9426;-11.1571
135;chat_cite;Baseline_V2;1;0;1;1;1
135;sentence_cite;Baseline_V2;3;0;3;1;1
135;absolute_wordcount;Baseline_V2;50.0;0;60.0;13.0;20.0
135;position_adjusted_wordcount;Baseline_V2;25.5946;0;35.6318;8.7142;14.3306
135;impression_pos_count_simple;Baseline_V2;1.5287;0;1.7597;0.6703;0.7165
135;rvs_sentiment;Baseline_V2;2.8784;0;15.7215;3.1476;0.3697
135;rouge_l_recall;Baseline_V2;0.0325;0.0375;0.0308;0.0235;0.0573
135;bleu;Baseline_V2;0.0;0.0;0.0;0.0;0.0005
135;length_ratio;Baseline_V2;0.0864;0.1157;0.0725;0.0464;0.1778
135;perplexity_qwen;Baseline_V2;-7.4887;-10.0423;-12.0437;-4.7721;-7.3572
136;chat_cite;Baseline_V2;1;0;1;1;0
136;sentence_cite;Baseline_V2;3;0;2;4;0
136;absolute_wordcount;Baseline_V2;50.0;0;30.0;75.0;0
136;position_adjusted_wordcount;Baseline_V2;36.5909;0;22.3077;36.7097;0
136;impression_pos_count_simple;Baseline_V2;1.634;0;0.9414;1.6174;0
136;rvs_sentiment;Baseline_V2;10.1448;0;9.0265;7.6829;0
136;rouge_l_recall;Baseline_V2;0.0296;0.0513;0.0762;0.028;0.0318
136;bleu;Baseline_V2;0.0;0.0;0.0;0.0;0.0
136;length_ratio;Baseline_V2;0.0611;0.2478;0.3176;0.0682;0.0939
136;perplexity_qwen;Baseline_V2;-6.3174;-8.4238;-7.7012;-10.4509;-4.8708
137;chat_cite;Baseline_V2;1;1;1;1;0
137;sentence_cite;Baseline_V2;7;2;2;2;0
137;absolute_wordcount;Baseline_V2;96.0;23.5;30.5;39.0;0
137;position_adjusted_wordcount;Baseline_V2;62.809;14.492;13.9464;15.539;0
137;impression_pos_count_simple;Baseline_V2;3.6438;0.6236;0.6855;0.7933;0
137;rvs_sentiment;Baseline_V2;15.2437;6.6592;5.1817;2.4994;0
137;rouge_l_recall;Baseline_V2;0.0549;0.0562;0.0624;0.0949;0.0895
137;bleu;Baseline_V2;0.0006;0.0;0.0012;0.0051;0.0037
137;length_ratio;Baseline_V2;0.1667;0.2032;0.1815;0.331;0.2977
137;perplexity_qwen;Baseline_V2;-12.7772;-12.4763;-7.0136;-5.6617;-7.5105
138;chat_cite;Baseline_V2;1;1;0;0;0
138;sentence_cite;Baseline_V2;6;1;0;0;0
138;absolute_wordcount;Baseline_V2;93.0;11.0;0;0;0
138;position_adjusted_wordcount;Baseline_V2;54.5581;4.7806;0;0;0
138;impression_pos_count_simple;Baseline_V2;3.4648;0.4346;0;0;0
138;rvs_sentiment;Baseline_V2;2.475;2.8009;0;0;0
138;rouge_l_recall;Baseline_V2;0.0479;0.0436;0.0801;0.0198;0.0388
138;bleu;Baseline_V2;0.0001;0.0001;0.003;0.0;0.0
138;length_ratio;Baseline_V2;0.12;0.1358;0.2793;0.0508;0.1068
138;perplexity_qwen;Baseline_V2;-8.401;-16.8511;-5.2375;-13.786;-10.2898
139;chat_cite;Baseline_V2;1;0;1;1;1
139;sentence_cite;Baseline_V2;3;0;1;4;3
139;absolute_wordcount;Baseline_V2;53.0;0;5.5;53.5;44.0
139;position_adjusted_wordcount;Baseline_V2;28.6086;0;3.3359;25.2788;21.8695
139;impression_pos_count_simple;Baseline_V2;1.7175;0;0.3033;1.7025;1.614
139;rvs_sentiment;Baseline_V2;5.5189;0;2.5473;2.2598;3.5996
139;rouge_l_recall;Baseline_V2;0.0672;0.0822;0.2683;0.0551;0.087
139;bleu;Baseline_V2;0.0;0.0;0.0;0.0007;0.005
139;length_ratio;Baseline_V2;0.2137;0.3263;3.7179;0.1897;0.3773
139;perplexity_qwen;Baseline_V2;-6.2351;-17.164;-14.177;-4.8992;-15.7839
140;chat_cite;Baseline_V2;1;1;1;0;1
140;sentence_cite;Baseline_V2;1;3;3;0;3
140;absolute_wordcount;Baseline_V2;13.0;34.5;36.0;0;32.5
140;position_adjusted_wordcount;Baseline_V2;11.0043;14.4492;18.9252;0;17.1435
140;impression_pos_count_simple;Baseline_V2;0.8465;0.8341;0.7527;0;0.7353
140;rvs_sentiment;Baseline_V2;-6.4474;3.443;1.9685;0;2.8114
140;rouge_l_recall;Baseline_V2;0.0973;0.0704;0.0587;0.0921;0.0609
140;bleu;Baseline_V2;0.0;0.0019;0.0007;0.0;0.001
140;length_ratio;Baseline_V2;0.3614;0.2275;0.1912;0.4366;0.229
140;perplexity_qwen;Baseline_V2;-4.2381;-7.6049;-9.2001;-7.4389;-8.0372
141;chat_cite;Baseline_V2;1;1;1;0;0
141;sentence_cite;Baseline_V2;1;2;1;0;0
141;absolute_wordcount;Baseline_V2;16.0;34.0;12.0;0;0
141;position_adjusted_wordcount;Baseline_V2;9.1801;18.3468;4.9333;0;0
141;impression_pos_count_simple;Baseline_V2;0.5738;1.1006;0.4111;0;0
141;rvs_sentiment;Baseline_V2;0.0;3.1529;0.0;0;0
141;rouge_l_recall;Baseline_V2;0.0688;0.0429;0.0418;0.0297;0.0498
141;bleu;Baseline_V2;0.0025;0.0;0.0;0.0;0.0001
141;length_ratio;Baseline_V2;0.2562;0.1167;0.1315;0.072;0.1487
141;perplexity_qwen;Baseline_V2;-11.0971;-12.8974;-8.7728;-5.7573;-6.4402
142;chat_cite;Baseline_V2;1;1;1;1;1
142;sentence_cite;Baseline_V2;2;2;2;2;2
142;absolute_wordcount;Baseline_V2;38.0;32.0;37.0;26.0;34.0
142;position_adjusted_wordcount;Baseline_V2;27.5301;16.5125;26.6849;13.6412;15.3509
142;impression_pos_count_simple;Baseline_V2;1.449;1.0127;1.4447;1.0432;0.9133
142;rvs_sentiment;Baseline_V2;5.7696;9.5344;6.0561;4.7993;9.3085
142;rouge_l_recall;Baseline_V2;0.0667;0.0679;0.0712;0.0623;0.0989
142;bleu;Baseline_V2;0.0;0.0;0.0;0.0;0.0
142;length_ratio;Baseline_V2;0.3263;0.3106;0.2918;0.2273;0.488
142;perplexity_qwen;Baseline_V2;-13.5639;-6.7503;-10.7657;-13.9675;-7.2432
143;chat_cite;Baseline_V2;1;1;1;1;0
143;sentence_cite;Baseline_V2;5;2;5;3;0
143;absolute_wordcount;Baseline_V2;25.8333;24.0;25.8333;35.3333;0
143;position_adjusted_wordcount;Baseline_V2;16.924;12.0418;16.924;15.4171;0
143;impression_pos_count_simple;Baseline_V2;1.5884;0.9935;1.5884;1.0015;0
143;rvs_sentiment;Baseline_V2;2.0542;-1.1007;2.0542;2.6655;0
143;rouge_l_recall;Baseline_V2;0.1353;0.0795;0.1217;0.0592;0.0298
143;bleu;Baseline_V2;0.0;0.0;0.0;0.0014;0.0
143;length_ratio;Baseline_V2;0.6981;0.4695;0.5891;0.21;0.0917
143;perplexity_qwen;Baseline_V2;-12.0653;-24.6185;-12.2553;-8.7925;-4.0944
144;chat_cite;Baseline_V2;1;1;0;1;0
144;sentence_cite;Baseline_V2;5;2;0;1;0
144;absolute_wordcount;Baseline_V2;75.0;42.0;0;16.0;0
144;position_adjusted_wordcount;Baseline_V2;52.3829;24.5857;0;7.4139;0
144;impression_pos_count_simple;Baseline_V2;3.3449;1.1707;0;0.4634;0
144;rvs_sentiment;Baseline_V2;21.1191;-9.0115;0;-2.5207;0
144;rouge_l_recall;Baseline_V2;0.1258;0.0532;0.1229;0.0548;0.1561
144;bleu;Baseline_V2;0.0;0.0002;0.0;0.0002;0.0
144;length_ratio;Baseline_V2;0.4206;0.1435;0.6573;0.1517;1.093
144;perplexity_qwen;Baseline_V2;-11.1879;-8.8568;-9.564;-9.7046;-11.5018
145;chat_cite;Baseline_V2;1;1;0;0;1
145;sentence_cite;Baseline_V2;3;2;0;0;1
145;absolute_wordcount;Baseline_V2;41.5;20.5;0;0;17.0
145;position_adjusted_wordcount;Baseline_V2;29.1197;9.7894;0;0;10.0432
145;impression_pos_count_simple;Baseline_V2;1.7174;0.7199;0;0;0.5908
145;rvs_sentiment;Baseline_V2;19.1231;5.2995;0;0;3.6276
145;rouge_l_recall;Baseline_V2;0.0727;0.048;0.0438;0.0293;0.0636
145;bleu;Baseline_V2;0.0;0.0;0.0;0.0;0.0031
145;length_ratio;Baseline_V2;0.3015;0.171;0.2021;0.1104;0.2759
145;perplexity_qwen;Baseline_V2;-12.8213;-7.7434;-8.6975;-8.1031;-7.3726
146;chat_cite;Baseline_V2;1;1;0;0;1
146;sentence_cite;Baseline_V2;5;4;0;0;1
146;absolute_wordcount;Baseline_V2;103.3333;73.3333;0;0;9.3333
146;position_adjusted_wordcount;Baseline_V2;67.1541;45.7229;0;0;3.4335
146;impression_pos_count_simple;Baseline_V2;2.6343;2.0623;0;0;0.1226
146;rvs_sentiment;Baseline_V2;21.6533;17.7807;0;0;5.4253
146;rouge_l_recall;Baseline_V2;0.064;0.1047;0.0495;0.0639;0.0739
146;bleu;Baseline_V2;0.0006;0.0;0.0;0.0;0.0
146;length_ratio;Baseline_V2;0.1605;0.4667;0.1776;0.2585;0.3
146;perplexity_qwen;Baseline_V2;-8.3754;-14.4236;-15.1585;-11.2904;-7.8411
147;chat_cite;Baseline_V2;1;1;1;0;1
147;sentence_cite;Baseline_V2;7;2;1;0;2
147;absolute_wordcount;Baseline_V2;79.5;17.0;10.0;0;16.5
147;position_adjusted_wordcount;Baseline_V2;44.8249;11.2069;3.9324;0;8.1103
147;impression_pos_count_simple;Baseline_V2;2.5935;0.6516;0.1966;0;0.4991
147;rvs_sentiment;Baseline_V2;12.6809;6.724;1.2041;0;-2.3324
147;rouge_l_recall;Baseline_V2;0.0646;0.0727;0.0776;0.0524;0.0586
147;bleu;Baseline_V2;0.0;0.0017;0.0;0.0005;0.0
147;length_ratio;Baseline_V2;0.1372;0.2254;0.2921;0.19;0.1962
147;perplexity_qwen;Baseline_V2;-13.8613;-10.1897;-8.2744;-18.303;-5.5588
148;chat_cite;Baseline_V2;1;1;1;1;1
148;sentence_cite;Baseline_V2;6;3;4;7;3
148;absolute_wordcount;Baseline_V2;54.5;20.5;31.5;66.0;31.5
148;position_adjusted_wordcount;Baseline_V2;29.7792;13.623;13.8802;35.2495;14.6643
148;impression_pos_count_simple;Baseline_V2;1.7471;1.0328;0.7528;1.9023;0.9337
148;rvs_sentiment;Baseline_V2;21.1272;5.1348;7.4443;32.9034;-1.2712
148;rouge_l_recall;Baseline_V2;0.0717;0.112;0.0695;0.1551;0.1345
148;bleu;Baseline_V2;0.002;0.0103;0.0038;0.0342;0.0381
148;length_ratio;Baseline_V2;0.2505;0.5376;0.2719;0.5453;0.6037
148;perplexity_qwen;Baseline_V2;-10.8849;-7.493;-9.1528;-3.6741;-5.1682
149;chat_cite;Baseline_V2;1;1;1;1;0
149;sentence_cite;Baseline_V2;6;2;3;2;0
149;absolute_wordcount;Baseline_V2;51.0;18.0;22.0;12.0;0
149;position_adjusted_wordcount;Baseline_V2;33.5474;12.207;12.8448;6.319;0
149;impression_pos_count_simple;Baseline_V2;2.2245;0.6644;0.8549;0.5082;0
149;rvs_sentiment;Baseline_V2;0.6534;10.8757;-3.767;3.8801;0
149;rouge_l_recall;Baseline_V2;0.0674;0.0384;0.0634;0.0774;0.0858
149;bleu;Baseline_V2;0.0;0.0;0.0;0.0059;0.0
149;length_ratio;Baseline_V2;0.1821;0.1055;0.2292;0.2919;0.5629
149;perplexity_qwen;Baseline_V2;-19.615;-5.9291;-8.4648;-8.7728;-12.6361
150;chat_cite;Baseline_V2;1;1;1;0;1
150;sentence_cite;Baseline_V2;6;3;7;0;1
150;absolute_wordcount;Baseline_V2;100.0;44.5;85.5;0;19.0
150;position_adjusted_wordcount;Baseline_V2;76.4776;22.1602;45.7319;0;9.4002
150;impression_pos_count_simple;Baseline_V2;4.2073;1.2613;3.16;0;0.4947
150;rvs_sentiment;Baseline_V2;12.0222;10.1423;30.9256;0;-2.9912
150;rouge_l_recall;Baseline_V2;0.1046;0.0875;0.0897;0.0756;0.064
150;bleu;Baseline_V2;0.0;0.0;0.0073;0.0041;0.0
150;length_ratio;Baseline_V2;0.4875;0.4031;0.3606;0.3438;0.3212
150;perplexity_qwen;Baseline_V2;-16.2998;-10.7719;-13.3455;-9.4368;-12.7006
151;chat_cite;Baseline_V2;1;1;1;1;1
151;sentence_cite;Baseline_V2;5;2;2;5;5
151;absolute_wordcount;Baseline_V2;40.5;17.0;16.0;39.5;44.0
151;position_adjusted_wordcount;Baseline_V2;26.4949;12.8186;11.1928;20.6612;17.8358
151;impression_pos_count_simple;Baseline_V2;1.5838;0.7239;0.6947;1.3689;1.2397
151;rvs_sentiment;Baseline_V2;15.3916;20.5086;-0.3384;12.2037;0.0436
151;rouge_l_recall;Baseline_V2;0.089;0.0284;0.1268;0.071;0.0444
151;bleu;Baseline_V2;0.0098;0.0039;0.0118;0.0014;0.0001
151;length_ratio;Baseline_V2;0.3962;0.5019;0.6003;0.1941;0.1321
151;perplexity_qwen;Baseline_V2;-13.9945;-7.4248;-9.4132;-6.3969;-10.4363
152;chat_cite;Baseline_V2;1;1;1;1;1
152;sentence_cite;Baseline_V2;1;6;3;2;1
152;absolute_wordcount;Baseline_V2;26.0;139.0;55.0;35.0;13.0
152;position_adjusted_wordcount;Baseline_V2;24.667;84.6713;30.7348;22.535;5.6004
152;impression_pos_count_simple;Baseline_V2;0.9487;3.635;1.6697;1.2791;0.4308
152;rvs_sentiment;Baseline_V2;7.849;16.5701;2.1791;13.0797;0.0
152;rouge_l_recall;Baseline_V2;0.0833;0.0775;0.0888;0.0731;0.0332
152;bleu;Baseline_V2;0.0112;0.0021;0.0054;0.0036;0.0
152;length_ratio;Baseline_V2;0.4123;0.2098;0.2477;0.2993;0.0694
152;perplexity_qwen;Baseline_V2;-8.4238;-9.8588;-4.048;-12.6081;-3.1983
153;chat_cite;Baseline_V2;1;0;1;1;1
153;sentence_cite;Baseline_V2;7;0;7;2;3
153;absolute_wordcount;Baseline_V2;67.1667;0;89.6667;24.0;17.1667
153;position_adjusted_wordcount;Baseline_V2;41.9213;0;65.3816;11.929;7.0138
153;impression_pos_count_simple;Baseline_V2;3.0469;0;4.2041;0.9941;0.5414
153;rvs_sentiment;Baseline_V2;11.2394;0;10.0159;3.5129;-2.3564
153;rouge_l_recall;Baseline_V2;0.0669;0.0982;0.0838;0.0753;0.0743
153;bleu;Baseline_V2;0.0;0.0;0.0038;0.0;0.0
153;length_ratio;Baseline_V2;0.2595;0.5106;0.2978;0.3619;0.2901
153;perplexity_qwen;Baseline_V2;-9.4049;-12.5948;-10.858;-12.7006;-14.1118
154;chat_cite;Baseline_V2;1;1;0;1;0
154;sentence_cite;Baseline_V2;6;3;0;6;0
154;absolute_wordcount;Baseline_V2;55.0;24.5;0;45.5;0
154;position_adjusted_wordcount;Baseline_V2;35.0682;11.0818;0;22.9778;0
154;impression_pos_count_simple;Baseline_V2;2.4699;0.6117;0;1.4492;0
154;rvs_sentiment;Baseline_V2;9.4564;1.0312;0;6.3905;0
154;rouge_l_recall;Baseline_V2;0.0804;0.069;0.0597;0.0603;0.0147
154;bleu;Baseline_V2;0.0075;0.0027;0.0;0.0014;0
154;length_ratio;Baseline_V2;0.2945;0.2766;0.3006;0.2411;0.6203
154;perplexity_qwen;Baseline_V2;-12.7029;-10.9181;-11.6607;-14.9134;-37.3947
155;chat_cite;Baseline_V2;1;1;1;0;1
155;sentence_cite;Baseline_V2;4;4;4;0;4
155;absolute_wordcount;Baseline_V2;35.5;56.0;38.0;0;46.5
155;position_adjusted_wordcount;Baseline_V2;23.946;38.8806;21.5326;0;26.6916
155;impression_pos_count_simple;Baseline_V2;1.4091;2.1557;1.9336;0;1.1788
155;rvs_sentiment;Baseline_V2;5.0232;9.7234;9.9962;0;21.1746
155;rouge_l_recall;Baseline_V2;0.0942;0.0572;0.0832;0.0651;0.0681
155;bleu;Baseline_V2;0.0;0.0016;0.0085;0.0;0.0027
155;length_ratio;Baseline_V2;0.4912;0.2235;0.3901;0.3613;0.2691
155;perplexity_qwen;Baseline_V2;-12.8504;-27.1067;-13.2901;-4.467;-12.9823
156;chat_cite;Baseline_V2;1;1;1;0;0
156;sentence_cite;Baseline_V2;3;2;1;0;0
156;absolute_wordcount;Baseline_V2;61.0;39.0;25.0;0;0
156;position_adjusted_wordcount;Baseline_V2;32.6314;24.4435;13.0896;0;0
156;impression_pos_count_simple;Baseline_V2;1.607;1.2178;0.5236;0;0
156;rvs_sentiment;Baseline_V2;-1.1852;5.0984;9.7256;0;0
156;rouge_l_recall;Baseline_V2;0.0659;0.0507;0.0586;0.0593;0.0409
156;bleu;Baseline_V2;0.001;0.0002;0.0013;0.0013;0.0001
156;length_ratio;Baseline_V2;0.1758;0.1548;0.2341;0.2378;0.1375
156;perplexity_qwen;Baseline_V2;-4.3363;-10.293;-12.1804;-11.8187;-12.0781
157;chat_cite;Baseline_V2;1;1;1;1;1
157;sentence_cite;Baseline_V2;2;5;3;5;1
157;absolute_wordcount;Baseline_V2;8.8333;46.8333;50.0;29.3333;16.0
157;position_adjusted_wordcount;Baseline_V2;3.846;34.9611;36.719;16.8418;7.1342
157;impression_pos_count_simple;Baseline_V2;0.3728;1.9594;2.1878;1.2836;0.4459
157;rvs_sentiment;Baseline_V2;1.6128;20.1864;-0.4769;3.9455;-0.1841
157;rouge_l_recall;Baseline_V2;0.0965;0.1368;0.0751;0.039;0.0846
157;bleu;Baseline_V2;0.0076;0.0198;0.0025;0.0;0.0
157;length_ratio;Baseline_V2;0.3754;0.5687;0.3035;0.1063;0.3516
157;perplexity_qwen;Baseline_V2;-7.3163;-8.2152;-10.7373;-9.157;-13.4272
158;chat_cite;Baseline_V2;1;1;0;0;1
158;sentence_cite;Baseline_V2;7;3;0;0;2
158;absolute_wordcount;Baseline_V2;108.5;44.0;0;0;24.5
158;position_adjusted_wordcount;Baseline_V2;60.1429;27.2896;0;0;15.3748
158;impression_pos_count_simple;Baseline_V2;3.6709;1.8111;0;0;0.9408
158;rvs_sentiment;Baseline_V2;11.3866;17.5964;0;0;7.4693
158;rouge_l_recall;Baseline_V2;0.1534;0.1335;0.1113;0.062;0.0797
158;bleu;Baseline_V2;0.0387;0.0275;0.0;0.0;0.0044
158;length_ratio;Baseline_V2;0.4356;0.6226;0.5601;0.2674;0.2991
158;perplexity_qwen;Baseline_V2;-10.7425;-9.4365;-11.7221;-16.4315;-5.4803
159;chat_cite;Baseline_V2;0;0;0;0;0
159;sentence_cite;Baseline_V2;0;0;0;0;0
159;absolute_wordcount;Baseline_V2;0;0;0;0;0
159;position_adjusted_wordcount;Baseline_V2;0;0;0;0;0
159;impression_pos_count_simple;Baseline_V2;0;0;0;0;0
159;rvs_sentiment;Baseline_V2;0;0;0;0;0
159;rouge_l_recall;Baseline_V2;0.0385;0.0771;0.0258;0.0326;0.0878
159;bleu;Baseline_V2;0.0;0.0045;0.0;0.0;0.0
159;length_ratio;Baseline_V2;0.1646;0.447;0.169;0.1152;1.0259
159;perplexity_qwen;Baseline_V2;-8.6564;-5.4479;-2.2623;-7.1748;-15.7214
160;chat_cite;Baseline_V2;1;1;1;1;0
160;sentence_cite;Baseline_V2;9;3;3;4;0
160;absolute_wordcount;Baseline_V2;94.0;35.5;29.5;41.0;0
160;position_adjusted_wordcount;Baseline_V2;51.76;19.6688;18.5921;17.2573;0
160;impression_pos_count_simple;Baseline_V2;2.9808;1.3664;0.9067;1.0541;0
160;rvs_sentiment;Baseline_V2;24.4405;-0.659;12.5748;9.2043;0
160;rouge_l_recall;Baseline_V2;0.1037;0.1111;0.1007;0.091;0.1145
160;bleu;Baseline_V2;0.0093;0.0;0.0085;0.0092;0.0
160;length_ratio;Baseline_V2;0.3598;0.5547;0.3951;0.2946;0.8071
160;perplexity_qwen;Baseline_V2;-18.1307;-15.1641;-14.9134;-11.3949;-19.0476
161;chat_cite;Baseline_V2;1;1;0;1;1
161;sentence_cite;Baseline_V2;1;1;0;1;2
161;absolute_wordcount;Baseline_V2;22.0;17.0;0;18.0;43.0
161;position_adjusted_wordcount;Baseline_V2;10.631;12.9421;0;12.5126;22.2626
161;impression_pos_count_simple;Baseline_V2;0.4832;0.7613;0;0.6951;1.076
161;rvs_sentiment;Baseline_V2;0.0;4.4003;0;3.1281;0.0
161;rouge_l_recall;Baseline_V2;0.039;0.0234;0.0513;0.0146;0.0811
161;bleu;Baseline_V2;0.0;0.0;0.0;0.0;0.0
161;length_ratio;Baseline_V2;0.1264;0.0557;0.1793;0.0299;0.2248
161;perplexity_qwen;Baseline_V2;-17.3489;-8.4894;-11.6342;-12.3375;-13.4828
162;chat_cite;Baseline_V2;1;1;1;1;1
162;sentence_cite;Baseline_V2;5;4;2;4;2
162;absolute_wordcount;Baseline_V2;42.5;31.5;6.5;23.0;9.5
162;position_adjusted_wordcount;Baseline_V2;29.3495;16.1897;3.2527;12.4405;4.2359
162;impression_pos_count_simple;Baseline_V2;2.2097;1.1193;0.3238;1.2541;0.2965
162;rvs_sentiment;Baseline_V2;2.2987;9.1117;-0.996;2.945;3.06
162;rouge_l_recall;Baseline_V2;0.0513;0.0815;0.0691;0.0619;0.0562
162;bleu;Baseline_V2;0.0;0.0;0.0;0.0011;0.001
162;length_ratio;Baseline_V2;0.1474;0.3082;0.3588;0.1858;0.2364
162;perplexity_qwen;Baseline_V2;-13.3609;-7.7733;-6.056;-7.6049;-13.3848
163;chat_cite;Baseline_V2;1;1;0;1;1
163;sentence_cite;Baseline_V2;4;3;0;3;3
163;absolute_wordcount;Baseline_V2;76.0;59.0;0;58.0;52.0
163;position_adjusted_wordcount;Baseline_V2;59.0365;37.9182;0;32.9518;27.8582
163;impression_pos_count_simple;Baseline_V2;3.0436;1.9214;0;1.7074;1.5894
163;rvs_sentiment;Baseline_V2;34.0102;-1.8983;0;20.0699;0.4155
163;rouge_l_recall;Baseline_V2;0.0758;0.0392;0.1001;0.1024;0.0766
163;bleu;Baseline_V2;0.0066;0.0;0.0;0.0;0.0
163;length_ratio;Baseline_V2;0.2894;0.1113;0.5587;0.5006;0.3758
163;perplexity_qwen;Baseline_V2;-5.0011;-12.6493;-13.7415;-7.8871;-9.6031
164;chat_cite;Baseline_V2;1;1;1;1;1
164;sentence_cite;Baseline_V2;4;3;4;4;1
164;absolute_wordcount;Baseline_V2;26.0;12.3333;32.3333;21.6667;7.6667
164;position_adjusted_wordcount;Baseline_V2;17.5018;6.0237;24.3248;13.9242;5.1965
164;impression_pos_count_simple;Baseline_V2;0.8364;0.4902;1.4707;0.7723;0.2259
164;rvs_sentiment;Baseline_V2;-23.5889;-3.9535;-16.4633;-23.0901;0.0
164;rouge_l_recall;Baseline_V2;0.0481;0.058;0.0418;0.0668;0.0475
164;bleu;Baseline_V2;0.0;0.0;0.0;0.0;0.0
164;length_ratio;Baseline_V2;0.1287;0.1583;0.1006;0.1662;0.1083
164;perplexity_qwen;Baseline_V2;-7.9646;-8.4727;-9.2001;-10.7149;-4.1966
165;chat_cite;Baseline_V2;1;1;1;1;1
165;sentence_cite;Baseline_V2;7;3;1;1;3
165;absolute_wordcount;Baseline_V2;112.0;36.0;11.5;15.0;50.5
165;position_adjusted_wordcount;Baseline_V2;75.7801;21.8075;4.4186;9.2979;27.2969
165;impression_pos_count_simple;Baseline_V2;4.6234;1.7906;0.1921;0.6199;1.3869
165;rvs_sentiment;Baseline_V2;27.1572;-2.765;3.192;7.2942;7.769
165;rouge_l_recall;Baseline_V2;0.0742;0.0657;0.0189;0.053;0.0425
165;bleu;Baseline_V2;0.0;0.0016;0.0;0.0;0.0
165;length_ratio;Baseline_V2;0.2615;0.2595;0.0457;0.2054;0.1327
165;perplexity_qwen;Baseline_V2;-7.2623;-13.2619;-7.7132;-14.8006;-13.043
166;chat_cite;Baseline_V2;1;1;0;1;0
166;sentence_cite;Baseline_V2;7;5;0;3;0
166;absolute_wordcount;Baseline_V2;101.6667;75.6667;0;35.6667;0
166;position_adjusted_wordcount;Baseline_V2;69.6654;37.859;0;16.6937;0
166;impression_pos_count_simple;Baseline_V2;4.511;2.2143;0;1.0955;0
166;rvs_sentiment;Baseline_V2;17.4035;0.3518;0;8.4839;0
166;rouge_l_recall;Baseline_V2;0.0639;0.0469;0.0774;0.0711;0.0113
166;bleu;Baseline_V2;0.0;0.0002;0.0;0.0037;0.0
166;length_ratio;Baseline_V2;0.2551;0.1455;0.3915;0.3331;0.2954
166;perplexity_qwen;Baseline_V2;-11.5995;-6.0339;-11.3694;-19.0461;-8.7188
167;chat_cite;Baseline_V2;1;1;1;1;0
167;sentence_cite;Baseline_V2;3;3;3;2;0
167;absolute_wordcount;Baseline_V2;42.0;41.0;37.0;25.0;0
167;position_adjusted_wordcount;Baseline_V2;33.5686;24.8983;19.2309;15.8684;0
167;impression_pos_count_simple;Baseline_V2;1.687;1.2703;1.1128;0.7267;0
167;rvs_sentiment;Baseline_V2;29.4093;14.975;-0.725;10.2923;0
167;rouge_l_recall;Baseline_V2;0.0822;0.0434;0.1463;0.0683;0.0573
167;bleu;Baseline_V2;0.0;0.0;0.0331;0.0;0.0
167;length_ratio;Baseline_V2;0.5143;0.1146;0.707;0.4427;0.2977
167;perplexity_qwen;Baseline_V2;-12.6263;-7.0003;-7.364;-15.1889;-8.0058
168;chat_cite;Baseline_V2;1;1;1;1;1
168;sentence_cite;Baseline_V2;3;2;3;1;2
168;absolute_wordcount;Baseline_V2;61.0;28.0;60.0;15.0;31.0
168;position_adjusted_wordcount;Baseline_V2;40.4135;18.3175;28.1519;8.8839;21.7127
168;impression_pos_count_simple;Baseline_V2;2.0265;1.2509;1.4076;0.5923;1.3997
168;rvs_sentiment;Baseline_V2;14.7627;0.0;7.5469;4.4624;6.647
168;rouge_l_recall;Baseline_V2;0.0812;0.1454;0.0674;0.1058;0.0307
168;bleu;Baseline_V2;0.0076;0.0177;0.0014;0.0281;0.0
168;length_ratio;Baseline_V2;0.3712;1.0652;0.223;0.7101;0.0624
168;perplexity_qwen;Baseline_V2;-8.4238;-12.5185;-4.048;-15.6756;-3.1983
169;chat_cite;Baseline_V2;1;0;0;0;1
169;sentence_cite;Baseline_V2;9;0;0;0;1
169;absolute_wordcount;Baseline_V2;96.5;0;0;0;5.5
169;position_adjusted_wordcount;Baseline_V2;58.213;0;0;0;2.2361
169;impression_pos_count_simple;Baseline_V2;5.112;0;0;0;0.2033
169;rvs_sentiment;Baseline_V2;-13.1036;0;0;0;-1.3238
169;rouge_l_recall;Baseline_V2;0.0263;0.0237;0.0442;0.0773;0.0558
169;bleu;Baseline_V2;0.0;0.0;0.0;0.0041;0.0
169;length_ratio;Baseline_V2;0.0614;0.0661;0.1643;0.3552;0.2431
169;perplexity_qwen;Baseline_V2;-13.8766;-4.7721;-8.2602;-3.8095;-12.1693
170;chat_cite;Baseline_V2;1;1;1;1;0
170;sentence_cite;Baseline_V2;6;1;2;4;0
170;absolute_wordcount;Baseline_V2;107.0;12.0;33.0;53.0;0
170;position_adjusted_wordcount;Baseline_V2;74.5397;7.2784;17.4487;30.2225;0
170;impression_pos_count_simple;Baseline_V2;4.2214;0.6065;1.0676;2.1162;0
170;rvs_sentiment;Baseline_V2;30.0683;-4.057;11.8893;16.6895;0
170;rouge_l_recall;Baseline_V2;0.0717;0.0475;0.1033;0.0659;0.0027
170;bleu;Baseline_V2;0.0009;0.0;0.0;0.001;0.0
170;length_ratio;Baseline_V2;0.1611;0.2395;0.4807;0.1822;0.2039
170;perplexity_qwen;Baseline_V2;-8.3754;-19.9145;-6.6593;-7.4725;-8.7188
171;chat_cite;Baseline_V2;1;1;0;1;1
171;sentence_cite;Baseline_V2;5;1;0;2;1
171;absolute_wordcount;Baseline_V2;64.0;10.0;0;35.0;10.0
171;position_adjusted_wordcount;Baseline_V2;43.4392;6.1986;0;21.9786;6.1986
171;impression_pos_count_simple;Baseline_V2;2.7958;0.3099;0;0.9348;0.3099
171;rvs_sentiment;Baseline_V2;21.9213;-5.2254;0;1.0382;-5.2254
171;rouge_l_recall;Baseline_V2;0.1158;0.047;0.1607;0.0286;0.0688
171;bleu;Baseline_V2;0.0;0.0;0.0;0.0;0.0
171;length_ratio;Baseline_V2;0.4161;0.1794;1.8263;0.0618;1.25
171;perplexity_qwen;Baseline_V2;-12.7676;-7.0214;-17.1508;-9.8009;-12.5181
172;chat_cite;Baseline_V2;1;1;1;1;0
172;sentence_cite;Baseline_V2;2;3;3;5;0
172;absolute_wordcount;Baseline_V2;20.0;32.5;55.0;60.5;0
172;position_adjusted_wordcount;Baseline_V2;15.0295;20.8743;30.7697;35.1874;0
172;impression_pos_count_simple;Baseline_V2;1.1124;1.6251;1.3504;2.0549;0
172;rvs_sentiment;Baseline_V2;0.0;4.2461;19.4338;28.905;0
172;rouge_l_recall;Baseline_V2;0.0748;0.0687;0.0575;0.0701;0.0336
172;bleu;Baseline_V2;0.0069;0.0;0.0006;0.0015;0.0
172;length_ratio;Baseline_V2;0.3669;0.2204;0.1933;0.2362;0.1264
172;perplexity_qwen;Baseline_V2;-8.4238;-4.048;-12.8244;-9.8226;-20.1519
173;chat_cite;Baseline_V2;1;0;1;0;1
173;sentence_cite;Baseline_V2;4;0;1;0;1
173;absolute_wordcount;Baseline_V2;68.0;0;10.0;0;23.0
173;position_adjusted_wordcount;Baseline_V2;38.837;0;5.7375;0;12.4832
173;impression_pos_count_simple;Baseline_V2;2.3197;0;0.5738;0;0.5427
173;rvs_sentiment;Baseline_V2;1.0415;0;-3.847;0;-0.538
173;rouge_l_recall;Baseline_V2;0.0608;0.0263;0.0311;0.0347;0.0477
173;bleu;Baseline_V2;0.0;0.0;0.0;0.0;0.0002
173;length_ratio;Baseline_V2;0.2087;0.0642;0.0828;0.1016;0.1481
173;perplexity_qwen;Baseline_V2;-9.6412;-3.8273;-11.3595;-12.0204;-6.6796
174;chat_cite;Baseline_V2;1;1;1;1;0
174;sentence_cite;Baseline_V2;2;2;1;3;0
174;absolute_wordcount;Baseline_V2;37.0;33.0;26.0;72.0;0
174;position_adjusted_wordcount;Baseline_V2;33.2812;18.8946;18.6298;47.1594;0
174;impression_pos_count_simple;Baseline_V2;1.7711;1.1042;0.7165;1.9207;0
174;rvs_sentiment;Baseline_V2;4.269;6.4496;11.1667;1.3003;0
174;rouge_l_recall;Baseline_V2;0.0369;0.0524;0.0858;0.0497;0.0912
174;bleu;Baseline_V2;0.0;0.0006;0.0;0.0;0.0
174;length_ratio;Baseline_V2;0.0884;0.1894;0.4468;0.1606;0.4398
174;perplexity_qwen;Baseline_V2;-6.0245;-12.4742;-16.1033;-10.6952;-10.8554
175;chat_cite;Baseline_V2;0;0;0;0;0
175;sentence_cite;Baseline_V2;0;0;0;0;0
175;absolute_wordcount;Baseline_V2;0;0;0;0;0
175;position_adjusted_wordcount;Baseline_V2;0;0;0;0;0
175;impression_pos_count_simple;Baseline_V2;0;0;0;0;0
175;rvs_sentiment;Baseline_V2;0;0;0;0;0
175;rouge_l_recall;Baseline_V2;0.0483;0.0258;0.0267;0.0493;0.0864
175;bleu;Baseline_V2;0.0003;0.0;0.0;0.0;0.0058
175;length_ratio;Baseline_V2;0.1811;0.0776;0.0837;0.1789;0.2591
175;perplexity_qwen;Baseline_V2;-10.8624;-9.0873;-10.5285;-7.8436;-11.3949
176;chat_cite;Baseline_V2;1;1;0;0;0
176;sentence_cite;Baseline_V2;6;4;0;0;0
176;absolute_wordcount;Baseline_V2;93.0;46.0;0;0;0
176;position_adjusted_wordcount;Baseline_V2;53.5457;31.0254;0;0;0
176;impression_pos_count_simple;Baseline_V2;3.1865;2.7322;0;0;0
176;rvs_sentiment;Baseline_V2;26.616;6.2197;0;0;0
176;rouge_l_recall;Baseline_V2;0.0318;0.0622;0.1021;0.0451;0.0342
176;bleu;Baseline_V2;0.0;0.0005;0.013;0.0003;0.0
176;length_ratio;Baseline_V2;0.0825;0.1681;0.5803;0.1835;0.1165
176;perplexity_qwen;Baseline_V2;-7.7933;-3.905;-3.7207;-12.4232;-13.3644
177;chat_cite;Baseline_V2;1;1;1;1;1
177;sentence_cite;Baseline_V2;3;4;3;8;5
177;absolute_wordcount;Baseline_V2;23.6667;53.0;29.6667;80.8333;43.8333
177;position_adjusted_wordcount;Baseline_V2;16.7928;38.5552;20.6263;47.7391;26.1349
177;impression_pos_count_simple;Baseline_V2;0.8824;1.6854;0.9879;3.4026;1.5154
177;rvs_sentiment;Baseline_V2;-18.8071;29.9014;-25.8542;-18.8872;23.2164
177;rouge_l_recall;Baseline_V2;0.0916;0.0392;0.0353;0.0358;0.0665
177;bleu;Baseline_V2;0.0;0.0;0.0;0.0;0.0029
177;length_ratio;Baseline_V2;0.4487;0.1154;0.1062;0.1085;0.2783
177;perplexity_qwen;Baseline_V2;-3.8888;-8.679;-12.5243;-10.6223;-4.0406
178;chat_cite;Baseline_V2;1;1;1;0;1
178;sentence_cite;Baseline_V2;4;5;5;0;4
178;absolute_wordcount;Baseline_V2;43.0;43.0;55.5;0;42.5
178;position_adjusted_wordcount;Baseline_V2;27.9368;25.3564;40.058;0;19.7068
178;impression_pos_count_simple;Baseline_V2;2.3172;1.7946;2.5207;0;1.3895
178;rvs_sentiment;Baseline_V2;0.2628;6.6758;14.3819;0;5.8235
178;rouge_l_recall;Baseline_V2;0.0684;0.0449;0.1117;0.0645;0.0697
178;bleu;Baseline_V2;0.0048;0.0;0.0218;0.0;0.0068
178;length_ratio;Baseline_V2;0.3043;0.109;0.5625;0.2745;0.4044
178;perplexity_qwen;Baseline_V2;-13.973;-3.451;-16.373;-6.0087;-10.0232
179;chat_cite;Baseline_V2;1;0;1;1;0
179;sentence_cite;Baseline_V2;7;0;1;2;0
179;absolute_wordcount;Baseline_V2;108.0;0;13.0;33.0;0
179;position_adjusted_wordcount;Baseline_V2;67.1619;0;7.3871;16.3179;0
179;impression_pos_count_simple;Baseline_V2;4.3341;0;0.5682;0.9948;0
179;rvs_sentiment;Baseline_V2;-12.5669;0;1.3142;-2.3999;0
179;rouge_l_recall;Baseline_V2;0.0362;0.0416;0.069;0.0522;0.0367
179;bleu;Baseline_V2;0.0;0.0002;0.0;0.0002;0.0
179;length_ratio;Baseline_V2;0.1024;0.1605;0.333;0.1623;0.1116
179;perplexity_qwen;Baseline_V2;-11.7091;-11.9151;-13.9945;-11.8878;-6.3049
180;chat_cite;Baseline_V2;1;1;1;1;1
180;sentence_cite;Baseline_V2;7;2;4;3;2
180;absolute_wordcount;Baseline_V2;47.5;23.5;18.0;14.5;10.5
180;position_adjusted_wordcount;Baseline_V2;33.2605;13.7695;10.4936;6.8936;4.0934
180;impression_pos_count_simple;Baseline_V2;3.068;0.8211;1.1219;0.6837;0.3309
180;rvs_sentiment;Baseline_V2;12.2703;12.6512;2.1814;8.3171;5.6642
180;rouge_l_recall;Baseline_V2;0.1546;0.1142;0.0698;0.0571;0.0618
180;bleu;Baseline_V2;0.0366;0.0;0.0;0.0;0.0
180;length_ratio;Baseline_V2;0.4501;0.6577;0.2412;0.2408;0.3227
180;perplexity_qwen;Baseline_V2;-5.1385;-14.8906;-7.8886;-9.1344;-11.8419
181;chat_cite;Baseline_V2;1;1;1;1;0
181;sentence_cite;Baseline_V2;6;8;1;3;0
181;absolute_wordcount;Baseline_V2;105.0;130.0;15.0;54.0;0
181;position_adjusted_wordcount;Baseline_V2;78.7382;82.5005;6.8675;25.8387;0
181;impression_pos_count_simple;Baseline_V2;4.436;5.1635;0.4578;1.4385;0
181;rvs_sentiment;Baseline_V2;-34.1778;13.3439;3.3919;-6.9541;0
181;rouge_l_recall;Baseline_V2;0.0611;0.052;0.0221;0.0561;0.0433
181;bleu;Baseline_V2;0.0005;0.0001;0.0;0.0;0.0
181;length_ratio;Baseline_V2;0.1699;0.1424;0.0603;0.2041;0.1651
181;perplexity_qwen;Baseline_V2;-7.6491;-14.7555;-9.1868;-13.5064;-12.3305
182;chat_cite;Baseline_V2;0;1;1;1;1
182;sentence_cite;Baseline_V2;0;2;2;1;6
182;absolute_wordcount;Baseline_V2;0;20.0;20.0;13.0;74.0
182;position_adjusted_wordcount;Baseline_V2;0;12.3116;14.4415;9.8659;42.2321
182;impression_pos_count_simple;Baseline_V2;0;1.2525;1.4176;0.7589;3.3998
182;rvs_sentiment;Baseline_V2;0;4.447;0.0;-4.5265;-8.3436
182;rouge_l_recall;Baseline_V2;0.1661;0.0308;0.0801;0.0361;0.0411
182;bleu;Baseline_V2;0.0334;0.0;0.0;0.0;0.0
182;length_ratio;Baseline_V2;0.5389;0.0839;0.3141;0.1135;0.0929
182;perplexity_qwen;Baseline_V2;-4.04;-11.5898;-12.165;-8.679;-10.6762
183;chat_cite;Baseline_V2;1;1;1;1;1
183;sentence_cite;Baseline_V2;6;6;2;1;2
183;absolute_wordcount;Baseline_V2;77.0;68.0;30.0;10.0;27.0
183;position_adjusted_wordcount;Baseline_V2;46.6173;42.3668;19.5959;3.8831;16.7844
183;impression_pos_count_simple;Baseline_V2;3.6106;3.7706;1.2661;0.3883;1.2464
183;rvs_sentiment;Baseline_V2;-4.1031;7.9618;-6.634;-0.6908;-2.9702
183;rouge_l_recall;Baseline_V2;0.1281;0.1151;0.1055;0.0854;0.0713
183;bleu;Baseline_V2;0.0318;0.0055;0.0138;0.0107;0.0
183;length_ratio;Baseline_V2;0.5487;0.3212;0.4926;0.4653;0.3079
183;perplexity_qwen;Baseline_V2;-10.2499;-8.4961;-5.822;-14.2256;-11.7632
184;chat_cite;Baseline_V2;1;1;1;1;0
184;sentence_cite;Baseline_V2;1;8;6;2;0
184;absolute_wordcount;Baseline_V2;15.0;126.0;106.0;25.0;0
184;position_adjusted_wordcount;Baseline_V2;8.4244;75.0324;58.8801;14.0758;0
184;impression_pos_count_simple;Baseline_V2;0.5616;4.6774;3.46;1.1184;0
184;rvs_sentiment;Baseline_V2;0.0;6.971;20.9407;7.6809;0
184;rouge_l_recall;Baseline_V2;0.1425;0.1291;0.0677;0.0938;0.085
184;bleu;Baseline_V2;0.0148;0.0112;0.0016;0.0099;0.0
184;length_ratio;Baseline_V2;0.8805;0.4261;0.2104;0.3968;0.2988
184;perplexity_qwen;Baseline_V2;-12.1511;-7.5659;-6.252;-13.8895;-5.4726
185;chat_cite;Baseline_V2;1;1;1;1;1
185;sentence_cite;Baseline_V2;5;4;2;3;1
185;absolute_wordcount;Baseline_V2;74.3333;83.3333;29.0;53.3333;13.0
185;position_adjusted_wordcount;Baseline_V2;47.0362;42.9165;21.5297;29.2835;6.1408
185;impression_pos_count_simple;Baseline_V2;2.4575;1.6961;1.1351;1.3688;0.4724
185;rvs_sentiment;Baseline_V2;14.2231;25.4508;5.7649;19.1614;-0.786
185;rouge_l_recall;Baseline_V2;0.1832;0.1079;0.0599;0.1141;0.1664
185;bleu;Baseline_V2;0.0639;0.011;0.0005;0.0147;0.052
185;length_ratio;Baseline_V2;0.589;0.3474;0.163;0.5601;0.5544
185;perplexity_qwen;Baseline_V2;-10.8489;-5.9787;-6.007;-19.6494;-11.8697
186;chat_cite;Baseline_V2;1;1;0;1;1
186;sentence_cite;Baseline_V2;6;3;0;3;5
186;absolute_wordcount;Baseline_V2;109.75;36.75;0;42.75;80.75
186;position_adjusted_wordcount;Baseline_V2;84.2682;22.7155;0;21.2047;38.4524
186;impression_pos_count_simple;Baseline_V2;4.0039;1.3999;0;1.1106;1.9818
186;rvs_sentiment;Baseline_V2;56.5546;11.8018;0;17.7565;22.2089
186;rouge_l_recall;Baseline_V2;0.0904;0.1176;0.0903;0.0629;0.0534
186;bleu;Baseline_V2;0.0086;0.0;0.0;0.0011;0.0003
186;length_ratio;Baseline_V2;0.2941;0.6163;0.5848;0.2236;0.1664
186;perplexity_qwen;Baseline_V2;-5.1056;-11.6205;-17.4708;-12.4765;-12.2107
187;chat_cite;Baseline_V2;1;1;0;0;1
187;sentence_cite;Baseline_V2;9;1;0;0;2
187;absolute_wordcount;Baseline_V2;148.0;17.0;0;0;37.0
187;position_adjusted_wordcount;Baseline_V2;90.2215;9.6002;0;0;18.8742
187;impression_pos_count_simple;Baseline_V2;5.4197;0.5647;0;0;1.0153
187;rvs_sentiment;Baseline_V2;7.4264;-6.8123;0;0;-5.2527
187;rouge_l_recall;Baseline_V2;0.055;0.0716;0.0823;0.0647;0.0453
187;bleu;Baseline_V2;0.0001;0.0031;0.0111;0.0;0.0007
187;length_ratio;Baseline_V2;0.1241;0.3098;0.4716;0.2684;0.2033
187;perplexity_qwen;Baseline_V2;-10.0037;-12.4972;-12.5788;-8.557;-8.929
188;chat_cite;Baseline_V2;1;1;1;0;1
188;sentence_cite;Baseline_V2;6;5;1;0;1
188;absolute_wordcount;Baseline_V2;101.0;95.0;14.0;0;21.0
188;position_adjusted_wordcount;Baseline_V2;73.3923;50.7507;5.4144;0;9.4359
188;impression_pos_count_simple;Baseline_V2;4.351;2.6463;0.3867;0;0.4493
188;rvs_sentiment;Baseline_V2;-8.4354;23.6689;1.9557;0;3.9772
188;rouge_l_recall;Baseline_V2;0.0486;0.0604;0.0671;0.0781;0.0287
188;bleu;Baseline_V2;0.0001;0.0011;0.0;0.0;0.0
188;length_ratio;Baseline_V2;0.1413;0.1896;0.37;0.3854;0.0839
188;perplexity_qwen;Baseline_V2;-9.8219;-4.3738;-10.3753;-12.7952;-5.7859
189;chat_cite;Baseline_V2;1;1;0;1;1
189;sentence_cite;Baseline_V2;3;5;0;2;1
189;absolute_wordcount;Baseline_V2;36.0;75.0;0;19.0;10.0
189;position_adjusted_wordcount;Baseline_V2;21.3726;58.7735;0;7.5675;4.7676
189;impression_pos_count_simple;Baseline_V2;1.4741;3.8051;0;0.5951;0.4768
189;rvs_sentiment;Baseline_V2;4.5928;11.4453;0;2.5629;0.0
189;rouge_l_recall;Baseline_V2;0.065;0.0374;0.0603;0.0465;0.0602
189;bleu;Baseline_V2;0.0;0.0;0.0;0.0;0.0
189;length_ratio;Baseline_V2;0.2863;0.1137;0.2303;0.1539;0.2303
189;perplexity_qwen;Baseline_V2;-18.8288;-10.3848;-5.4365;-7.2983;-11.3949
190;chat_cite;Baseline_V2;1;1;0;1;1
190;sentence_cite;Baseline_V2;11;1;0;2;4
190;absolute_wordcount;Baseline_V2;118.0;0.0;0;11.0;54.0
190;position_adjusted_wordcount;Baseline_V2;80.8706;0.0;0;5.6476;24.1865
190;impression_pos_count_simple;Baseline_V2;6.9002;0.092;0;0.6054;1.4226
190;rvs_sentiment;Baseline_V2;13.096;0.0;0;1.4119;6.375
190;rouge_l_recall;Baseline_V2;0.1146;0.0487;0.0532;0.0678;0.0582
190;bleu;Baseline_V2;0.0157;0.0;0.0;0.0;0.0023
190;length_ratio;Baseline_V2;0.318;0.2125;0.2484;0.2898;0.275
190;perplexity_qwen;Baseline_V2;-8.225;-14.7071;-14.12;-11.5834;-11.5551
191;chat_cite;Baseline_V2;1;0;0;0;0
191;sentence_cite;Baseline_V2;6;0;0;0;0
191;absolute_wordcount;Baseline_V2;95.0;0;0;0;0
191;position_adjusted_wordcount;Baseline_V2;60.1574;0;0;0;0
191;impression_pos_count_simple;Baseline_V2;3.7797;0;0;0;0
191;rvs_sentiment;Baseline_V2;22.5243;0;0;0;0
191;rouge_l_recall;Baseline_V2;0.0559;0.069;0.0556;0.0626;0.0558
191;bleu;Baseline_V2;0.0002;0.0028;0.0;0.0;0.0
191;length_ratio;Baseline_V2;0.1329;0.2742;0.1977;0.2757;0.2313
191;perplexity_qwen;Baseline_V2;-13.1235;-8.6812;-10.4641;-15.8538;-7.2463
192;chat_cite;Baseline_V2;1;1;1;1;1
192;sentence_cite;Baseline_V2;4;1;3;1;1
192;absolute_wordcount;Baseline_V2;64.0;17.0;56.0;16.0;21.0
192;position_adjusted_wordcount;Baseline_V2;41.5124;7.3882;25.886;12.1194;12.0488
192;impression_pos_count_simple;Baseline_V2;2.4987;0.4346;1.388;0.7575;0.5738
192;rvs_sentiment;Baseline_V2;11.0328;3.649;7.4811;-9.4326;0.0
192;rouge_l_recall;Baseline_V2;0.0577;0.0713;0.0281;0.0574;0
192;bleu;Baseline_V2;0.0;0.0;0.0;0.0;0
192;length_ratio;Baseline_V2;0.1991;0.3685;0.0863;0.2164;0.0
192;perplexity_qwen;Baseline_V2;-11.0642;-12.7817;-18.9269;-10.3047;0.0
193;chat_cite;Baseline_V2;1;1;1;1;0
193;sentence_cite;Baseline_V2;4;2;2;1;0
193;absolute_wordcount;Baseline_V2;39.0;10.5;14.5;4.0;0
193;position_adjusted_wordcount;Baseline_V2;27.9138;5.4682;8.4603;1.6186;0
193;impression_pos_count_simple;Baseline_V2;1.766;0.4984;0.603;0.2023;0
193;rvs_sentiment;Baseline_V2;-0.8423;-3.3796;-5.4352;-1.1006;0
193;rouge_l_recall;Baseline_V2;0.1094;0.0742;0.0471;0.0443;0.0516
193;bleu;Baseline_V2;0.004;0.0031;0.0001;0.0001;0.0
193;length_ratio;Baseline_V2;0.1995;0.2369;0.1226;0.1319;0.1884
193;perplexity_qwen;Baseline_V2;-7.1027;-7.419;-6.7334;-14.3574;-9.095
194;chat_cite;Baseline_V2;1;1;1;0;0
194;sentence_cite;Baseline_V2;9;5;3;0;0
194;absolute_wordcount;Baseline_V2;140.0;73.0;34.0;0;0
194;position_adjusted_wordcount;Baseline_V2;104.8513;37.7865;15.5245;0;0
194;impression_pos_count_simple;Baseline_V2;6.1493;2.2311;1.0358;0;0
194;rvs_sentiment;Baseline_V2;51.5953;18.0096;6.03;0;0
194;rouge_l_recall;Baseline_V2;0.0468;0.0659;0.0353;0.0637;0.0757
194;bleu;Baseline_V2;0.0001;0.0024;0.0;0.0;0.0
194;length_ratio;Baseline_V2;0.148;0.2982;0.1127;0.3146;0.4889
194;perplexity_qwen;Baseline_V2;-14.4035;-17.1703;-6.4807;-12.9792;-12.6056
195;chat_cite;Baseline_V2;1;0;1;1;1
195;sentence_cite;Baseline_V2;8;0;5;1;5
195;absolute_wordcount;Baseline_V2;118.0;0;71.0;8.0;53.0
195;position_adjusted_wordcount;Baseline_V2;78.3094;0;43.5741;5.2508;26.2187
195;impression_pos_count_simple;Baseline_V2;3.5834;0;2.8201;0.3282;1.8375
195;rvs_sentiment;Baseline_V2;-6.5609;0;-13.0861;6.0059;3.001
195;rouge_l_recall;Baseline_V2;0.1165;0.084;0.0611;0.0485;0.0833
195;bleu;Baseline_V2;0.016;0.0;0.0005;0.0001;0.0045
195;length_ratio;Baseline_V2;0.3197;0.3626;0.1767;0.1338;0.2941
195;perplexity_qwen;Baseline_V2;-8.6582;-13.9945;-11.8878;-5.7648;-5.286
196;chat_cite;Baseline_V2;1;1;1;1;1
196;sentence_cite;Baseline_V2;2;7;1;1;3
196;absolute_wordcount;Baseline_V2;45.0;130.0;33.0;11.0;47.0
196;position_adjusted_wordcount;Baseline_V2;33.5153;86.9264;12.8756;4.0467;24.5155
196;impression_pos_count_simple;Baseline_V2;1.4982;4.7419;0.3902;0.3679;1.4964
196;rvs_sentiment;Baseline_V2;15.8018;32.4624;10.1009;0.0;2.8263
196;rouge_l_recall;Baseline_V2;0.0759;0.0225;0.1077;0.0648;0.0928
196;bleu;Baseline_V2;0.0;0.0;0.0;0.0;0.01
196;length_ratio;Baseline_V2;0.3502;0.0605;0.5972;0.2546;0.4171
196;perplexity_qwen;Baseline_V2;-12.5948;-5.3705;-17.7191;-15.5829;-9.4527
197;chat_cite;Baseline_V2;1;1;1;1;1
197;sentence_cite;Baseline_V2;5;2;6;4;3
197;absolute_wordcount;Baseline_V2;70.0;18.0;82.0;49.0;36.0
197;position_adjusted_wordcount;Baseline_V2;45.7147;10.9176;53.8234;23.1895;17.4609
197;impression_pos_count_simple;Baseline_V2;2.7628;0.6801;3.3985;1.4959;1.0395
197;rvs_sentiment;Baseline_V2;24.7167;9.0299;11.8549;4.6005;0.9475
197;rouge_l_recall;Baseline_V2;0.0633;0.2553;0.046;0.0205;0.1049
197;bleu;Baseline_V2;0.0;0.0;0.0004;0.0;0.0
197;length_ratio;Baseline_V2;0.1878;4.2;0.1664;0.0561;0.6364
197;perplexity_qwen;Baseline_V2;-5.7573;-18.9998;-9.0748;-10.0861;-10.4689
198;chat_cite;Baseline_V2;0;0;0;0;0
198;sentence_cite;Baseline_V2;0;0;0;0;0
198;absolute_wordcount;Baseline_V2;0;0;0;0;0
198;position_adjusted_wordcount;Baseline_V2;0;0;0;0;0
198;impression_pos_count_simple;Baseline_V2;0;0;0;0;0
198;rvs_sentiment;Baseline_V2;0;0;0;0;0
198;rouge_l_recall;Baseline_V2;0.0287;0.0487;0.0542;0.0866;0.0632
198;bleu;Baseline_V2;0.0;0.0;0.0003;0.009;0.0012
198;length_ratio;Baseline_V2;0.0952;0.1968;0.1588;0.3596;0.1979
198;perplexity_qwen;Baseline_V2;-7.8917;-6.4807;-4.0944;-6.1634;-8.401
199;chat_cite;Baseline_V2;1;1;1;1;0
199;sentence_cite;Baseline_V2;4;1;3;6;0
199;absolute_wordcount;Baseline_V2;46.0;6.5;31.5;74.0;0
199;position_adjusted_wordcount;Baseline_V2;30.3454;5.2463;18.1011;42.0618;0
199;impression_pos_count_simple;Baseline_V2;1.6559;0.4036;1.1217;2.2403;0
199;rvs_sentiment;Baseline_V2;7.6477;0.0;13.4402;29.4667;0
199;rouge_l_recall;Baseline_V2;0.0654;0.0168;0.0496;0.0609;0.0628
199;bleu;Baseline_V2;0.0;0.0;0.0;0.0016;0.0
199;length_ratio;Baseline_V2;0.2261;0.04;0.2377;0.2327;0.256
199;perplexity_qwen;Baseline_V2;-4.7861;-8.4614;-14.5982;-12.3983;-10.7218
200;chat_cite;Baseline_V2;1;1;1;1;1
200;sentence_cite;Baseline_V2;4;2;2;3;2
200;absolute_wordcount;Baseline_V2;47.5;39.0;42.0;55.5;35.0
200;position_adjusted_wordcount;Baseline_V2;33.3624;21.1778;25.0642;31.7058;23.0846
200;impression_pos_count_simple;Baseline_V2;2.2736;1.1181;1.161;1.3785;1.3266
200;rvs_sentiment;Baseline_V2;26.9002;-0.6639;13.8226;15.8962;9.5097
200;rouge_l_recall;Baseline_V2;0.0749;0.0632;0.1011;0.1265;0.1004
200;bleu;Baseline_V2;0.0035;0.0012;0.0119;0.027;0.0
200;length_ratio;Baseline_V2;0.2395;0.2041;0.3726;0.57;0.5011
200;perplexity_qwen;Baseline_V2;-10.2327;-4.8992;-8.9507;-7.3822;-7.5659
201;chat_cite;Baseline_V2;1;1;1;1;0
201;sentence_cite;Baseline_V2;2;3;5;2;0
201;absolute_wordcount;Baseline_V2;25.0;45.0;87.0;39.0;0
201;position_adjusted_wordcount;Baseline_V2;18.2904;23.2002;50.846;24.9333;0
201;impression_pos_count_simple;Baseline_V2;0.9691;1.2165;2.4937;1.2746;0
201;rvs_sentiment;Baseline_V2;17.781;23.5515;22.8447;17.1601;0
201;rouge_l_recall;Baseline_V2;0.1561;0.0577;0.0265;0.0415;0.0285
201;bleu;Baseline_V2;0.0278;0.0002;0.0;0.0;0.0
201;length_ratio;Baseline_V2;0.7668;0.1509;0.0536;0.1158;0.118
201;perplexity_qwen;Baseline_V2;-11.4594;-3.7481;-6.8941;-8.606;-9.8215
202;chat_cite;Baseline_V2;1;1;1;0;0
202;sentence_cite;Baseline_V2;9;5;1;0;0
202;absolute_wordcount;Baseline_V2;135.0;60.0;11.0;0;0
202;position_adjusted_wordcount;Baseline_V2;87.0876;35.2821;4.3837;0;0
202;impression_pos_count_simple;Baseline_V2;5.6167;2.957;0.3985;0;0
202;rvs_sentiment;Baseline_V2;-21.6836;-7.2455;0.8868;0;0
202;rouge_l_recall;Baseline_V2;0.0721;0.0572;0.0573;0.083;0.0568
202;bleu;Baseline_V2;0.0013;0.0004;0.0008;0.0;0.0014
202;length_ratio;Baseline_V2;0.172;0.1555;0.1927;0.3192;0.227
202;perplexity_qwen;Baseline_V2;-11.44;-11.8878;-8.9534;-13.9945;-9.4312
203;chat_cite;Baseline_V2;1;1;1;0;1
203;sentence_cite;Baseline_V2;1;2;5;0;1
203;absolute_wordcount;Baseline_V2;20.0;17.0;85.0;0;13.0
203;position_adjusted_wordcount;Baseline_V2;16.2387;8.2411;47.9291;0;7.8849
203;impression_pos_count_simple;Baseline_V2;0.8119;0.9986;2.9494;0;0.6065
203;rvs_sentiment;Baseline_V2;10.3424;-0.6235;16.9647;0;2.848
203;rouge_l_recall;Baseline_V2;0.0187;0.1049;0.047;0.0975;0.055
203;bleu;Baseline_V2;0.0;0.0133;0.0;0.0;0.0
203;length_ratio;Baseline_V2;0.0439;0.5437;0.1598;0.4621;0.1632
203;perplexity_qwen;Baseline_V2;-8.4614;-11.9251;-13.9465;-10.7768;-12.8923
204;chat_cite;Baseline_V2;1;1;1;1;1
204;sentence_cite;Baseline_V2;2;1;7;1;1
204;absolute_wordcount;Baseline_V2;21.0;7.0;110.0;10.0;10.0
204;position_adjusted_wordcount;Baseline_V2;16.6395;3.3504;62.8925;4.5408;4.5408
204;impression_pos_count_simple;Baseline_V2;1.5788;0.4786;3.9407;0.227;0.227
204;rvs_sentiment;Baseline_V2;-1.5013;1.7646;23.7737;5.5616;5.5616
204;rouge_l_recall;Baseline_V2;0.0384;0.0494;0.0221;0.0895;0.048
204;bleu;Baseline_V2;0.0;0.0002;0.0;0.0043;0.0
204;length_ratio;Baseline_V2;0.1133;0.1435;0.0495;0.339;0.1556
204;perplexity_qwen;Baseline_V2;-11.3939;-9.8374;-7.6539;-7.6367;-7.8551
205;chat_cite;Baseline_V2;1;1;1;1;1
205;sentence_cite;Baseline_V2;7;5;3;3;7
205;absolute_wordcount;Baseline_V2;93.25;51.75;29.5;35.25;67.25
205;position_adjusted_wordcount;Baseline_V2;65.083;32.213;18.7802;17.2821;37.8981
205;impression_pos_count_simple;Baseline_V2;2.9661;1.4275;0.9514;0.8684;1.8637
205;rvs_sentiment;Baseline_V2;4.6594;15.3494;6.8482;-5.9613;-2.4609
205;rouge_l_recall;Baseline_V2;0.0379;0.1228;0.0851;0.047;0.071
205;bleu;Baseline_V2;0.0;0.0144;0.0081;0.0;0.0031
205;length_ratio;Baseline_V2;0.1064;0.4524;0.324;0.1365;0.2471
205;perplexity_qwen;Baseline_V2;-13.4366;-6.5585;-6.0236;-10.584;-7.2832
206;chat_cite;Baseline_V2;1;1;1;1;1
206;sentence_cite;Baseline_V2;3;2;2;5;1
206;absolute_wordcount;Baseline_V2;34.1667;16.1667;25.5;54.6667;14.5
206;position_adjusted_wordcount;Baseline_V2;26.7891;9.7991;11.1204;29.8507;6.0002
206;impression_pos_count_simple;Baseline_V2;1.4542;0.4985;0.4396;1.5166;0.2069
206;rvs_sentiment;Baseline_V2;-3.6769;0.4779;15.9818;1.6287;9.3399
206;rouge_l_recall;Baseline_V2;0.0694;0.0384;0.0383;0.0525;0.053
206;bleu;Baseline_V2;0.0027;0.0;0.0;0.0;0.0
206;length_ratio;Baseline_V2;0.2932;0.0979;0.1134;0.1328;0.2104
206;perplexity_qwen;Baseline_V2;-14.732;-6.9687;-8.606;-6.6252;-13.7567
207;chat_cite;Baseline_V2;1;1;0;1;1
207;sentence_cite;Baseline_V2;5;1;0;1;3
207;absolute_wordcount;Baseline_V2;85.0;4.0;0;7.0;58.0
207;position_adjusted_wordcount;Baseline_V2;60.6827;2.141;0;3.3066;22.8907
207;impression_pos_count_simple;Baseline_V2;3.111;0.2676;0;0.4724;1.1763
207;rvs_sentiment;Baseline_V2;15.1813;2.2507;0;0.0;10.6336
207;rouge_l_recall;Baseline_V2;0.0966;0.0551;0.085;0.0692;0.0461
207;bleu;Baseline_V2;0.0062;0.0;0.0;0.0016;0.0001
207;length_ratio;Baseline_V2;0.2833;0.1599;0.335;0.2282;0.131
207;perplexity_qwen;Baseline_V2;-13.8719;-8.3754;-8.1208;-8.0552;-13.6403
208;chat_cite;Baseline_V2;1;0;0;0;0
208;sentence_cite;Baseline_V2;5;0;0;0;0
208;absolute_wordcount;Baseline_V2;121.0;0;0;0;0
208;position_adjusted_wordcount;Baseline_V2;85.0576;0;0;0;0
208;impression_pos_count_simple;Baseline_V2;3.401;0;0;0;0
208;rvs_sentiment;Baseline_V2;40.8901;0;0;0;0
208;rouge_l_recall;Baseline_V2;0.1046;0.0192;0.0714;0.0242;0.0236
208;bleu;Baseline_V2;0.0006;0.0;0.0;0.0;0.0
208;length_ratio;Baseline_V2;0.1361;0.0496;0.3774;0.0834;0.1381
208;perplexity_qwen;Baseline_V2;-11.4061;-12.0837;-18.7746;-8.5172;-8.0433
209;chat_cite;Baseline_V2;1;0;0;0;0
209;sentence_cite;Baseline_V2;1;0;0;0;0
209;absolute_wordcount;Baseline_V2;3.0;0;0;0;0
209;position_adjusted_wordcount;Baseline_V2;1.7723;0;0;0;0
209;impression_pos_count_simple;Baseline_V2;0.5908;0;0;0;0
209;rvs_sentiment;Baseline_V2;0.0;0;0;0;0
209;rouge_l_recall;Baseline_V2;0.0879;0.0375;0.0292;0.0408;0.0183
209;bleu;Baseline_V2;0.0;0.0;0.0;0.0;0.0
209;length_ratio;Baseline_V2;0.4823;0.076;0.0808;0.1171;0.0455
209;perplexity_qwen;Baseline_V2;-10.9139;-9.7055;-8.1191;-11.1352;-13.9813
210;chat_cite;Baseline_V2;1;0;0;0;0
210;sentence_cite;Baseline_V2;15;0;0;0;0
210;absolute_wordcount;Baseline_V2;156.0;0;0;0;0
210;position_adjusted_wordcount;Baseline_V2;96.8274;0;0;0;0
210;impression_pos_count_simple;Baseline_V2;9.1233;0;0;0;0
210;rvs_sentiment;Baseline_V2;40.626;0;0;0;0
210;rouge_l_recall;Baseline_V2;0.136;0.0602;0.0513;0.0354;0.0627
210;bleu;Baseline_V2;0.0033;0.0;0.0;0.0;0.0
210;length_ratio;Baseline_V2;0.2004;0.3144;0.218;0.1336;0.3689
210;perplexity_qwen;Baseline_V2;-5.5763;-5.3583;-10.5614;-16.4057;-9.8212
211;chat_cite;Baseline_V2;1;1;1;1;0
211;sentence_cite;Baseline_V2;4;3;2;5;0
211;absolute_wordcount;Baseline_V2;28.0;29.0;13.0;53.0;0
211;position_adjusted_wordcount;Baseline_V2;17.5539;18.7021;7.5874;27.7987;0
211;impression_pos_count_simple;Baseline_V2;1.6229;1.3792;0.6756;2.0066;0
211;rvs_sentiment;Baseline_V2;0.7139;-2.9862;0.0;3.587;0
211;rouge_l_recall;Baseline_V2;0.0705;0.0685;0.0736;0.0488;0.0908
211;bleu;Baseline_V2;0.0035;0.0;0.0054;0.0003;0.0
211;length_ratio;Baseline_V2;0.2316;0.2502;0.3383;0.1651;0.4567
211;perplexity_qwen;Baseline_V2;-9.1033;-6.7316;-11.3694;-11.8878;-10.1739
212;chat_cite;Baseline_V2;1;1;0;0;0
212;sentence_cite;Baseline_V2;5;2;0;0;0
212;absolute_wordcount;Baseline_V2;77.0;25.0;0;0;0
212;position_adjusted_wordcount;Baseline_V2;53.2444;11.0876;0;0;0
212;impression_pos_count_simple;Baseline_V2;3.4904;0.8892;0;0;0
212;rvs_sentiment;Baseline_V2;8.5129;0.0465;0;0;0
212;rouge_l_recall;Baseline_V2;0.1557;0.0826;0.0349;0.0676;0.0347
212;bleu;Baseline_V2;0.0145;0.0;0.0;0.0;0.0
212;length_ratio;Baseline_V2;0.5146;0.3851;0.134;0.3109;0.1325
212;perplexity_qwen;Baseline_V2;-11.9251;-10.7397;-11.0466;-8.7528;-3.3546
213;chat_cite;Baseline_V2;1;1;1;1;1
213;sentence_cite;Baseline_V2;3;10;1;1;4
213;absolute_wordcount;Baseline_V2;53.3333;132.8333;19.0;15.0;36.8333
213;position_adjusted_wordcount;Baseline_V2;28.2462;91.0217;16.0832;6.1667;20.8574
213;impression_pos_count_simple;Baseline_V2;1.2738;5.7955;0.8465;0.4111;1.7082
213;rvs_sentiment;Baseline_V2;16.4932;22.7582;-4.7606;2.4784;7.1506
213;rouge_l_recall;Baseline_V2;0.08;0.0263;0.1026;0.0583;0.0926
213;bleu;Baseline_V2;0.0;0.0;0.0126;0.0;0.0107
213;length_ratio;Baseline_V2;0.3724;0.0643;0.6351;0.2639;0.4362
213;perplexity_qwen;Baseline_V2;-12.5948;-5.3705;-17.7191;-12.7006;-9.1929
214;chat_cite;Baseline_V2;1;1;1;1;0
214;sentence_cite;Baseline_V2;2;4;1;1;0
214;absolute_wordcount;Baseline_V2;37.0;84.0;22.0;18.0;0
214;position_adjusted_wordcount;Baseline_V2;28.2096;62.1324;9.7624;7.5035;0
214;impression_pos_count_simple;Baseline_V2;1.4422;2.9851;0.4437;0.4169;0
214;rvs_sentiment;Baseline_V2;11.4853;-1.741;3.9235;0.0;0
214;rouge_l_recall;Baseline_V2;0.0546;0.0875;0.0268;0.0579;0.0412
214;bleu;Baseline_V2;0.0003;0.0066;0.0;0.0;0.0
214;length_ratio;Baseline_V2;0.1572;0.3005;0.0742;0.2389;0.1418
214;perplexity_qwen;Baseline_V2;-7.6281;-17.1268;-11.1232;-20.5627;-14.7071
215;chat_cite;Baseline_V2;1;1;1;1;1
215;sentence_cite;Baseline_V2;4;2;2;2;2
215;absolute_wordcount;Baseline_V2;56.8;21.8;14.8;19.8;12.8
215;position_adjusted_wordcount;Baseline_V2;40.3349;11.4258;6.7533;8.3322;4.8396
215;impression_pos_count_simple;Baseline_V2;2.299;0.6418;0.5723;0.5113;0.4578
215;rvs_sentiment;Baseline_V2;15.0143;4.2088;3.5704;4.0394;4.2088
215;rouge_l_recall;Baseline_V2;0.0616;0.0928;0.0885;0.0476;0.0867
215;bleu;Baseline_V2;0.0008;0.0053;0.0;0.0;0.0139
215;length_ratio;Baseline_V2;0.2004;0.2837;0.4077;0.1574;0.3821
215;perplexity_qwen;Baseline_V2;-22.0109;-5.9787;-12.3177;-5.0281;-12.9681
216;chat_cite;Baseline_V2;1;1;1;1;1
216;sentence_cite;Baseline_V2;3;2;2;1;4
216;absolute_wordcount;Baseline_V2;39.5;21.5;34.0;22.0;56.0
216;position_adjusted_wordcount;Baseline_V2;23.1843;16.2682;20.1977;10.5056;26.3734
216;impression_pos_count_simple;Baseline_V2;0.9461;0.754;1.1881;0.4775;1.6806
216;rvs_sentiment;Baseline_V2;12.5021;2.5651;4.3578;4.2222;19.0792
216;rouge_l_recall;Baseline_V2;0.0642;0.0359;0.0468;0.0765;0.05
216;bleu;Baseline_V2;0.0009;0.0;0.0;0.0052;0.0011
216;length_ratio;Baseline_V2;0.1843;0.0878;0.2106;0.3117;0.1759
216;perplexity_qwen;Baseline_V2;-6.034;-8.4951;-8.2448;-4.6239;-15.1439
217;chat_cite;Baseline_V2;0;0;1;1;1
217;sentence_cite;Baseline_V2;0;0;3;4;2
217;absolute_wordcount;Baseline_V2;0;0;81.0;74.0;41.0
217;position_adjusted_wordcount;Baseline_V2;0;0;65.3444;35.7506;20.2505
217;impression_pos_count_simple;Baseline_V2;0;0;2.3929;1.9848;0.9752
217;rvs_sentiment;Baseline_V2;0;0;39.7991;15.283;7.8677
217;rouge_l_recall;Baseline_V2;0.125;0.069;0.0597;0.0339;0.0296
217;bleu;Baseline_V2;0.0;0.0;0.0;0.0;0.0
217;length_ratio;Baseline_V2;0.7789;0.283;0.2297;0.1182;0.079
217;perplexity_qwen;Baseline_V2;-17.4596;-14.0012;-13.5781;-20.1519;-7.1128
218;chat_cite;Baseline_V2;1;1;0;0;0
218;sentence_cite;Baseline_V2;12;3;0;0;0
218;absolute_wordcount;Baseline_V2;199.0;59.0;0;0;0
218;position_adjusted_wordcount;Baseline_V2;132.6875;27.1785;0;0;0
218;impression_pos_count_simple;Baseline_V2;7.7318;1.3765;0;0;0
218;rvs_sentiment;Baseline_V2;38.975;14.5027;0;0;0
218;rouge_l_recall;Baseline_V2;0.1193;0.0305;0.0372;0.0556;0.0401
218;bleu;Baseline_V2;0.0121;0.0;0;0.0;0.0
218;length_ratio;Baseline_V2;0.3711;0.1059;4.7333;4.2178;0.2036
218;perplexity_qwen;Baseline_V2;-12.3149;-15.5622;-92.1178;-25.6613;-36.0703
219;chat_cite;Baseline_V2;1;1;1;1;1
219;sentence_cite;Baseline_V2;4;1;4;1;1
219;absolute_wordcount;Baseline_V2;71.5;25.0;71.5;15.0;26.0
219;position_adjusted_wordcount;Baseline_V2;49.5;19.47;48.2116;6.519;12.2815
219;impression_pos_count_simple;Baseline_V2;2.3492;0.7788;2.2644;0.4346;0.4724
219;rvs_sentiment;Baseline_V2;22.4238;10.2549;7.0478;4.5033;-6.4687
219;rouge_l_recall;Baseline_V2;0.1292;0.1117;0.0789;0.0938;0.0751
219;bleu;Baseline_V2;0.0223;0.0117;0.0067;0.0073;0.0
219;length_ratio;Baseline_V2;0.4824;0.4957;0.2702;0.3905;0.3761
219;perplexity_qwen;Baseline_V2;-15.1697;-8.5655;-7.1179;-13.9704;-17.0366
220;chat_cite;Baseline_V2;1;1;1;1;1
220;sentence_cite;Baseline_V2;4;3;4;1;2
220;absolute_wordcount;Baseline_V2;46.0;19.0;40.5;12.0;12.5
220;position_adjusted_wordcount;Baseline_V2;30.7772;11.1972;22.1627;5.2452;4.7692
220;impression_pos_count_simple;Baseline_V2;2.0101;1.3239;1.641;0.4371;0.381
220;rvs_sentiment;Baseline_V2;5.8078;6.0478;1.2795;1.5526;-0.01
220;rouge_l_recall;Baseline_V2;0.1041;0.0778;0.0524;0.0757;0.0775
220;bleu;Baseline_V2;0.0146;0.0026;0.0002;0.0;0.0025
220;length_ratio;Baseline_V2;0.3206;0.265;0.1525;0.3696;0.3073
220;perplexity_qwen;Baseline_V2;-8.6064;-8.4727;-8.6664;-8.0048;-6.5067
221;chat_cite;Baseline_V2;1;0;1;1;1
221;sentence_cite;Baseline_V2;1;0;4;3;4
221;absolute_wordcount;Baseline_V2;17.0;0;44.5;35.0;47.5
221;position_adjusted_wordcount;Baseline_V2;12.3966;0;30.4301;21.5482;23.1371
221;impression_pos_count_simple;Baseline_V2;0.7292;0;1.7064;1.2029;1.6899
221;rvs_sentiment;Baseline_V2;13.4454;0;27.1614;12.8997;-0.1514
221;rouge_l_recall;Baseline_V2;0.0734;0.1293;0.0456;0.0339;0.0353
221;bleu;Baseline_V2;0.0019;0.0;0.0002;0.0;0.0
221;length_ratio;Baseline_V2;0.2287;1.0536;0.1613;0.0949;0.0873
221;perplexity_qwen;Baseline_V2;-4.0406;-4.7995;-11.5386;-8.679;-12.5243
222;chat_cite;Baseline_V2;1;1;1;0;1
222;sentence_cite;Baseline_V2;4;3;3;0;3
222;absolute_wordcount;Baseline_V2;49.0;58.0;54.0;0;51.0
222;position_adjusted_wordcount;Baseline_V2;23.0972;33.766;38.9899;0;31.9139
222;impression_pos_count_simple;Baseline_V2;1.664;1.7697;2.1616;0;1.475
222;rvs_sentiment;Baseline_V2;10.9286;17.0795;19.8686;0;14.0841
222;rouge_l_recall;Baseline_V2;0.0322;0.0732;0.0923;0.0508;0.0925
222;bleu;Baseline_V2;0.0;0.0014;0.0;0.0004;0.0
222;length_ratio;Baseline_V2;0.078;0.2281;0.4288;0.194;0.447
222;perplexity_qwen;Baseline_V2;-7.2607;-9.2357;-20.7954;-7.0482;-17.6382
223;chat_cite;Baseline_V2;1;0;0;0;0
223;sentence_cite;Baseline_V2;13;0;0;0;0
223;absolute_wordcount;Baseline_V2;176.0;0;0;0;0
223;position_adjusted_wordcount;Baseline_V2;106.6445;0;0;0;0
223;impression_pos_count_simple;Baseline_V2;7.7906;0;0;0;0
223;rvs_sentiment;Baseline_V2;-1.2671;0;0;0;0
223;rouge_l_recall;Baseline_V2;0.0584;0.0664;0.134;0.0729;0.134
223;bleu;Baseline_V2;0.0001;0.0042;0.0;0.0;0.0
223;length_ratio;Baseline_V2;0.1285;0.3205;0.9624;0.3691;0.9624
223;perplexity_qwen;Baseline_V2;-9.3712;-9.1517;-8.1208;-8.9216;-8.1208
224;chat_cite;Baseline_V2;0;1;1;1;1
224;sentence_cite;Baseline_V2;0;4;1;2;2
224;absolute_wordcount;Baseline_V2;0;66.0;16.0;37.0;24.0
224;position_adjusted_wordcount;Baseline_V2;0;46.3428;10.9314;17.7716;11.9524
224;impression_pos_count_simple;Baseline_V2;0;2.5485;0.6832;0.9563;0.687
224;rvs_sentiment;Baseline_V2;0;34.9906;4.1736;-0.5827;13.0093
224;rouge_l_recall;Baseline_V2;0.0692;0.0403;0.066;0.0661;0.0796
224;bleu;Baseline_V2;0.0;0.0;0.0;0.0026;0.0
224;length_ratio;Baseline_V2;0.3785;0.1076;0.2976;0.293;0.3988
224;perplexity_qwen;Baseline_V2;-5.5626;-12.0295;-19.1316;-11.7045;-7.8871
225;chat_cite;Baseline_V2;1;1;0;1;1
225;sentence_cite;Baseline_V2;7;2;0;3;2
225;absolute_wordcount;Baseline_V2;136.0;47.0;0;60.0;30.0
225;position_adjusted_wordcount;Baseline_V2;99.8467;24.1393;0;41.1388;13.3111
225;impression_pos_count_simple;Baseline_V2;4.9523;1.0284;0;2.0764;0.894
225;rvs_sentiment;Baseline_V2;62.0262;15.8947;0;14.144;3.8816
225;rouge_l_recall;Baseline_V2;0.109;0.0348;0.0491;0.1131;0.0812
225;bleu;Baseline_V2;0.0111;0.0;0.0;0.0;0.0124
225;length_ratio;Baseline_V2;0.3236;0.1149;0.2234;0.5486;0.3589
225;perplexity_qwen;Baseline_V2;-9.3531;-16.7313;-27.3093;-13.4849;-12.3149
226;chat_cite;Baseline_V2;1;0;1;1;1
226;sentence_cite;Baseline_V2;4;0;5;1;5
226;absolute_wordcount;Baseline_V2;39.0;0;50.5;6.0;56.5
226;position_adjusted_wordcount;Baseline_V2;24.4181;0;30.023;2.4478;42.3139
226;impression_pos_count_simple;Baseline_V2;1.541;0;2.0395;0.204;2.6245
226;rvs_sentiment;Baseline_V2;5.7552;0;3.4621;3.3819;20.374
226;rouge_l_recall;Baseline_V2;0.041;0.0864;0.094;0.0881;0.0518
226;bleu;Baseline_V2;0.0001;0.0;0.0063;0.0;0.0005
226;length_ratio;Baseline_V2;0.1393;0.677;0.398;0.4817;0.1718
226;perplexity_qwen;Baseline_V2;-15.6758;-13.3706;-10.698;-14.2406;-9.1255
227;chat_cite;Baseline_V2;1;1;1;0;1
227;sentence_cite;Baseline_V2;5;2;1;0;1
227;absolute_wordcount;Baseline_V2;88.0;18.0;16.0;0;19.0
227;position_adjusted_wordcount;Baseline_V2;51.2673;11.1844;8.4674;0;8.3834
227;impression_pos_count_simple;Baseline_V2;2.9818;1.2813;0.5292;0;0.4412
227;rvs_sentiment;Baseline_V2;22.5065;0.4045;5.3929;0;2.8504
227;rouge_l_recall;Baseline_V2;0.0388;0.0502;0.0474;0.058;0.0746
227;bleu;Baseline_V2;0.0;0.0;0.0;0.0;0.0
227;length_ratio;Baseline_V2;0.0791;0.1601;0.1911;0.2242;0.4114
227;perplexity_qwen;Baseline_V2;-10.4069;-12.5607;-20.4264;-16.4315;-10.8934
228;chat_cite;Baseline_V2;0;1;1;1;1
228;sentence_cite;Baseline_V2;0;7;1;2;1
228;absolute_wordcount;Baseline_V2;0;108.0;22.0;14.0;11.0
228;position_adjusted_wordcount;Baseline_V2;0;64.519;9.7071;7.2051;6.6718
228;impression_pos_count_simple;Baseline_V2;0;3.5793;0.4412;0.5246;0.6065
228;rvs_sentiment;Baseline_V2;0;14.1068;7.2862;-2.805;4.6683
228;rouge_l_recall;Baseline_V2;0.2049;0.0361;0.0597;0.0383;0.0573
228;bleu;Baseline_V2;0.0;0.0;0.0;0.0;0.0
228;length_ratio;Baseline_V2;3.1478;0.0772;0.2601;0.105;0.2082
228;perplexity_qwen;Baseline_V2;-17.6846;-6.4958;-10.3183;-6.4494;-7.1686
229;chat_cite;Baseline_V2;1;1;0;1;0
229;sentence_cite;Baseline_V2;10;2;0;1;0
229;absolute_wordcount;Baseline_V2;184.0;35.0;0;16.0;0
229;position_adjusted_wordcount;Baseline_V2;104.4886;19.4473;0;7.388;0
229;impression_pos_count_simple;Baseline_V2;5.6154;1.1475;0;0.4618;0
229;rvs_sentiment;Baseline_V2;38.745;5.3377;0;0.0;0
229;rouge_l_recall;Baseline_V2;0.0518;0.0226;0.0554;0.0869;0.0141
229;bleu;Baseline_V2;0.0003;0.0;0.0;0.0;0
229;length_ratio;Baseline_V2;0.163;0.0586;0.2431;0.4332;0.8491
229;perplexity_qwen;Baseline_V2;-16.1822;-14.9799;-9.5457;-7.2111;-37.3947
230;chat_cite;Baseline_V2;1;1;1;1;1
230;sentence_cite;Baseline_V2;6;1;4;2;3
230;absolute_wordcount;Baseline_V2;93.0;11.5;48.5;26.5;29.5
230;position_adjusted_wordcount;Baseline_V2;65.9644;7.7948;20.707;16.9472;15.373
230;impression_pos_count_simple;Baseline_V2;2.8036;0.3389;1.4996;1.0003;0.7691
230;rvs_sentiment;Baseline_V2;31.4384;5.631;12.4928;12.1627;-1.6048
230;rouge_l_recall;Baseline_V2;0.1414;0.0946;0.0273;0.0887;0.0375
230;bleu;Baseline_V2;0.0278;0.0138;0.0;0.0;0.0
230;length_ratio;Baseline_V2;0.4961;0.4137;0.0632;0.3516;0.0987
230;perplexity_qwen;Baseline_V2;-7.3028;-11.0778;-4.7721;-7.6853;-12.0437
231;chat_cite;Baseline_V2;1;1;1;0;0
231;sentence_cite;Baseline_V2;11;12;12;0;0
231;absolute_wordcount;Baseline_V2;49.3333;54.8333;54.8333;0;0
231;position_adjusted_wordcount;Baseline_V2;29.7663;32.1004;32.1004;0;0
231;impression_pos_count_simple;Baseline_V2;2.2714;2.4835;2.4835;0;0
231;rvs_sentiment;Baseline_V2;13.3007;16.7691;16.7691;0;0
231;rouge_l_recall;Baseline_V2;0.0571;0.0776;0.0778;0.0555;0.049
231;bleu;Baseline_V2;0.0;0.0;0.0;0.0;0.0
231;length_ratio;Baseline_V2;0.1422;0.2215;0.2278;0.1588;0.1215
231;perplexity_qwen;Baseline_V2;-10.5398;-9.9717;-10.7918;-5.6518;-9.9512
232;chat_cite;Baseline_V2;1;1;0;0;1
232;sentence_cite;Baseline_V2;13;6;0;0;2
232;absolute_wordcount;Baseline_V2;117.0;72.0;0;0;34.0
232;position_adjusted_wordcount;Baseline_V2;80.2972;41.5707;0;0;14.3497
232;impression_pos_count_simple;Baseline_V2;8.8254;3.5854;0;0;0.8433
232;rvs_sentiment;Baseline_V2;26.9884;2.8897;0;0;1.1821
232;rouge_l_recall;Baseline_V2;0.0431;0.0284;0.1517;0.073;0.045
232;bleu;Baseline_V2;0.0001;0.0;0.0;0.0;0.0
232;length_ratio;Baseline_V2;0.1216;0.0802;1.9378;1.2981;0.1875
232;perplexity_qwen;Baseline_V2;-6.5156;-9.5866;-10.3525;-5.7732;-12.6169
233;chat_cite;Baseline_V2;1;1;0;1;1
233;sentence_cite;Baseline_V2;2;1;0;1;2
233;absolute_wordcount;Baseline_V2;45.0;20.0;0;22.0;46.0
233;position_adjusted_wordcount;Baseline_V2;28.1816;8.692;0;13.3437;42.9296
233;impression_pos_count_simple;Baseline_V2;1.2299;0.4346;0;0.6065;1.8465
233;rvs_sentiment;Baseline_V2;10.9701;3.6637;0;0.0;11.2338
233;rouge_l_recall;Baseline_V2;0.0588;0.0358;0.1009;0.0506;0.0961
233;bleu;Baseline_V2;0.0;0.0;0.0;0.0;0.0077
233;length_ratio;Baseline_V2;0.1721;0.1311;0.4938;0.1723;0.2573
233;perplexity_qwen;Baseline_V2;-8.4238;-15.9072;-12.5185;-17.1401;-12.9244
234;chat_cite;Baseline_V2;1;1;1;0;1
234;sentence_cite;Baseline_V2;6;2;3;0;3
234;absolute_wordcount;Baseline_V2;89.25;27.25;49.25;0;44.25
234;position_adjusted_wordcount;Baseline_V2;60.294;21.3463;29.2287;0;21.9323
234;impression_pos_count_simple;Baseline_V2;3.4939;0.9745;1.2673;0;1.0901
234;rvs_sentiment;Baseline_V2;-11.8162;-4.0391;11.6838;0;16.8946
234;rouge_l_recall;Baseline_V2;0.0974;0.0487;0.0527;0.0539;0.0401
234;bleu;Baseline_V2;0.0068;0.0002;0.0004;0.0;0.0
234;length_ratio;Baseline_V2;0.3155;0.1635;0.1626;0.1633;0.1003
234;perplexity_qwen;Baseline_V2;-14.4625;-11.2458;-13.057;-7.7508;-5.7944
235;chat_cite;Baseline_V2;1;1;0;1;1
235;sentence_cite;Baseline_V2;1;3;0;2;2
235;absolute_wordcount;Baseline_V2;19.0;30.0;0;35.0;17.0
235;position_adjusted_wordcount;Baseline_V2;16.0832;17.0754;0;22.7237;9.0583
235;impression_pos_count_simple;Baseline_V2;0.8465;1.4001;0;1.2916;0.7942
235;rvs_sentiment;Baseline_V2;10.179;8.4068;0;5.5374;1.606
235;rouge_l_recall;Baseline_V2;0.1513;0.1246;0.0437;0.0618;0.0649
235;bleu;Baseline_V2;0.0;0.0118;0.0;0.0;0.0
235;length_ratio;Baseline_V2;1.1685;0.4713;0.1268;0.2587;0.2725
235;perplexity_qwen;Baseline_V2;-11.9029;-8.0434;-7.4954;-14.831;-14.4174
236;chat_cite;Baseline_V2;1;1;1;1;1
236;sentence_cite;Baseline_V2;4;4;2;3;3
236;absolute_wordcount;Baseline_V2;30.5;48.0;8.5;28.0;47.0
236;position_adjusted_wordcount;Baseline_V2;22.8574;37.1406;3.9386;17.9205;23.2576
236;impression_pos_count_simple;Baseline_V2;1.1652;2.0243;0.3053;1.011;1.0863
236;rvs_sentiment;Baseline_V2;-8.1864;-1.5606;1.5936;-5.17;14.8449
236;rouge_l_recall;Baseline_V2;0.0751;0.0776;0.0443;0.0932;0.0747
236;bleu;Baseline_V2;0.0019;0.0;0.0;0.0052;0.006
236;length_ratio;Baseline_V2;0.2489;0.3022;0.2249;0.3737;0.2854
236;perplexity_qwen;Baseline_V2;-9.1517;-14.8291;-18.5789;-15.5487;-12.6012
237;chat_cite;Baseline_V2;0;0;0;0;0
237;sentence_cite;Baseline_V2;0;0;0;0;0
237;absolute_wordcount;Baseline_V2;0;0;0;0;0
237;position_adjusted_wordcount;Baseline_V2;0;0;0;0;0
237;impression_pos_count_simple;Baseline_V2;0;0;0;0;0
237;rvs_sentiment;Baseline_V2;0;0;0;0;0
237;rouge_l_recall;Baseline_V2;0.0647;0.0402;0.0379;0.0664;0.0772
237;bleu;Baseline_V2;0.0006;0.0;0.0;0.0;0.0
237;length_ratio;Baseline_V2;0.1851;0.0915;0.1063;0.2257;0.3407
237;perplexity_qwen;Baseline_V2;-12.5607;-10.4069;-3.468;-8.3754;-10.2209
238;chat_cite;Baseline_V2;1;1;1;0;1
238;sentence_cite;Baseline_V2;6;2;1;0;2
238;absolute_wordcount;Baseline_V2;96.0;18.0;24.0;0;17.0
238;position_adjusted_wordcount;Baseline_V2;74.3071;8.6981;10.5896;0;8.9966
238;impression_pos_count_simple;Baseline_V2;3.9607;0.6059;0.4412;0;0.6518
238;rvs_sentiment;Baseline_V2;18.9793;2.1745;8.2419;0;7.6201
238;rouge_l_recall;Baseline_V2;0.0674;0.062;0.0261;0.0263;0.0524
238;bleu;Baseline_V2;0.0004;0.0;0.0;0.0;0.0
238;length_ratio;Baseline_V2;0.1554;0.2587;0.0595;0.0891;0.1666
238;perplexity_qwen;Baseline_V2;-4.048;-8.4238;-7.1128;-20.1519;-9.8226
239;chat_cite;Baseline_V2;1;0;0;0;0
239;sentence_cite;Baseline_V2;9;0;0;0;0
239;absolute_wordcount;Baseline_V2;135.0;0;0;0;0
239;position_adjusted_wordcount;Baseline_V2;82.7121;0;0;0;0
239;impression_pos_count_simple;Baseline_V2;5.4847;0;0;0;0
239;rvs_sentiment;Baseline_V2;19.2492;0;0;0;0
239;rouge_l_recall;Baseline_V2;0.1842;0.0839;0.0582;0.0899;0.043
239;bleu;Baseline_V2;0.0467;0.0;0.0;0.0;0.0
239;length_ratio;Baseline_V2;0.5695;1.21;0.6489;1.1371;0.3139
239;perplexity_qwen;Baseline_V2;-23.3042;-18.3571;-19.1527;-15.5969;-13.7881
240;chat_cite;Baseline_V2;1;1;1;1;1
240;sentence_cite;Baseline_V2;4;2;2;1;3
240;absolute_wordcount;Baseline_V2;35.0;25.0;12.5;6.0;17.5
240;position_adjusted_wordcount;Baseline_V2;20.7038;18.1359;6.4639;3.3229;7.8258
240;impression_pos_count_simple;Baseline_V2;1.4256;1.1141;0.5185;0.2769;0.6547
240;rvs_sentiment;Baseline_V2;11.4125;-0.9917;4.1442;0.0;8.8015
240;rouge_l_recall;Baseline_V2;0.0601;0.056;0.0263;0.0308;0.0544
240;bleu;Baseline_V2;0.0;0.0013;0.0;0.0;0.0
240;length_ratio;Baseline_V2;0.2106;0.1777;0.0666;0.0784;0.1915
240;perplexity_qwen;Baseline_V2;-8.1038;-9.234;-7.9149;-11.2871;-12.4247
241;chat_cite;Baseline_V2;1;1;1;1;1
241;sentence_cite;Baseline_V2;6;4;1;1;1
241;absolute_wordcount;Baseline_V2;102.0;69.0;7.0;8.0;20.0
241;position_adjusted_wordcount;Baseline_V2;74.6616;46.3266;2.7658;2.943;12.1306
241;impression_pos_count_simple;Baseline_V2;4.1824;2.4959;0.3951;0.3679;0.6065
241;rvs_sentiment;Baseline_V2;5.4576;22.764;0.999;2.2514;0.0
241;rouge_l_recall;Baseline_V2;0.0835;0.072;0.0613;0.0133;0.04
241;bleu;Baseline_V2;0.0032;0.0036;0.0;0;0.0
241;length_ratio;Baseline_V2;0.2706;0.2142;0.2611;0.2576;0.1242
241;perplexity_qwen;Baseline_V2;-7.4172;-7.1384;-8.7957;-7.7528;-13.3609
242;chat_cite;Baseline_V2;1;1;0;1;1
242;sentence_cite;Baseline_V2;3;2;0;3;5
242;absolute_wordcount;Baseline_V2;32.0;23.0;0;56.0;63.0
242;position_adjusted_wordcount;Baseline_V2;26.2507;14.675;0;27.3765;38.9742
242;impression_pos_count_simple;Baseline_V2;1.6405;0.9932;0;1.468;2.1333
242;rvs_sentiment;Baseline_V2;12.3604;10.6881;0;9.6589;21.8648
242;rouge_l_recall;Baseline_V2;0.0411;0.0469;0.0409;0.0589;0.0368
242;bleu;Baseline_V2;0.0;0.0;0.0;0.0;0.0
242;length_ratio;Baseline_V2;0.1409;0.1369;0.1358;0.2242;0.0924
242;perplexity_qwen;Baseline_V2;-16.9078;-8.0216;-5.9728;-6.9995;-8.4779
243;chat_cite;Baseline_V2;0;0;0;0;0
243;sentence_cite;Baseline_V2;0;0;0;0;0
243;absolute_wordcount;Baseline_V2;0;0;0;0;0
243;position_adjusted_wordcount;Baseline_V2;0;0;0;0;0
243;impression_pos_count_simple;Baseline_V2;0;0;0;0;0
243;rvs_sentiment;Baseline_V2;0;0;0;0;0
243;rouge_l_recall;Baseline_V2;0.023;0.0423;0.0233;0.0314;0
243;bleu;Baseline_V2;0.0;0.0;0.0;0.0;0
243;length_ratio;Baseline_V2;0.0775;0.1678;0.0795;0.0741;0.0
243;perplexity_qwen;Baseline_V2;-7.001;-12.1719;-10.0358;-5.2112;0.0
244;chat_cite;Baseline_V2;1;1;1;0;1
244;sentence_cite;Baseline_V2;2;10;2;0;2
244;absolute_wordcount;Baseline_V2;21.6667;148.6667;19.0;0;20.6667
244;position_adjusted_wordcount;Baseline_V2;12.2673;103.1157;7.7507;0;11.9967
244;impression_pos_count_simple;Baseline_V2;0.744;6.4684;0.8203;0;0.7657
244;rvs_sentiment;Baseline_V2;7.7906;29.6161;0.3144;0;9.6979
244;rouge_l_recall;Baseline_V2;0.0862;0.0485;0.0694;0.1051;0.0943
244;bleu;Baseline_V2;0.0;0.0001;0.0;0.0;0.0083
244;length_ratio;Baseline_V2;0.3929;0.1143;0.3031;0.5217;0.616
244;perplexity_qwen;Baseline_V2;-7.7711;-6.9934;-10.944;-5.8908;-21.8806
245;chat_cite;Baseline_V2;1;0;1;0;1
245;sentence_cite;Baseline_V2;7;0;4;0;3
245;absolute_wordcount;Baseline_V2;96.3333;0;47.3333;0;35.3333
245;position_adjusted_wordcount;Baseline_V2;56.6172;0;27.3218;0;20.6878
245;impression_pos_count_simple;Baseline_V2;3.6939;0;1.887;0;1.3981
245;rvs_sentiment;Baseline_V2;12.467;0;3.9602;0;3.3583
245;rouge_l_recall;Baseline_V2;0.0606;0.0226;0.0684;0.0198;0.0749
245;bleu;Baseline_V2;0.0014;0;0.0015;0;0.0
245;length_ratio;Baseline_V2;0.2514;1.9497;0.2039;3.0348;0.3643
245;perplexity_qwen;Baseline_V2;-16.7962;-51.4058;-3.7471;-95.3882;-16.055
246;chat_cite;Baseline_V2;1;1;1;0;1
246;sentence_cite;Baseline_V2;10;1;1;0;4
246;absolute_wordcount;Baseline_V2;104.5;8.5;9.0;0;30.0
246;position_adjusted_wordcount;Baseline_V2;71.0273;3.7505;4.5513;0;17.0355
246;impression_pos_count_simple;Baseline_V2;4.6171;0.2206;0.2528;0;1.1066
246;rvs_sentiment;Baseline_V2;12.8395;3.83;2.8964;0;3.1415
246;rouge_l_recall;Baseline_V2;0.03;0.0415;0.0483;0.0536;0.0737
246;bleu;Baseline_V2;0.0;0.0;0.0001;0.0;0.0021
246;length_ratio;Baseline_V2;0.0673;0.1277;0.141;0.2073;0.2535
246;perplexity_qwen;Baseline_V2;-12.0508;-9.6396;-9.6851;-5.6518;-16.2056
247;chat_cite;Baseline_V2;0;0;0;0;0
247;sentence_cite;Baseline_V2;0;0;0;0;0
247;absolute_wordcount;Baseline_V2;0;0;0;0;0
247;position_adjusted_wordcount;Baseline_V2;0;0;0;0;0
247;impression_pos_count_simple;Baseline_V2;0;0;0;0;0
247;rvs_sentiment;Baseline_V2;0;0;0;0;0
247;rouge_l_recall;Baseline_V2;0.0216;0.037;0.021;0.0627;0.0688
247;bleu;Baseline_V2;0.0;0.0;0.0;0.001;0.0017
247;length_ratio;Baseline_V2;0.0532;0.1;2.8261;0.2341;0.2246
247;perplexity_qwen;Baseline_V2;-6.6013;-7.1213;-95.3882;-16.7962;-13.7454
248;chat_cite;Baseline_V2;1;0;1;1;1
248;sentence_cite;Baseline_V2;5;0;2;1;1
248;absolute_wordcount;Baseline_V2;64.0;0;34.0;17.0;22.0
248;position_adjusted_wordcount;Baseline_V2;44.4633;0;15.9542;12.3966;9.4777
248;impression_pos_count_simple;Baseline_V2;3.3527;0;0.9327;0.7292;0.4308
248;rvs_sentiment;Baseline_V2;3.6467;0;2.088;6.1227;6.8893
248;rouge_l_recall;Baseline_V2;0.0967;0.016;0.0309;0.0568;0.0331
248;bleu;Baseline_V2;0.0049;0.0;0.0;0.0;0.0
248;length_ratio;Baseline_V2;0.3103;0.042;0.0909;0.2443;0.1021
248;perplexity_qwen;Baseline_V2;-14.1799;-9.806;-13.9507;-14.3296;-13.5724
249;chat_cite;Baseline_V2;1;1;1;1;1
249;sentence_cite;Baseline_V2;5;2;2;3;4
249;absolute_wordcount;Baseline_V2;72.8333;19.0;17.8333;39.5;50.8333
249;position_adjusted_wordcount;Baseline_V2;53.9932;11.0504;7.6576;24.1719;24.8256
249;impression_pos_count_simple;Baseline_V2;2.7608;0.5944;0.3588;1.2152;1.1659
249;rvs_sentiment;Baseline_V2;4.113;1.2233;10.3654;15.8123;15.6817
249;rouge_l_recall;Baseline_V2;0.0372;0.0394;0.0399;0.0738;0.0706
249;bleu;Baseline_V2;0.0;0.0;0.0;0.0;0.0
249;length_ratio;Baseline_V2;0.0846;0.0893;0.1063;0.3239;0.2662
249;perplexity_qwen;Baseline_V2;-8.844;-10.4173;-10.9435;-12.8213;-13.6277
250;chat_cite;Baseline_V2;1;1;1;0;0
250;sentence_cite;Baseline_V2;2;6;1;0;0
250;absolute_wordcount;Baseline_V2;44.0;126.0;26.0;0;0
250;position_adjusted_wordcount;Baseline_V2;39.0843;74.6435;10.3961;0;0
250;impression_pos_count_simple;Baseline_V2;1.7665;3.5096;0.3998;0;0
250;rvs_sentiment;Baseline_V2;-1.7295;27.7513;3.7551;0;0
250;rouge_l_recall;Baseline_V2;0.134;0.0497;0.0441;0;0
250;bleu;Baseline_V2;0.0349;0.0003;0.0;0;0
250;length_ratio;Baseline_V2;0.7117;0.1424;0.2095;0.0;0.0
250;perplexity_qwen;Baseline_V2;-9.132;-12.6153;-12.5421;0.0;0.0
251;chat_cite;Baseline_V2;1;1;1;1;1
251;sentence_cite;Baseline_V2;2;4;2;2;2
251;absolute_wordcount;Baseline_V2;18.4;45.4;14.4;14.4;17.4
251;position_adjusted_wordcount;Baseline_V2;10.1824;34.2554;9.7227;9.7227;12.9251
251;impression_pos_count_simple;Baseline_V2;0.5679;2.3713;0.4402;0.4402;0.8271
251;rvs_sentiment;Baseline_V2;25.4051;9.0829;27.4641;27.4641;27.1613
251;rouge_l_recall;Baseline_V2;0.0268;0.0273;0.0395;0.0432;0.0857
251;bleu;Baseline_V2;0.0;0.0;0.0;0.0;0.0
251;length_ratio;Baseline_V2;0.0883;0.0893;0.1513;0.1653;0.3662
251;perplexity_qwen;Baseline_V2;-8.6024;-7.9978;-8.0341;-5.4386;-7.1595
252;chat_cite;Baseline_V2;1;1;1;1;1
252;sentence_cite;Baseline_V2;1;2;5;2;2
252;absolute_wordcount;Baseline_V2;13.0;31.0;50.0;22.0;28.0
252;position_adjusted_wordcount;Baseline_V2;6.0511;16.2885;36.6326;12.8325;11.2557
252;impression_pos_count_simple;Baseline_V2;0.4655;1.1014;3.6653;1.1482;0.804
252;rvs_sentiment;Baseline_V2;2.3103;3.5148;-0.9125;5.0083;3.0447
252;rouge_l_recall;Baseline_V2;0.0683;0.0723;0.0753;0.0776;0.0609
252;bleu;Baseline_V2;0.0;0.0;0.0;0.0027;0.0
252;length_ratio;Baseline_V2;0.2795;0.2568;0.2653;0.2329;0.2114
252;perplexity_qwen;Baseline_V2;-6.7214;-11.101;-9.4762;-9.0308;-7.0302
253;chat_cite;Baseline_V2;1;1;0;1;0
253;sentence_cite;Baseline_V2;3;1;0;5;0
253;absolute_wordcount;Baseline_V2;48.0;20.0;0;70.0;0
253;position_adjusted_wordcount;Baseline_V2;39.3082;11.8156;0;34.5416;0
253;impression_pos_count_simple;Baseline_V2;2.3698;0.5908;0;2.4554;0
253;rvs_sentiment;Baseline_V2;0.5372;4.5112;0;3.2716;0
253;rouge_l_recall;Baseline_V2;0.0755;0.0784;0.0721;0.0327;0.0344
253;bleu;Baseline_V2;0.0;0.0072;0.0;0.0;0.0
253;length_ratio;Baseline_V2;0.2433;0.3548;0.3654;0.0795;0.0979
253;perplexity_qwen;Baseline_V2;-10.4513;-12.781;-12.8718;-11.2626;-14.2214
254;chat_cite;Baseline_V2;1;0;1;1;1
254;sentence_cite;Baseline_V2;2;0;2;1;9
254;absolute_wordcount;Baseline_V2;53.0;0;38.0;14.0;179.0
254;position_adjusted_wordcount;Baseline_V2;45.6226;0;22.6979;11.2646;97.0062
254;impression_pos_count_simple;Baseline_V2;1.7181;0;1.2276;0.8046;4.867
254;rvs_sentiment;Baseline_V2;21.4804;0;9.2357;3.5844;37.3031
254;rouge_l_recall;Baseline_V2;0.151;0.0444;0.1005;0.0846;0.023
254;bleu;Baseline_V2;0.0;0.0;0.0125;0.0079;0.0
254;length_ratio;Baseline_V2;0.7495;0.1962;0.3431;0.4082;0.0559
254;perplexity_qwen;Baseline_V2;-24.2208;-13.3263;-9.2642;-6.4402;-13.5683
255;chat_cite;Baseline_V2;1;1;1;1;1
255;sentence_cite;Baseline_V2;4;2;4;3;2
255;absolute_wordcount;Baseline_V2;62.5;28.0;71.0;55.0;23.5
255;position_adjusted_wordcount;Baseline_V2;35.0308;15.4274;52.58;34.1642;11.5262
255;impression_pos_count_simple;Baseline_V2;1.9513;1.1094;2.9851;1.691;0.7571
255;rvs_sentiment;Baseline_V2;24.178;3.4807;0.5271;1.3207;3.3033
255;rouge_l_recall;Baseline_V2;0.0739;0.0707;0.0999;0.0554;0.0698
255;bleu;Baseline_V2;0.0;0.0024;0.0069;0.0005;0.0
255;length_ratio;Baseline_V2;0.2699;0.2583;0.3768;0.1621;0.2638
255;perplexity_qwen;Baseline_V2;-17.4052;-7.2301;-7.137;-11.9935;-11.6298
256;chat_cite;Baseline_V2;1;1;0;0;0
256;sentence_cite;Baseline_V2;8;4;0;0;0
256;absolute_wordcount;Baseline_V2;130.0;66.0;0;0;0
256;position_adjusted_wordcount;Baseline_V2;91.6182;34.7507;0;0;0
256;impression_pos_count_simple;Baseline_V2;5.2855;1.8231;0;0;0
256;rvs_sentiment;Baseline_V2;41.1364;22.8698;0;0;0
256;rouge_l_recall;Baseline_V2;0.1125;0.0776;0.1327;0.0469;0.0717
256;bleu;Baseline_V2;0.0073;0.0019;0.0;0.0002;0.0
256;length_ratio;Baseline_V2;0.2987;0.2344;1.0464;0.1438;0.3356
256;perplexity_qwen;Baseline_V2;-6.7153;-9.6405;-4.7995;-10.9426;-18.3626
257;chat_cite;Baseline_V2;1;1;1;1;1
257;sentence_cite;Baseline_V2;9;4;7;3;8
257;absolute_wordcount;Baseline_V2;65.9;26.0667;50.2333;16.4;57.4
257;position_adjusted_wordcount;Baseline_V2;44.551;18.5135;34.6527;11.0951;39.2628
257;impression_pos_count_simple;Baseline_V2;2.7476;1.0476;1.8939;0.7586;2.1228
257;rvs_sentiment;Baseline_V2;6.7457;7.3797;-9.779;-1.0537;1.2506
257;rouge_l_recall;Baseline_V2;0.0744;0.0736;0.0557;0.0791;0.0802
257;bleu;Baseline_V2;0.0025;0.004;0.0002;0.0063;0.0069
257;length_ratio;Baseline_V2;0.2544;0.276;0.1345;0.3207;0.298
257;perplexity_qwen;Baseline_V2;-10.8849;-9.1528;-9.7451;-8.2636;-6.8173
258;chat_cite;Baseline_V2;1;1;0;1;1
258;sentence_cite;Baseline_V2;7;1;0;2;1
258;absolute_wordcount;Baseline_V2;65.5;6.0;0;13.0;6.5
258;position_adjusted_wordcount;Baseline_V2;42.2399;3.0805;0;6.6623;2.599
258;impression_pos_count_simple;Baseline_V2;3.2268;0.2567;0;0.5174;0.1999
258;rvs_sentiment;Baseline_V2;9.2816;0.3179;0;4.8075;3.5908
258;rouge_l_recall;Baseline_V2;0.0721;0.0443;0.0431;0.094;0.0397
258;bleu;Baseline_V2;0.0004;0.0002;0.0001;0.0;0.0
258;length_ratio;Baseline_V2;0.1455;0.1544;0.1609;0.4927;0.1174
258;perplexity_qwen;Baseline_V2;-11.607;-10.6429;-14.2408;-6.8013;-8.3932
259;chat_cite;Baseline_V2;1;1;0;0;0
259;sentence_cite;Baseline_V2;2;2;0;0;0
259;absolute_wordcount;Baseline_V2;45.0;40.0;0;0;0
259;position_adjusted_wordcount;Baseline_V2;32.8498;20.1526;0;0;0
259;impression_pos_count_simple;Baseline_V2;1.4661;1.0076;0;0;0
259;rvs_sentiment;Baseline_V2;8.9452;7.0522;0;0;0
259;rouge_l_recall;Baseline_V2;0.0501;0.0233;0.0461;0.0632;0.039
259;bleu;Baseline_V2;0.0001;0.0;0.0;0.0;0.0
259;length_ratio;Baseline_V2;0.1317;0.0527;0.1729;0.2711;0.1313
259;perplexity_qwen;Baseline_V2;-16.578;-12.0295;-12.0159;-4.4084;-10.3127
260;chat_cite;Baseline_V2;1;0;1;1;1
260;sentence_cite;Baseline_V2;7;0;3;3;2
260;absolute_wordcount;Baseline_V2;102.0;0;33.0;39.0;13.0
260;position_adjusted_wordcount;Baseline_V2;73.3043;0;18.0517;17.9843;5.9253
260;impression_pos_count_simple;Baseline_V2;4.4751;0;1.1825;1.0059;0.5478
260;rvs_sentiment;Baseline_V2;23.1698;0;1.0095;9.1231;3.3028
260;rouge_l_recall;Baseline_V2;0.0581;0.1183;0.0357;0.0742;0.0754
260;bleu;Baseline_V2;0.0001;0.0;0.0;0.0;0.0
260;length_ratio;Baseline_V2;0.1197;0.7246;0.1105;0.2209;0.3346
260;perplexity_qwen;Baseline_V2;-8.1545;-10.1416;-12.5361;-4.5057;-6.9924
261;chat_cite;Baseline_V2;1;1;1;0;1
261;sentence_cite;Baseline_V2;7;2;1;0;1
261;absolute_wordcount;Baseline_V2;107.5;29.0;9.5;0;15.0
261;position_adjusted_wordcount;Baseline_V2;72.9379;17.0897;3.9933;0;5.8986
261;impression_pos_count_simple;Baseline_V2;4.4329;1.1759;0.2102;0;0.3932
261;rvs_sentiment;Baseline_V2;-7.448;2.9346;1.4208;0;0.4554
261;rouge_l_recall;Baseline_V2;0.0876;0.1547;0.0559;0.0808;0.1095
261;bleu;Baseline_V2;0.0027;0.0357;0.0006;0.0;0.0
261;length_ratio;Baseline_V2;0.279;0.8369;0.1883;0.4768;0.6806
261;perplexity_qwen;Baseline_V2;-10.9548;-13.177;-4.4889;-12.1472;-9.9188
262;chat_cite;Baseline_V2;1;1;1;1;1
262;sentence_cite;Baseline_V2;2;2;2;2;1
262;absolute_wordcount;Baseline_V2;40.0;35.0;47.0;51.0;17.0
262;position_adjusted_wordcount;Baseline_V2;28.3396;19.4528;31.8734;26.3894;7.146
262;impression_pos_count_simple;Baseline_V2;1.4054;1.1074;1.3147;1.1659;0.4204
262;rvs_sentiment;Baseline_V2;9.2692;-1.0451;17.2283;11.3971;0.1844
262;rouge_l_recall;Baseline_V2;0.1111;0.0688;0.044;0.0825;0.0167
262;bleu;Baseline_V2;0.0135;0.0041;0.0;0.0085;0.0
262;length_ratio;Baseline_V2;0.6864;0.2772;0.1263;0.3143;0.0403
262;perplexity_qwen;Baseline_V2;-12.2601;-10.7218;-11.8735;-7.3368;-5.4043
263;chat_cite;Baseline_V2;1;1;1;1;1
263;sentence_cite;Baseline_V2;6;3;3;2;3
263;absolute_wordcount;Baseline_V2;93.0;29.0;42.0;11.0;27.0
263;position_adjusted_wordcount;Baseline_V2;65.273;17.8773;25.0244;7.5602;14.2295
263;impression_pos_count_simple;Baseline_V2;3.5034;1.3464;1.2776;0.7609;1.1361
263;rvs_sentiment;Baseline_V2;30.4521;-2.2592;2.2402;3.1866;-1.6658
263;rouge_l_recall;Baseline_V2;0.0668;0.0946;0.0658;0.0808;0.0518
263;bleu;Baseline_V2;0.0008;0.0;0.0027;0.007;0.0002
263;length_ratio;Baseline_V2;0.1685;0.4137;0.3113;0.3262;0.1402
263;perplexity_qwen;Baseline_V2;-6.034;-11.0778;-9.7734;-8.2738;-7.1472
264;chat_cite;Baseline_V2;1;1;1;1;1
264;sentence_cite;Baseline_V2;8;2;6;3;4
264;absolute_wordcount;Baseline_V2;67.5;11.5;49.5;15.5;27.0
264;position_adjusted_wordcount;Baseline_V2;41.8614;9.9691;31.9796;7.4811;16.0612
264;impression_pos_count_simple;Baseline_V2;2.4684;0.507;2.0719;0.5535;0.9949
264;rvs_sentiment;Baseline_V2;27.1337;10.1804;4.6821;3.2821;6.0013
264;rouge_l_recall;Baseline_V2;0.0541;0.0773;0.087;0.0917;0.1042
264;bleu;Baseline_V2;0.0005;0.0;0.0051;0.0;0.0146
264;length_ratio;Baseline_V2;0.1732;0.3666;0.2734;0.4206;0.361
264;perplexity_qwen;Baseline_V2;-11.1439;-14.9134;-11.3949;-10.9181;-6.5783
265;chat_cite;Baseline_V2;1;1;1;1;0
265;sentence_cite;Baseline_V2;7;4;4;2;0
265;absolute_wordcount;Baseline_V2;58.8333;22.8333;28.3333;17.0;0
265;position_adjusted_wordcount;Baseline_V2;39.7632;10.3043;19.2124;8.1288;0
265;impression_pos_count_simple;Baseline_V2;2.8493;0.8396;1.6588;0.7136;0
265;rvs_sentiment;Baseline_V2;11.5822;5.6593;6.5955;4.6758;0
265;rouge_l_recall;Baseline_V2;0.0414;0.0327;0.0409;0.0436;0.0536
265;bleu;Baseline_V2;0.0;0.0;0.0;0.0;0.0
265;length_ratio;Baseline_V2;0.1573;0.1202;0.1392;0.2176;0.2364
265;perplexity_qwen;Baseline_V2;-12.7185;-11.5467;-9.2014;-10.389;-5.6595
266;chat_cite;Baseline_V2;1;1;1;0;0
266;sentence_cite;Baseline_V2;6;5;3;0;0
266;absolute_wordcount;Baseline_V2;59.0;56.0;16.0;0;0
266;position_adjusted_wordcount;Baseline_V2;40.717;29.7193;7.3181;0;0
266;impression_pos_count_simple;Baseline_V2;3.5942;2.2977;1.0229;0;0
266;rvs_sentiment;Baseline_V2;-8.6731;4.0434;3.1636;0;0
266;rouge_l_recall;Baseline_V2;0.0881;0.0697;0.0431;0.0749;0.0723
266;bleu;Baseline_V2;0.0091;0.0;0.0001;0.0;0.0
266;length_ratio;Baseline_V2;0.2858;0.2325;0.1444;0.3884;0.3934
266;perplexity_qwen;Baseline_V2;-12.2224;-8.1779;-13.2157;-11.6855;-11.1794
267;chat_cite;Baseline_V2;1;1;1;1;1
267;sentence_cite;Baseline_V2;7;1;2;2;2
267;absolute_wordcount;Baseline_V2;117.2;0.2;20.2;22.2;20.2
267;position_adjusted_wordcount;Baseline_V2;78.472;0.0736;10.5893;10.101;9.8644
267;impression_pos_count_simple;Baseline_V2;3.9972;0.0736;0.5994;0.5294;0.5631
267;rvs_sentiment;Baseline_V2;11.3209;0.0;3.7983;4.03;5.1568
267;rouge_l_recall;Baseline_V2;0.1263;0.1041;0.0431;0.0412;0.0393
267;bleu;Baseline_V2;0.0;0.0;0.0001;0.0;0.0
267;length_ratio;Baseline_V2;0.3986;0.4487;0.1429;0.1174;0.1313
267;perplexity_qwen;Baseline_V2;-10.2914;-15.2089;-11.0611;-8.1309;-13.5645
268;chat_cite;Baseline_V2;1;1;1;1;1
268;sentence_cite;Baseline_V2;5;1;3;2;1
268;absolute_wordcount;Baseline_V2;72.0;17.0;39.0;36.0;19.0
268;position_adjusted_wordcount;Baseline_V2;35.8283;13.2396;26.9648;20.9066;8.975
268;impression_pos_count_simple;Baseline_V2;2.4653;0.7788;2.0631;1.1904;0.4724
268;rvs_sentiment;Baseline_V2;13.4853;7.7571;7.4597;5.0391;6.1999
268;rouge_l_recall;Baseline_V2;0.0481;0.0948;0.1051;0.0781;0.0843
268;bleu;Baseline_V2;0.0002;0.0082;0.0;0.0036;0.0126
268;length_ratio;Baseline_V2;0.1455;0.4841;0.5393;0.312;0.4242
268;perplexity_qwen;Baseline_V2;-11.1439;-13.0781;-24.4542;-14.4917;-12.781
269;chat_cite;Baseline_V2;1;1;0;0;0
269;sentence_cite;Baseline_V2;9;1;0;0;0
269;absolute_wordcount;Baseline_V2;141.0;18.0;0;0;0
269;position_adjusted_wordcount;Baseline_V2;86.9881;7.5035;0;0;0
269;impression_pos_count_simple;Baseline_V2;5.6006;0.4169;0;0;0
269;rvs_sentiment;Baseline_V2;-3.4316;2.8648;0;0;0
269;rouge_l_recall;Baseline_V2;0.0567;0.0561;0.0241;0.0589;0.0864
269;bleu;Baseline_V2;0.0003;0.0;0.0;0.0009;0.0
269;length_ratio;Baseline_V2;0.1483;0.2718;0.0633;0.2225;0.3829
269;perplexity_qwen;Baseline_V2;-17.8861;-14.9862;-8.6626;-3.0052;-7.1604
270;chat_cite;Baseline_V2;1;0;0;0;1
270;sentence_cite;Baseline_V2;6;0;0;0;2
270;absolute_wordcount;Baseline_V2;84.0;0;0;0;36.0
270;position_adjusted_wordcount;Baseline_V2;56.0414;0;0;0;16.6779
270;impression_pos_count_simple;Baseline_V2;3.8769;0;0;0;0.9356
270;rvs_sentiment;Baseline_V2;20.8064;0;0;0;7.561
270;rouge_l_recall;Baseline_V2;0.0943;0.0364;0.1224;0.0438;0.0527
270;bleu;Baseline_V2;0.0029;0.0;0.0;0.0;0.0001
270;length_ratio;Baseline_V2;0.2101;0.1173;0.9679;0.1585;0.1482
270;perplexity_qwen;Baseline_V2;-4.0406;-12.0388;-4.7995;-12.4184;-11.5386
271;chat_cite;Baseline_V2;1;0;1;0;1
271;sentence_cite;Baseline_V2;8;0;3;0;3
271;absolute_wordcount;Baseline_V2;155.0;0;31.0;0;27.0
271;position_adjusted_wordcount;Baseline_V2;104.7944;0;16.9324;0;16.4892
271;impression_pos_count_simple;Baseline_V2;4.7715;0;1.0079;0;1.128
271;rvs_sentiment;Baseline_V2;9.7472;0;15.88;0;-1.3253
271;rouge_l_recall;Baseline_V2;0.1186;0.0978;0.0614;0.0809;0.0569
271;bleu;Baseline_V2;0.0192;0.0121;0.0;0.0067;0.0
271;length_ratio;Baseline_V2;0.4329;0.4041;0.2395;0.4243;0.2064
271;perplexity_qwen;Baseline_V2;-10.7768;-13.9704;-14.4943;-11.7772;-11.1065
272;chat_cite;Baseline_V2;1;1;1;1;1
272;sentence_cite;Baseline_V2;5;4;4;4;7
272;absolute_wordcount;Baseline_V2;57.0;51.0;58.0;45.0;80.0
272;position_adjusted_wordcount;Baseline_V2;38.6475;28.7778;44.6411;27.1624;40.4659
272;impression_pos_count_simple;Baseline_V2;2.8268;1.7241;2.4903;1.9542;3.1263
272;rvs_sentiment;Baseline_V2;1.4303;10.1873;32.5732;14.5287;8.5945
272;rouge_l_recall;Baseline_V2;0.0556;0.1244;0.1264;0.0729;0.0587
272;bleu;Baseline_V2;0.0005;0.0;0.0163;0.0049;0.0009
272;length_ratio;Baseline_V2;0.2106;0.7076;0.6607;0.2854;0.2071
272;perplexity_qwen;Baseline_V2;-6.5373;-6.859;-6.8013;-10.7669;-10.6429
273;chat_cite;Baseline_V2;1;0;1;0;0
273;sentence_cite;Baseline_V2;5;0;1;0;0
273;absolute_wordcount;Baseline_V2;78.0;0;15.0;0;0
273;position_adjusted_wordcount;Baseline_V2;46.9852;0;5.7748;0;0
273;impression_pos_count_simple;Baseline_V2;3.0257;0;0.385;0;0
273;rvs_sentiment;Baseline_V2;15.0487;0;5.0697;0;0
273;rouge_l_recall;Baseline_V2;0.1176;0.0325;0.0523;0.0532;0.0541
273;bleu;Baseline_V2;0.0134;0.0;0.0005;0.0;0.0
273;length_ratio;Baseline_V2;0.327;0.1071;0.181;0.2573;0.2427
273;perplexity_qwen;Baseline_V2;-11.6246;-10.9602;-5.5763;-12.3875;-27.3513
274;chat_cite;Baseline_V2;1;1;1;1;1
274;sentence_cite;Baseline_V2;1;2;2;1;2
274;absolute_wordcount;Baseline_V2;6.5;19.5;35.0;9.5;16.5
274;position_adjusted_wordcount;Baseline_V2;2.3912;12.6213;19.1895;4.6139;8.1288
274;impression_pos_count_simple;Baseline_V2;0.1839;1.0436;1.0889;0.2428;0.7577
274;rvs_sentiment;Baseline_V2;-0.308;5.1436;4.9793;5.1436;-0.308
274;rouge_l_recall;Baseline_V2;0.1693;0.087;0.0443;0.0883;0.1138
274;bleu;Baseline_V2;0.0237;0.0102;0.0;0.0;0.015
274;length_ratio;Baseline_V2;0.9009;0.3288;0.1406;0.574;0.7063
274;perplexity_qwen;Baseline_V2;-15.8043;-20.1756;-13.6372;-21.1254;-11.75
275;chat_cite;Baseline_V2;1;1;1;1;1
275;sentence_cite;Baseline_V2;5;4;5;4;6
275;absolute_wordcount;Baseline_V2;58.6;39.1;42.6;41.6;50.1
275;position_adjusted_wordcount;Baseline_V2;42.7121;24.6945;24.1277;21.1425;29.7933
275;impression_pos_count_simple;Baseline_V2;2.3145;1.087;1.2006;1.1028;1.5812
275;rvs_sentiment;Baseline_V2;-21.4191;11.9135;-5.8009;16.6833;-0.5548
275;rouge_l_recall;Baseline_V2;0.0784;0.0736;0.0707;0.0678;0.0708
275;bleu;Baseline_V2;0.0057;0.0033;0.0;0.0033;0.0
275;length_ratio;Baseline_V2;0.2972;0.2357;0.24;0.3007;0.3287
275;perplexity_qwen;Baseline_V2;-15.253;-8.4727;-6.7316;-8.5034;-8.0048
276;chat_cite;Baseline_V2;1;1;1;0;0
276;sentence_cite;Baseline_V2;4;4;9;0;0
276;absolute_wordcount;Baseline_V2;62.0;58.0;118.0;0;0
276;position_adjusted_wordcount;Baseline_V2;47.1837;30.4867;58.8527;0;0
276;impression_pos_count_simple;Baseline_V2;3.0543;2.0503;4.4299;0;0
276;rvs_sentiment;Baseline_V2;12.2618;17.8891;23.6414;0;0
276;rouge_l_recall;Baseline_V2;0.0613;0.0667;0.0584;0.1207;0.0214
276;bleu;Baseline_V2;0.0016;0.0024;0.0006;0.0229;0.0
276;length_ratio;Baseline_V2;0.2109;0.2627;0.1862;0.5638;0.0623
276;perplexity_qwen;Baseline_V2;-5.8699;-10.9377;-5.6986;-4.4616;-15.9392
277;chat_cite;Baseline_V2;1;0;0;0;0
277;sentence_cite;Baseline_V2;3;0;0;0;0
277;absolute_wordcount;Baseline_V2;42.0;0;0;0;0
277;position_adjusted_wordcount;Baseline_V2;23.8521;0;0;0;0
277;impression_pos_count_simple;Baseline_V2;1.7262;0;0;0;0
277;rvs_sentiment;Baseline_V2;-3.5422;0;0;0;0
277;rouge_l_recall;Baseline_V2;0.0471;0.0186;0.0394;0.033;0.0567
277;bleu;Baseline_V2;0.0;0.0;0.0;0.0;0.0
277;length_ratio;Baseline_V2;0.0989;0.0529;0.1288;0.1046;0.1627
277;perplexity_qwen;Baseline_V2;-13.2426;-13.9771;-17.8784;-12.8974;-6.1926
278;chat_cite;Baseline_V2;1;1;1;1;0
278;sentence_cite;Baseline_V2;4;2;1;2;0
278;absolute_wordcount;Baseline_V2;62.0;39.0;21.0;34.0;0
278;position_adjusted_wordcount;Baseline_V2;46.2777;28.4584;11.1886;14.4185;0
278;impression_pos_count_simple;Baseline_V2;2.9065;1.4601;0.5328;0.8556;0
278;rvs_sentiment;Baseline_V2;16.0376;0.7395;3.3118;-2.3548;0
278;rouge_l_recall;Baseline_V2;0.1346;0.0733;0.0851;0.0685;0.1036
278;bleu;Baseline_V2;0.0247;0.0031;0.0;0.0014;0.0
278;length_ratio;Baseline_V2;0.5652;0.2898;0.2815;0.2411;0.4059
278;perplexity_qwen;Baseline_V2;-9.3358;-11.7537;-6.7316;-6.347;-5.919
279;chat_cite;Baseline_V2;1;1;1;1;1
279;sentence_cite;Baseline_V2;3;1;2;4;6
279;absolute_wordcount;Baseline_V2;47.0;6.0;20.0;42.5;58.5
279;position_adjusted_wordcount;Baseline_V2;34.7993;2.3911;9.1593;24.3474;29.9596
279;impression_pos_count_simple;Baseline_V2;1.8128;0.1993;0.4508;1.3985;1.724
279;rvs_sentiment;Baseline_V2;17.7739;-2.1941;8.6812;12.8225;15.9212
279;rouge_l_recall;Baseline_V2;0.0809;0.1476;0.0296;0.0602;0.0463
279;bleu;Baseline_V2;0.0103;0.0;0.0;0.0;0.0001
279;length_ratio;Baseline_V2;0.3476;1.121;0.0864;0.2605;0.1475
279;perplexity_qwen;Baseline_V2;-15.156;-12.4634;-7.4484;-10.6708;-6.5868
280;chat_cite;Baseline_V2;1;1;1;1;1
280;sentence_cite;Baseline_V2;1;1;2;1;3
280;absolute_wordcount;Baseline_V2;26.0;22.0;28.5;21.0;52.5
280;position_adjusted_wordcount;Baseline_V2;22.2925;12.8402;18.1533;9.7308;26.1096
280;impression_pos_count_simple;Baseline_V2;0.8574;0.5836;0.9779;0.4634;1.2433
280;rvs_sentiment;Baseline_V2;16.3872;8.481;15.7144;7.5734;11.6461
280;rouge_l_recall;Baseline_V2;0.08;0.0469;0.0589;0.1017;0.0335
280;bleu;Baseline_V2;0.0032;0.0;0.0;0.0078;0.0
280;length_ratio;Baseline_V2;0.2755;0.1953;0.1944;0.2877;0.1001
280;perplexity_qwen;Baseline_V2;-12.5948;-12.7006;-9.1698;-8.8202;-10.6924
241;chat_cite;Baseline_V2;1;1;1;1;1
241;sentence_cite;Baseline_V2;6;4;1;1;1
241;absolute_wordcount;Baseline_V2;102.0;69.0;7.0;8.0;20.0
241;position_adjusted_wordcount;Baseline_V2;74.6616;46.3266;2.7658;2.943;12.1306
241;impression_pos_count_simple;Baseline_V2;4.1824;2.4959;0.3951;0.3679;0.6065
241;rvs_sentiment;Baseline_V2;5.4576;22.764;0.999;2.2514;0.0
241;rouge_l_recall;Baseline_V2;0.0835;0.072;0.0613;0.0133;0.04
241;bleu;Baseline_V2;0.0032;0.0036;0.0;0;0.0
241;length_ratio;Baseline_V2;0.2706;0.2142;0.2611;0.2576;0.1242
241;perplexity_qwen;Baseline_V2;-7.4172;-7.1384;-8.7957;-7.7528;-13.3609
242;chat_cite;Baseline_V2;1;1;0;1;1
242;sentence_cite;Baseline_V2;3;2;0;3;5
242;absolute_wordcount;Baseline_V2;32.0;23.0;0;56.0;63.0
242;position_adjusted_wordcount;Baseline_V2;26.2507;14.675;0;27.3765;38.9742
242;impression_pos_count_simple;Baseline_V2;1.6405;0.9932;0;1.468;2.1333
242;rvs_sentiment;Baseline_V2;12.3604;10.6881;0;9.6589;21.8648
242;rouge_l_recall;Baseline_V2;0.0411;0.0469;0.0409;0.0589;0.0368
242;bleu;Baseline_V2;0.0;0.0;0.0;0.0;0.0
242;length_ratio;Baseline_V2;0.1409;0.1369;0.1358;0.2242;0.0924
242;perplexity_qwen;Baseline_V2;-16.9078;-8.0216;-5.9728;-6.9995;-8.4779
243;chat_cite;Baseline_V2;0;0;0;0;0
243;sentence_cite;Baseline_V2;0;0;0;0;0
243;absolute_wordcount;Baseline_V2;0;0;0;0;0
243;position_adjusted_wordcount;Baseline_V2;0;0;0;0;0
243;impression_pos_count_simple;Baseline_V2;0;0;0;0;0
243;rvs_sentiment;Baseline_V2;0;0;0;0;0
243;rouge_l_recall;Baseline_V2;0.023;0.0423;0.0233;0.0314;0
243;bleu;Baseline_V2;0.0;0.0;0.0;0.0;0
243;length_ratio;Baseline_V2;0.0775;0.1678;0.0795;0.0741;0.0
243;perplexity_qwen;Baseline_V2;-7.001;-12.1719;-10.0358;-5.2112;0.0
244;chat_cite;Baseline_V2;1;1;1;0;1
244;sentence_cite;Baseline_V2;2;10;2;0;2
244;absolute_wordcount;Baseline_V2;21.6667;148.6667;19.0;0;20.6667
244;position_adjusted_wordcount;Baseline_V2;12.2673;103.1157;7.7507;0;11.9967
244;impression_pos_count_simple;Baseline_V2;0.744;6.4684;0.8203;0;0.7657
244;rvs_sentiment;Baseline_V2;7.7906;29.6161;0.3144;0;9.6979
244;rouge_l_recall;Baseline_V2;0.0862;0.0485;0.0694;0.1051;0.0943
244;bleu;Baseline_V2;0.0;0.0001;0.0;0.0;0.0083
244;length_ratio;Baseline_V2;0.3929;0.1143;0.3031;0.5217;0.616
244;perplexity_qwen;Baseline_V2;-7.7711;-6.9934;-10.944;-5.8908;-21.8806
245;chat_cite;Baseline_V2;1;0;1;0;1
245;sentence_cite;Baseline_V2;7;0;4;0;3
245;absolute_wordcount;Baseline_V2;96.3333;0;47.3333;0;35.3333
245;position_adjusted_wordcount;Baseline_V2;56.6172;0;27.3218;0;20.6878
245;impression_pos_count_simple;Baseline_V2;3.6939;0;1.887;0;1.3981
245;rvs_sentiment;Baseline_V2;12.467;0;3.9602;0;3.3583
245;rouge_l_recall;Baseline_V2;0.0606;0.0226;0.0684;0.0198;0.0749
245;bleu;Baseline_V2;0.0014;0;0.0015;0;0.0
245;length_ratio;Baseline_V2;0.2514;1.9497;0.2039;3.0348;0.3643
245;perplexity_qwen;Baseline_V2;-16.7962;-51.4058;-3.7471;-95.3882;-16.055
246;chat_cite;Baseline_V2;1;1;1;0;1
246;sentence_cite;Baseline_V2;10;1;1;0;4
246;absolute_wordcount;Baseline_V2;104.5;8.5;9.0;0;30.0
246;position_adjusted_wordcount;Baseline_V2;71.0273;3.7505;4.5513;0;17.0355
246;impression_pos_count_simple;Baseline_V2;4.6171;0.2206;0.2528;0;1.1066
246;rvs_sentiment;Baseline_V2;12.8395;3.83;2.8964;0;3.1415
246;rouge_l_recall;Baseline_V2;0.03;0.0415;0.0483;0.0536;0.0737
246;bleu;Baseline_V2;0.0;0.0;0.0001;0.0;0.0021
246;length_ratio;Baseline_V2;0.0673;0.1277;0.141;0.2073;0.2535
246;perplexity_qwen;Baseline_V2;-12.0508;-9.6396;-9.6851;-5.6518;-16.2056
247;chat_cite;Baseline_V2;0;0;0;0;0
247;sentence_cite;Baseline_V2;0;0;0;0;0
247;absolute_wordcount;Baseline_V2;0;0;0;0;0
247;position_adjusted_wordcount;Baseline_V2;0;0;0;0;0
247;impression_pos_count_simple;Baseline_V2;0;0;0;0;0
247;rvs_sentiment;Baseline_V2;0;0;0;0;0
247;rouge_l_recall;Baseline_V2;0.0216;0.037;0.021;0.0627;0.0688
247;bleu;Baseline_V2;0.0;0.0;0.0;0.001;0.0017
247;length_ratio;Baseline_V2;0.0532;0.1;2.8261;0.2341;0.2246
247;perplexity_qwen;Baseline_V2;-6.6013;-7.1213;-95.3882;-16.7962;-13.7454
248;chat_cite;Baseline_V2;1;0;1;1;1
248;sentence_cite;Baseline_V2;5;0;2;1;1
248;absolute_wordcount;Baseline_V2;64.0;0;34.0;17.0;22.0
248;position_adjusted_wordcount;Baseline_V2;44.4633;0;15.9542;12.3966;9.4777
248;impression_pos_count_simple;Baseline_V2;3.3527;0;0.9327;0.7292;0.4308
248;rvs_sentiment;Baseline_V2;3.6467;0;2.088;6.1227;6.8893
248;rouge_l_recall;Baseline_V2;0.0967;0.016;0.0309;0.0568;0.0331
248;bleu;Baseline_V2;0.0049;0.0;0.0;0.0;0.0
248;length_ratio;Baseline_V2;0.3103;0.042;0.0909;0.2443;0.1021
248;perplexity_qwen;Baseline_V2;-14.1799;-9.806;-13.9507;-14.3296;-13.5724
249;chat_cite;Baseline_V2;1;1;1;1;1
249;sentence_cite;Baseline_V2;3;2;2;2;1
249;absolute_wordcount;Baseline_V2;26.5;26.5;34.0;14.0;8.0
249;position_adjusted_wordcount;Baseline_V2;17.901;19.5201;20.1144;6.979;4.3525
249;impression_pos_count_simple;Baseline_V2;1.3616;1.1085;1.1683;0.4909;0.272
249;rvs_sentiment;Baseline_V2;8.347;7.549;8.0279;2.6822;0.0
249;rouge_l_recall;Baseline_V2;0.039;0.041;0.0462;0.0819;0.0792
249;bleu;Baseline_V2;0.0;0.0;0.0001;0.0;0.0
249;length_ratio;Baseline_V2;0.1037;0.1095;0.1303;0.3969;0.3262
249;perplexity_qwen;Baseline_V2;-8.844;-10.4173;-10.9435;-12.8213;-13.6277
250;chat_cite;Baseline_V2;1;1;0;0;0
250;sentence_cite;Baseline_V2;3;2;0;0;0
250;absolute_wordcount;Baseline_V2;56.0;51.0;0;0;0
250;position_adjusted_wordcount;Baseline_V2;42.3593;25.9937;0;0;0
250;impression_pos_count_simple;Baseline_V2;2.2698;0.9891;0;0;0
250;rvs_sentiment;Baseline_V2;1.4715;11.5217;0;0;0
250;rouge_l_recall;Baseline_V2;0.1108;0.0364;0.0342;0;0
250;bleu;Baseline_V2;0.0261;0.0;0.0;0;0
250;length_ratio;Baseline_V2;0.4753;0.0951;0.1399;0.0;0.0
250;perplexity_qwen;Baseline_V2;-9.132;-12.6153;-12.5421;0.0;0.0
251;chat_cite;Baseline_V2;1;0;0;0;0
251;sentence_cite;Baseline_V2;6;0;0;0;0
251;absolute_wordcount;Baseline_V2;77.0;0;0;0;0
251;position_adjusted_wordcount;Baseline_V2;44.5339;0;0;0;0
251;impression_pos_count_simple;Baseline_V2;3.5714;0;0;0;0
251;rvs_sentiment;Baseline_V2;10.2804;0;0;0;0
251;rouge_l_recall;Baseline_V2;0.0537;0.0293;0.0441;0.0553;0.0758
251;bleu;Baseline_V2;0.0;0.0;0.0;0.0;0.0
251;length_ratio;Baseline_V2;0.1073;0.1085;0.1838;0.2008;0.4448
251;perplexity_qwen;Baseline_V2;-8.6024;-7.9978;-8.0341;-5.4386;-7.1595
252;chat_cite;Baseline_V2;0;1;1;1;1
252;sentence_cite;Baseline_V2;0;3;1;2;2
252;absolute_wordcount;Baseline_V2;0;39.0;16.0;20.0;33.0
252;position_adjusted_wordcount;Baseline_V2;0;23.3918;12.8118;12.7237;14.388
252;impression_pos_count_simple;Baseline_V2;0;1.8136;0.8007;1.2516;0.8705
252;rvs_sentiment;Baseline_V2;0;11.8222;5.1491;2.0214;1.011
252;rouge_l_recall;Baseline_V2;0.0701;0.0723;0.0666;0.0753;0.065
252;bleu;Baseline_V2;0.0024;0.0015;0.0;0.0024;0.0013
252;length_ratio;Baseline_V2;0.2694;0.2475;0.2557;0.2244;0.2038
252;perplexity_qwen;Baseline_V2;-6.7214;-11.101;-9.4762;-9.0308;-7.0302
253;chat_cite;Baseline_V2;1;0;0;1;0
253;sentence_cite;Baseline_V2;4;0;0;2;0
253;absolute_wordcount;Baseline_V2;66.0;0;0;42.0;0
253;position_adjusted_wordcount;Baseline_V2;44.9457;0;0;19.9208;0
253;impression_pos_count_simple;Baseline_V2;2.6783;0;0;0.9554;0
253;rvs_sentiment;Baseline_V2;10.2733;0;0;5.4212;0
253;rouge_l_recall;Baseline_V2;0.0688;0.0511;0.0513;0.0222;0.0251
253;bleu;Baseline_V2;0.0;0.0;0.0013;0.0;0.0
253;length_ratio;Baseline_V2;0.155;0.226;0.2328;0.0506;0.0624
253;perplexity_qwen;Baseline_V2;-10.4513;-12.781;-12.8718;-11.2626;-14.2214
254;chat_cite;Baseline_V2;1;1;1;1;1
254;sentence_cite;Baseline_V2;4;1;1;1;7
254;absolute_wordcount;Baseline_V2;79.0;13.0;13.0;15.0;119.0
254;position_adjusted_wordcount;Baseline_V2;57.7382;5.6122;8.7142;6.2217;71.0584
254;impression_pos_count_simple;Baseline_V2;3.0071;0.4317;0.6703;0.4148;4.2017
254;rvs_sentiment;Baseline_V2;28.3329;-0.2896;0.0;0.0;12.5147
254;rouge_l_recall;Baseline_V2;0.1547;0.0473;0.0912;0.1015;0.0235
254;bleu;Baseline_V2;0.0233;0.0;0.0059;0.0089;0.0
254;length_ratio;Baseline_V2;0.7759;0.2031;0.3552;0.4226;0.0579
254;perplexity_qwen;Baseline_V2;-24.2208;-13.3263;-9.2642;-6.4402;-13.5683
255;chat_cite;Baseline_V2;1;1;1;1;1
255;sentence_cite;Baseline_V2;2;1;2;4;2
255;absolute_wordcount;Baseline_V2;48.0;16.0;27.5;63.5;33.0
255;position_adjusted_wordcount;Baseline_V2;32.9448;11.7623;17.2717;36.0159;15.246
255;impression_pos_count_simple;Baseline_V2;1.3578;0.7351;0.9926;1.973;0.9083
255;rvs_sentiment;Baseline_V2;16.1985;4.4908;2.5226;14.9843;3.2701
255;rouge_l_recall;Baseline_V2;0.0661;0.0669;0.0797;0.0478;0.0621
255;bleu;Baseline_V2;0.0016;0.0011;0.0043;0.0001;0.0011
255;length_ratio;Baseline_V2;0.2297;0.2197;0.3206;0.1379;0.2244
255;perplexity_qwen;Baseline_V2;-17.4052;-7.2301;-7.137;-11.9935;-11.6298
256;chat_cite;Baseline_V2;1;1;0;1;0
256;sentence_cite;Baseline_V2;6;8;0;3;0
256;absolute_wordcount;Baseline_V2;74.0;120.0;0;33.0;0
256;position_adjusted_wordcount;Baseline_V2;51.0492;73.6184;0;15.8469;0
256;impression_pos_count_simple;Baseline_V2;3.2229;4.0937;0;1.0864;0
256;rvs_sentiment;Baseline_V2;30.8628;29.063;0;-4.167;0
256;rouge_l_recall;Baseline_V2;0.1285;0.0893;0.1633;0.0581;0.0851
256;bleu;Baseline_V2;0.0178;0.0071;0.0218;0.0007;0.0
256;length_ratio;Baseline_V2;0.4067;0.3192;1.425;0.1959;0.457
256;perplexity_qwen;Baseline_V2;-6.7153;-9.6405;-4.7995;-10.9426;-18.3626
257;chat_cite;Baseline_V2;1;1;1;1;1
257;sentence_cite;Baseline_V2;5;2;2;1;2
257;absolute_wordcount;Baseline_V2;90.0;29.0;47.0;25.0;25.0
257;position_adjusted_wordcount;Baseline_V2;62.0679;17.3526;30.5235;19.8481;12.807
257;impression_pos_count_simple;Baseline_V2;3.2285;1.1889;1.3655;0.7939;1.0762
257;rvs_sentiment;Baseline_V2;6.8622;2.9832;4.5144;8.366;1.4783
257;rouge_l_recall;Baseline_V2;0.063;0.0684;0.0463;0.0709;0.0726
257;bleu;Baseline_V2;0.0;0.0;0.0;0.0;0.0
257;length_ratio;Baseline_V2;0.2226;0.2415;0.1177;0.2806;0.2608
257;perplexity_qwen;Baseline_V2;-10.8849;-9.1528;-9.7451;-8.2636;-6.8173
258;chat_cite;Baseline_V2;1;1;0;1;1
258;sentence_cite;Baseline_V2;7;2;0;1;8
258;absolute_wordcount;Baseline_V2;82.0;28.5;0;17.0;114.5
258;position_adjusted_wordcount;Baseline_V2;48.0492;13.9342;0;15.0024;68.8815
258;impression_pos_count_simple;Baseline_V2;2.8928;0.74;0;0.8825;4.0145
258;rvs_sentiment;Baseline_V2;14.0776;0.1587;0;10.6457;29.615
258;rouge_l_recall;Baseline_V2;0.057;0.0513;0.0482;0.1232;0.0515
258;bleu;Baseline_V2;0.0005;0.0;0.0;0.0142;0.0004
258;length_ratio;Baseline_V2;0.1823;0.1934;0.2016;0.6171;0.147
258;perplexity_qwen;Baseline_V2;-11.607;-10.6429;-14.2408;-6.8013;-8.3932
259;chat_cite;Baseline_V2;1;1;1;0;0
259;sentence_cite;Baseline_V2;5;2;2;0;0
259;absolute_wordcount;Baseline_V2;90.5;41.0;40.5;0;0
259;position_adjusted_wordcount;Baseline_V2;55.2645;23.0072;19.0037;0;0
259;impression_pos_count_simple;Baseline_V2;2.7147;1.1088;0.7038;0;0
259;rvs_sentiment;Baseline_V2;33.6594;9.542;15.2532;0;0
259;rouge_l_recall;Baseline_V2;0.0676;0.0307;0.0762;0.0948;0.0588
259;bleu;Baseline_V2;0.0;0.0;0.0;0.007;0.0007
259;length_ratio;Baseline_V2;0.2082;0.0833;0.2733;0.4286;0.2075
259;perplexity_qwen;Baseline_V2;-16.578;-12.0295;-12.0159;-4.4084;-10.3127
260;chat_cite;Baseline_V2;1;1;1;1;1
260;sentence_cite;Baseline_V2;8;1;3;2;2
260;absolute_wordcount;Baseline_V2;125.0;0.0;39.0;21.0;21.0
260;position_adjusted_wordcount;Baseline_V2;86.4471;0.0;18.1755;9.0469;8.583
260;impression_pos_count_simple;Baseline_V2;4.933;0.0736;1.0063;0.5044;0.4823
260;rvs_sentiment;Baseline_V2;35.9812;0.0;3.3644;4.4682;-2.5406
260;rouge_l_recall;Baseline_V2;0.066;0.1237;0.042;0.0782;0.09
260;bleu;Baseline_V2;0.0004;0.0;0.0001;0.0;0.01
260;length_ratio;Baseline_V2;0.1542;0.9332;0.1423;0.2844;0.4309
260;perplexity_qwen;Baseline_V2;-8.1545;-10.1416;-12.5361;-4.5057;-6.9924
281;chat_cite;Baseline_V2;1;1;0;1;1
281;sentence_cite;Baseline_V2;2;3;0;1;5
281;absolute_wordcount;Baseline_V2;34.0;53.0;0;14.0;67.0
281;position_adjusted_wordcount;Baseline_V2;26.0518;35.278;0;7.0059;33.0133
281;impression_pos_count_simple;Baseline_V2;1.5325;1.984;0;0.5004;2.4898
281;rvs_sentiment;Baseline_V2;-1.7953;7.3246;0;4.544;7.5763
281;rouge_l_recall;Baseline_V2;0.0924;0.0764;0.0416;0.0363;0.1724
281;bleu;Baseline_V2;0.0127;0.0029;0.0001;0.0;0.0635
281;length_ratio;Baseline_V2;0.4508;0.2319;0.1399;0.0962;0.4945
281;perplexity_qwen;Baseline_V2;-17.0291;-8.5656;-16.8511;-8.5667;-7.3172
282;chat_cite;Baseline_V2;1;0;0;0;0
282;sentence_cite;Baseline_V2;4;0;0;0;0
282;absolute_wordcount;Baseline_V2;74.0;0;0;0;0
282;position_adjusted_wordcount;Baseline_V2;45.2047;0;0;0;0
282;impression_pos_count_simple;Baseline_V2;2.3375;0;0;0;0
282;rvs_sentiment;Baseline_V2;13.6453;0;0;0;0
282;rouge_l_recall;Baseline_V2;0.0471;0.0523;0.1101;0.0751;0.0955
282;bleu;Baseline_V2;0.0;0.0;0.0;0.0;0.0
282;length_ratio;Baseline_V2;0.0801;0.1989;0.5607;0.2211;0.4762
282;perplexity_qwen;Baseline_V2;-12.0635;-4.0152;-16.3348;-7.0969;-19.9217
283;chat_cite;Baseline_V2;1;1;1;1;1
283;sentence_cite;Baseline_V2;2;4;2;6;5
283;absolute_wordcount;Baseline_V2;21.0;54.0;35.0;90.5;73.5
283;position_adjusted_wordcount;Baseline_V2;18.0129;42.752;22.6881;44.5604;38.4545
283;impression_pos_count_simple;Baseline_V2;1.27;2.358;1.299;2.1841;2.0845
283;rvs_sentiment;Baseline_V2;17.7969;23.2994;8.5237;22.0799;18.3006
283;rouge_l_recall;Baseline_V2;0.0507;0.0274;0.1256;0.0535;0.0317
283;bleu;Baseline_V2;0.0006;0.0;0.0156;0.0;0.0
283;length_ratio;Baseline_V2;0.2021;0.0605;0.615;0.1883;0.0758
283;perplexity_qwen;Baseline_V2;-6.034;-5.4232;-5.7784;-8.2602;-4.7721
284;chat_cite;Baseline_V2;1;1;0;1;1
284;sentence_cite;Baseline_V2;9;1;0;1;1
284;absolute_wordcount;Baseline_V2;173.0;27.0;0;19.0;22.0
284;position_adjusted_wordcount;Baseline_V2;114.1042;22.1057;0;7.9867;8.6513
284;impression_pos_count_simple;Baseline_V2;5.6866;0.8187;0;0.4204;0.3932
284;rvs_sentiment;Baseline_V2;32.3288;11.6431;0;2.8848;7.5699
284;rouge_l_recall;Baseline_V2;0.1058;0.2115;0.0866;0.0641;0.1033
284;bleu;Baseline_V2;0.0108;0.0377;0.0053;0.0;0.0
284;length_ratio;Baseline_V2;0.3031;1.381;0.3124;0.1991;0.4208
284;perplexity_qwen;Baseline_V2;-12.3149;-14.912;-5.9787;-12.4873;-12.9681
285;chat_cite;Baseline_V2;1;1;1;1;1
285;sentence_cite;Baseline_V2;6;4;6;4;3
285;absolute_wordcount;Baseline_V2;32.1667;16.6667;36.6667;17.6667;11.8333
285;position_adjusted_wordcount;Baseline_V2;19.8828;9.7695;25.5962;10.5127;4.8821
285;impression_pos_count_simple;Baseline_V2;1.4159;0.7363;1.9339;0.7556;0.4184
285;rvs_sentiment;Baseline_V2;-0.8166;-3.4511;8.0856;-6.9281;4.3099
285;rouge_l_recall;Baseline_V2;0.1448;0.0783;0.0436;0.085;0.0633
285;bleu;Baseline_V2;0.0293;0.0;0.0001;0.0039;0.0
285;length_ratio;Baseline_V2;0.4475;0.4124;0.1151;0.2775;0.2503
285;perplexity_qwen;Baseline_V2;-3.8888;-13.4972;-8.679;-4.0406;-7.9752
286;chat_cite;Baseline_V2;1;1;1;0;1
286;sentence_cite;Baseline_V2;3;6;3;0;2
286;absolute_wordcount;Baseline_V2;65.0;100.0;59.0;0;42.0
286;position_adjusted_wordcount;Baseline_V2;52.9138;59.2082;33.9967;0;18.0134
286;impression_pos_count_simple;Baseline_V2;2.4557;3.573;1.7259;0;0.8569
286;rvs_sentiment;Baseline_V2;16.175;33.2167;1.5572;0;12.3179
286;rouge_l_recall;Baseline_V2;0.1216;0.0604;0.0707;0.059;0.0779
286;bleu;Baseline_V2;0.0345;0.0025;0.0;0.0;0.0
286;length_ratio;Baseline_V2;0.5455;0.246;0.3333;0.1967;0.3249
286;perplexity_qwen;Baseline_V2;-6.9388;-13.3007;-13.4562;-5.7573;-9.9782
287;chat_cite;Baseline_V2;1;1;1;1;0
287;sentence_cite;Baseline_V2;11;6;1;4;0
287;absolute_wordcount;Baseline_V2;172.0;90.0;12.0;64.0;0
287;position_adjusted_wordcount;Baseline_V2;127.1966;42.4797;6.5459;34.4999;0
287;impression_pos_count_simple;Baseline_V2;8.0738;2.8159;0.5455;2.1705;0
287;rvs_sentiment;Baseline_V2;-6.858;5.2641;2.4992;14.7403;0
287;rouge_l_recall;Baseline_V2;0.1945;0.07;0.105;0.0584;0.0771
287;bleu;Baseline_V2;0.0401;0.0007;0.0;0.001;0.0069
287;length_ratio;Baseline_V2;0.615;0.1896;0.6735;0.193;0.3295
287;perplexity_qwen;Baseline_V2;-7.2019;-8.6664;-9.3358;-10.446;-8.4727
288;chat_cite;Baseline_V2;0;1;1;0;0
288;sentence_cite;Baseline_V2;0;2;5;0;0
288;absolute_wordcount;Baseline_V2;0;36.0;121.0;0;0
288;position_adjusted_wordcount;Baseline_V2;0;27.8391;61.2607;0;0
288;impression_pos_count_simple;Baseline_V2;0;1.5353;2.5029;0;0
288;rvs_sentiment;Baseline_V2;0;0.0;34.946;0;0
288;rouge_l_recall;Baseline_V2;0.0341;0.0409;0.0169;0;0
288;bleu;Baseline_V2;0;0.0;0.0;0;0
288;length_ratio;Baseline_V2;1.2477;0.1135;0.0349;0.0;0.0
288;perplexity_qwen;Baseline_V2;-8.5782;-4.8708;-10.8861;0.0;0.0
289;chat_cite;Baseline_V2;1;1;1;0;1
289;sentence_cite;Baseline_V2;1;2;6;0;7
289;absolute_wordcount;Baseline_V2;5.0;31.0;52.0;0;91.0
289;position_adjusted_wordcount;Baseline_V2;2.173;24.7724;27.0437;0;53.1308
289;impression_pos_count_simple;Baseline_V2;0.2173;1.5907;1.7537;0;2.9058
289;rvs_sentiment;Baseline_V2;0.0;15.014;14.5701;0;24.7928
289;rouge_l_recall;Baseline_V2;0.0569;0.0953;0.0636;0.0414;0.0567
289;bleu;Baseline_V2;0.0;0.0;0.0;0.0;0.0007
289;length_ratio;Baseline_V2;0.2627;0.7033;0.288;0.1593;0.2025
289;perplexity_qwen;Baseline_V2;-14.7357;-10.3382;-12.8974;-12.0635;-19.615
290;chat_cite;Baseline_V2;1;1;0;1;1
290;sentence_cite;Baseline_V2;2;1;0;3;1
290;absolute_wordcount;Baseline_V2;18.5;8.5;0;35.5;8.5
290;position_adjusted_wordcount;Baseline_V2;10.2112;3.7505;0;21.0017;3.7505
290;impression_pos_count_simple;Baseline_V2;0.5892;0.2206;0;1.2239;0.2206
290;rvs_sentiment;Baseline_V2;5.9142;0.0;0;9.8117;0.0
290;rouge_l_recall;Baseline_V2;0.041;0.0245;0.0468;0.0334;0.0201
290;bleu;Baseline_V2;0.0;0.0;0.0;0.0;0.0
290;length_ratio;Baseline_V2;0.1209;0.0662;0.1962;0.1057;0.0462
290;perplexity_qwen;Baseline_V2;-4.0406;-6.6377;-8.3968;-10.985;-12.5243
291;chat_cite;Baseline_V2;1;1;0;0;1
291;sentence_cite;Baseline_V2;10;2;0;0;1
291;absolute_wordcount;Baseline_V2;131.0;26.0;0;0;13.0
291;position_adjusted_wordcount;Baseline_V2;80.3078;12.331;0;0;6.5368
291;impression_pos_count_simple;Baseline_V2;6.1106;0.9981;0;0;0.5028
291;rvs_sentiment;Baseline_V2;5.1259;0.0;0;0;0.3373
291;rouge_l_recall;Baseline_V2;0.1018;0.0517;0.0256;0.0567;0.0176
291;bleu;Baseline_V2;0.0069;0.0;0.0;0.0;0.0
291;length_ratio;Baseline_V2;0.3712;0.2275;0.0743;0.2469;0.0537
291;perplexity_qwen;Baseline_V2;-18.072;-10.8849;-14.8084;-9.1528;-15.1106
292;chat_cite;Baseline_V2;0;0;0;0;0
292;sentence_cite;Baseline_V2;0;0;0;0;0
292;absolute_wordcount;Baseline_V2;0;0;0;0;0
292;position_adjusted_wordcount;Baseline_V2;0;0;0;0;0
292;impression_pos_count_simple;Baseline_V2;0;0;0;0;0
292;rvs_sentiment;Baseline_V2;0;0;0;0;0
292;rouge_l_recall;Baseline_V2;0.1792;0.1507;0.1182;0.0164;0.074
292;bleu;Baseline_V2;0.0;0.0199;0.0;0.0;0.0074
292;length_ratio;Baseline_V2;2.407;0.5356;1.3355;0.0537;0.395
292;perplexity_qwen;Baseline_V2;-11.5018;-12.8606;-13.1448;-10.3425;-13.0618
293;chat_cite;Baseline_V2;1;1;1;1;0
293;sentence_cite;Baseline_V2;4;4;7;2;0
293;absolute_wordcount;Baseline_V2;48.0;29.5;99.0;7.5;0
293;position_adjusted_wordcount;Baseline_V2;38.5208;17.6228;62.5743;2.9889;0
293;impression_pos_count_simple;Baseline_V2;2.055;1.3003;3.9619;0.2912;0
293;rvs_sentiment;Baseline_V2;4.108;-6.4285;20.3415;-2.1592;0
293;rouge_l_recall;Baseline_V2;0.0754;0.048;0.1184;0.0563;0.1284
293;bleu;Baseline_V2;0.0042;0.0003;0.0267;0.0;0.0
293;length_ratio;Baseline_V2;0.2745;0.1796;0.4442;0.189;0.9436
293;perplexity_qwen;Baseline_V2;-9.6519;-13.3609;-9.5459;-2.831;-11.3343
294;chat_cite;Baseline_V2;1;1;1;1;1
294;sentence_cite;Baseline_V2;9;5;9;5;4
294;absolute_wordcount;Baseline_V2;65.0;33.5;67.0;33.0;26.5
294;position_adjusted_wordcount;Baseline_V2;39.4139;23.5338;42.0232;17.846;16.4874
294;impression_pos_count_simple;Baseline_V2;2.7088;2.0097;3.0481;1.6051;1.5079
294;rvs_sentiment;Baseline_V2;-6.0134;-0.4442;-11.4535;4.918;-2.9085
294;rouge_l_recall;Baseline_V2;0.0539;0.0833;0.0489;0.1035;0.0908
294;bleu;Baseline_V2;0.0002;0.0036;0.0001;0.0108;0.0061
294;length_ratio;Baseline_V2;0.1457;0.345;0.1464;0.4784;0.4159
294;perplexity_qwen;Baseline_V2;-7.4308;-9.5492;-5.2864;-9.9366;-6.3004
295;chat_cite;Baseline_V2;1;1;0;1;1
295;sentence_cite;Baseline_V2;7;4;0;3;2
295;absolute_wordcount;Baseline_V2;108.0;45.0;0;40.0;16.0
295;position_adjusted_wordcount;Baseline_V2;69.5208;21.7204;0;19.5472;7.1211
295;impression_pos_count_simple;Baseline_V2;3.9546;1.5443;0;1.0613;0.537
295;rvs_sentiment;Baseline_V2;-14.6863;9.2449;0;12.5843;-1.6115
295;rouge_l_recall;Baseline_V2;0.0604;0.0961;0.0474;0.0568;0.0411
295;bleu;Baseline_V2;0.002;0.0084;0.0006;0.0031;0.0
295;length_ratio;Baseline_V2;0.2079;0.4177;0.1999;0.2952;0.1238
295;perplexity_qwen;Baseline_V2;-11.7632;-6.6763;-8.9534;-11.7522;-7.3787
296;chat_cite;Baseline_V2;0;0;0;0;0
296;sentence_cite;Baseline_V2;0;0;0;0;0
296;absolute_wordcount;Baseline_V2;0;0;0;0;0
296;position_adjusted_wordcount;Baseline_V2;0;0;0;0;0
296;impression_pos_count_simple;Baseline_V2;0;0;0;0;0
296;rvs_sentiment;Baseline_V2;0;0;0;0;0
296;rouge_l_recall;Baseline_V2;0.0614;0.0996;0.0913;0.0839;0.0174
296;bleu;Baseline_V2;0.0;0.0;0.014;0.0033;0.0
296;length_ratio;Baseline_V2;0.2648;0.7077;0.543;0.252;0.0446
296;perplexity_qwen;Baseline_V2;-14.5982;-18.3377;-11.046;-4.7861;-8.4614
297;chat_cite;Baseline_V2;1;1;1;0;0
297;sentence_cite;Baseline_V2;5;5;1;0;0
297;absolute_wordcount;Baseline_V2;98.0;87.0;20.0;0;0
297;position_adjusted_wordcount;Baseline_V2;62.6988;52.1033;8.3827;0;0
297;impression_pos_count_simple;Baseline_V2;3.2374;2.9631;0.4191;0;0
297;rvs_sentiment;Baseline_V2;6.447;-14.2141;0.2163;0;0
297;rouge_l_recall;Baseline_V2;0.058;0.0362;0.0787;0.0743;0.1467
297;bleu;Baseline_V2;0.0009;0.0;0.0085;0.0046;0.0181
297;length_ratio;Baseline_V2;0.2125;0.1127;0.3578;0.3035;0.8571
297;perplexity_qwen;Baseline_V2;-9.9174;-23.0061;-9.5492;-9.8861;-7.1379
298;chat_cite;Baseline_V2;1;1;0;1;1
298;sentence_cite;Baseline_V2;5;2;0;4;1
298;absolute_wordcount;Baseline_V2;33.5;12.0;0;30.5;9.0
298;position_adjusted_wordcount;Baseline_V2;23.4389;7.2716;0;20.0445;3.8772
298;impression_pos_count_simple;Baseline_V2;1.7256;0.5982;0;1.3428;0.2154
298;rvs_sentiment;Baseline_V2;10.7294;0.6913;0;4.6076;-5.4304
298;rouge_l_recall;Baseline_V2;0.0357;0.0339;0.0392;0.0404;0.0592
298;bleu;Baseline_V2;0.0;0.0;0.0;0.0;0.0008
298;length_ratio;Baseline_V2;0.0842;0.0956;0.1906;0.1009;0.206
298;perplexity_qwen;Baseline_V2;-8.3101;-13.2957;-11.6994;-10.5166;-8.7084
299;chat_cite;Baseline_V2;1;1;1;0;0
299;sentence_cite;Baseline_V2;10;1;3;0;0
299;absolute_wordcount;Baseline_V2;178.0;30.0;43.0;0;0
299;position_adjusted_wordcount;Baseline_V2;112.4352;21.4959;24.6599;0;0
299;impression_pos_count_simple;Baseline_V2;6.2721;0.7165;1.6595;0;0
299;rvs_sentiment;Baseline_V2;42.2258;16.4336;6.6978;0;0
299;rouge_l_recall;Baseline_V2;0.1538;0.0964;0.0652;0.0646;0.0598
299;bleu;Baseline_V2;0.0215;0.0072;0.0025;0.0;0.0008
299;length_ratio;Baseline_V2;0.3896;0.378;0.2483;0.293;0.2091
299;perplexity_qwen;Baseline_V2;-5.9787;-12.3149;-12.4873;-16.4315;-13.6403
300;chat_cite;Baseline_V2;1;1;1;1;1
300;sentence_cite;Baseline_V2;5;3;3;3;4
300;absolute_wordcount;Baseline_V2;80.0;17.0;30.0;26.0;30.0
300;position_adjusted_wordcount;Baseline_V2;53.1317;7.5545;14.0948;17.3488;20.5825
300;impression_pos_count_simple;Baseline_V2;2.6435;0.7361;1.0098;1.4313;1.7888
300;rvs_sentiment;Baseline_V2;30.7951;7.5905;2.4842;0.5128;14.9433
300;rouge_l_recall;Baseline_V2;0.0808;0.0561;0.1028;0.0711;0.0372
300;bleu;Baseline_V2;0.0;0.0;0.0124;0.003;0.0
300;length_ratio;Baseline_V2;0.3213;0.2296;0.5865;0.3342;0.1125
300;perplexity_qwen;Baseline_V2;-9.6031;-15.157;-14.4471;-9.3954;-10.999
261;chat_cite;Baseline_V2;1;1;1;0;1
261;sentence_cite;Baseline_V2;6;2;3;0;3
261;absolute_wordcount;Baseline_V2;79.0;14.0;30.0;0;28.0
261;position_adjusted_wordcount;Baseline_V2;57.5435;10.7853;14.2138;0;13.7405
261;impression_pos_count_simple;Baseline_V2;3.6502;0.8624;1.0506;0;1.0615
261;rvs_sentiment;Baseline_V2;-12.9536;4.1178;1.173;0;3.127
261;rouge_l_recall;Baseline_V2;0.0856;0.149;0.0614;0.0842;0.1314
261;bleu;Baseline_V2;0.0;0.0;0.0;0.0;0.0
261;length_ratio;Baseline_V2;0.3394;1.0181;0.2291;0.58;0.828
261;perplexity_qwen;Baseline_V2;-10.9548;-13.177;-4.4889;-12.1472;-9.9188
262;chat_cite;Baseline_V2;1;1;1;1;1
262;sentence_cite;Baseline_V2;1;2;3;1;1
262;absolute_wordcount;Baseline_V2;12.0;36.0;49.0;17.0;15.0
262;position_adjusted_wordcount;Baseline_V2;6.161;23.4403;29.2449;11.2071;5.9977
262;impression_pos_count_simple;Baseline_V2;0.5134;1.2512;1.7577;0.6592;0.3998
262;rvs_sentiment;Baseline_V2;2.3523;11.9558;9.9993;4.048;4.0833
262;rouge_l_recall;Baseline_V2;0.0839;0.062;0.0327;0.0576;0.0131
262;bleu;Baseline_V2;0.0;0.0009;0.0;0.001;0.0
262;length_ratio;Baseline_V2;0.4803;0.194;0.0884;0.2199;0.0282
262;perplexity_qwen;Baseline_V2;-12.2601;-10.7218;-11.8735;-7.3368;-5.4043
263;chat_cite;Baseline_V2;1;1;1;1;1
263;sentence_cite;Baseline_V2;5;1;1;1;3
263;absolute_wordcount;Baseline_V2;98.5;20.0;17.0;18.0;46.5
263;position_adjusted_wordcount;Baseline_V2;60.9315;16.3746;6.254;8.9385;29.324
263;impression_pos_count_simple;Baseline_V2;2.7766;0.8187;0.3679;0.4966;1.5506
263;rvs_sentiment;Baseline_V2;21.1179;-4.8469;3.8299;2.442;4.1845
263;rouge_l_recall;Baseline_V2;0.0548;0.0847;0.0524;0.0659;0.0422
263;bleu;Baseline_V2;0.0002;0.0058;0.0013;0.0037;0.0
263;length_ratio;Baseline_V2;0.1354;0.3325;0.2502;0.2622;0.1127
263;perplexity_qwen;Baseline_V2;-6.034;-11.0778;-9.7734;-8.2738;-7.1472
264;chat_cite;Baseline_V2;1;1;1;1;1
264;sentence_cite;Baseline_V2;5;2;3;1;4
264;absolute_wordcount;Baseline_V2;84.6667;13.6667;42.0;16.0;53.6667
264;position_adjusted_wordcount;Baseline_V2;47.9564;8.3909;20.772;8.7185;27.5595
264;impression_pos_count_simple;Baseline_V2;2.589;0.9059;1.4707;0.5449;1.7258
264;rvs_sentiment;Baseline_V2;17.7925;6.3328;8.0266;0.0;12.6829
264;rouge_l_recall;Baseline_V2;0.0566;0.0773;0.0884;0.0989;0.1195
264;bleu;Baseline_V2;0.0006;0.0;0.0071;0.0;0.0177
264;length_ratio;Baseline_V2;0.1763;0.3731;0.2782;0.428;0.3673
264;perplexity_qwen;Baseline_V2;-11.1439;-14.9134;-11.3949;-10.9181;-6.5783
265;chat_cite;Baseline_V2;1;1;1;1;0
265;sentence_cite;Baseline_V2;7;4;2;1;0
265;absolute_wordcount;Baseline_V2;105.0;59.0;17.0;18.0;0
265;position_adjusted_wordcount;Baseline_V2;72.0256;34.0947;11.2659;8.7254;0
265;impression_pos_count_simple;Baseline_V2;4.2302;1.8133;0.9082;0.4847;0
265;rvs_sentiment;Baseline_V2;26.1536;17.8814;0.8166;4.0032;0
265;rouge_l_recall;Baseline_V2;0.0554;0.0482;0.0575;0.0646;0.0726
265;bleu;Baseline_V2;0.0;0.0;0.0;0.0;0.0036
265;length_ratio;Baseline_V2;0.2317;0.177;0.2051;0.3204;0.3482
265;perplexity_qwen;Baseline_V2;-12.7185;-11.5467;-9.2014;-10.389;-5.6595
266;chat_cite;Baseline_V2;1;1;1;0;1
266;sentence_cite;Baseline_V2;5;6;1;0;2
266;absolute_wordcount;Baseline_V2;64.0;79.0;4.5;0;14.5
266;position_adjusted_wordcount;Baseline_V2;36.3848;41.7589;1.7259;0;5.4047
266;impression_pos_count_simple;Baseline_V2;2.6062;2.9539;0.1918;0;0.3757
266;rvs_sentiment;Baseline_V2;-1.6858;8.4843;1.5202;0;7.0428
266;rouge_l_recall;Baseline_V2;0.0927;0.0709;0.0403;0.078;0.0692
266;bleu;Baseline_V2;0.0069;0.0019;0.0;0.0048;0.0
266;length_ratio;Baseline_V2;0.2587;0.2105;0.1307;0.3516;0.3561
266;perplexity_qwen;Baseline_V2;-12.2224;-8.1779;-13.2157;-11.6855;-11.1794
267;chat_cite;Baseline_V2;1;0;1;1;1
267;sentence_cite;Baseline_V2;6;0;2;2;3
267;absolute_wordcount;Baseline_V2;124.0;0;31.6667;29.6667;48.6667
267;position_adjusted_wordcount;Baseline_V2;83.3153;0;16.1478;14.3392;22.5252
267;impression_pos_count_simple;Baseline_V2;4.0057;0;0.6779;0.6462;1.0818
267;rvs_sentiment;Baseline_V2;12.668;0;16.0246;12.9591;14.7308
267;rouge_l_recall;Baseline_V2;0.1211;0.0935;0.046;0.0452;0.0419
267;bleu;Baseline_V2;0.0;0.0;0.0;0.0002;0.0
267;length_ratio;Baseline_V2;0.4626;0.5207;0.1659;0.1363;0.1523
267;perplexity_qwen;Baseline_V2;-10.2914;-15.2089;-11.0611;-8.1309;-13.5645
268;chat_cite;Baseline_V2;1;1;1;1;0
268;sentence_cite;Baseline_V2;7;1;2;1;0
268;absolute_wordcount;Baseline_V2;122.0;15.0;33.0;19.0;0
268;position_adjusted_wordcount;Baseline_V2;78.3223;6.462;17.5819;9.0938;0
268;impression_pos_count_simple;Baseline_V2;4.3549;0.4308;1.0449;0.4786;0
268;rvs_sentiment;Baseline_V2;18.2483;0.0;11.441;5.8983;0
268;rouge_l_recall;Baseline_V2;0.0451;0.0778;0.0772;0.0599;0.0594
268;bleu;Baseline_V2;0.0;0.0043;0.0;0.0013;0.0
268;length_ratio;Baseline_V2;0.1217;0.4049;0.451;0.2609;0.3548
268;perplexity_qwen;Baseline_V2;-11.1439;-13.0781;-24.4542;-14.4917;-12.781
269;chat_cite;Baseline_V2;1;1;0;0;1
269;sentence_cite;Baseline_V2;6;2;0;0;1
269;absolute_wordcount;Baseline_V2;57.5;9.0;0;0;5.5
269;position_adjusted_wordcount;Baseline_V2;40.5626;4.7674;0;0;2.2611
269;impression_pos_count_simple;Baseline_V2;3.0603;0.5297;0;0;0.2056
269;rvs_sentiment;Baseline_V2;1.0758;0.1332;0;0;0.5788
269;rouge_l_recall;Baseline_V2;0.0374;0.0396;0.0157;0.038;0.0608
269;bleu;Baseline_V2;0.0;0.0;0.0;0.0;0.0
269;length_ratio;Baseline_V2;0.0795;0.1458;0.0339;0.1193;0.2053
269;perplexity_qwen;Baseline_V2;-17.8861;-14.9862;-8.6626;-3.0052;-7.1604
270;chat_cite;Baseline_V2;1;1;1;1;1
270;sentence_cite;Baseline_V2;6;4;2;3;3
270;absolute_wordcount;Baseline_V2;78.0;45.0;14.0;27.0;41.0
270;position_adjusted_wordcount;Baseline_V2;57.629;25.347;8.0634;11.6833;18.5389
270;impression_pos_count_simple;Baseline_V2;3.7712;1.7444;0.6495;0.933;0.9871
270;rvs_sentiment;Baseline_V2;16.5782;13.6749;5.4065;-3.2029;7.8307
270;rouge_l_recall;Baseline_V2;0.1074;0.0552;0.1769;0.0599;0.0608
270;bleu;Baseline_V2;0.0135;0.0003;0.0203;0.0;0.0015
270;length_ratio;Baseline_V2;0.3171;0.1771;1.4607;0.2392;0.2236
270;perplexity_qwen;Baseline_V2;-4.0406;-12.0388;-4.7995;-12.4184;-11.5386
271;chat_cite;Baseline_V2;1;0;1;0;1
271;sentence_cite;Baseline_V2;6;0;1;0;3
271;absolute_wordcount;Baseline_V2;125.0;0;22.0;0;66.0
271;position_adjusted_wordcount;Baseline_V2;84.001;0;16.5325;0;28.8774
271;impression_pos_count_simple;Baseline_V2;4.0932;0;0.7515;0;1.3132
271;rvs_sentiment;Baseline_V2;24.0234;0;0.0;0;8.4914
271;rouge_l_recall;Baseline_V2;0.1314;0.0951;0.07;0.0962;0.0691
271;bleu;Baseline_V2;0.0203;0.0;0.0;0.0085;0.0
271;length_ratio;Baseline_V2;0.4956;0.4626;0.2742;0.4857;0.2363
271;perplexity_qwen;Baseline_V2;-10.7768;-13.9704;-14.4943;-11.7772;-11.1065
272;chat_cite;Baseline_V2;1;1;1;1;1
272;sentence_cite;Baseline_V2;4;5;5;3;6
272;absolute_wordcount;Baseline_V2;67.0;69.0;71.0;43.0;86.0
272;position_adjusted_wordcount;Baseline_V2;46.6344;43.3054;50.6657;19.4568;46.8843
272;impression_pos_count_simple;Baseline_V2;2.7776;3.0531;3.5757;1.4573;3.1535
272;rvs_sentiment;Baseline_V2;17.1642;-1.5729;7.0693;3.8271;19.9633
272;rouge_l_recall;Baseline_V2;0.0566;0.1346;0.1588;0.0687;0.0582
272;bleu;Baseline_V2;0.0008;0.0164;0.0;0.003;0.0
272;length_ratio;Baseline_V2;0.2281;0.7664;0.7157;0.3091;0.2243
272;perplexity_qwen;Baseline_V2;-6.5373;-6.859;-6.8013;-10.7669;-10.6429
273;chat_cite;Baseline_V2;1;0;0;0;0
273;sentence_cite;Baseline_V2;5;0;0;0;0
273;absolute_wordcount;Baseline_V2;71.0;0;0;0;0
273;position_adjusted_wordcount;Baseline_V2;39.3261;0;0;0;0
273;impression_pos_count_simple;Baseline_V2;2.8009;0;0;0;0
273;rvs_sentiment;Baseline_V2;13.0564;0;0;0;0
273;rouge_l_recall;Baseline_V2;0.1087;0.0254;0.0335;0.0424;0.0395
273;bleu;Baseline_V2;0.0054;0.0;0.0;0.0;0.0
273;length_ratio;Baseline_V2;0.2223;0.0728;0.1231;0.175;0.165
273;perplexity_qwen;Baseline_V2;-11.6246;-10.9602;-5.5763;-12.3875;-27.3513
274;chat_cite;Baseline_V2;1;1;1;1;1
274;sentence_cite;Baseline_V2;2;5;3;2;2
274;absolute_wordcount;Baseline_V2;21.0;62.0;47.0;19.0;22.0
274;position_adjusted_wordcount;Baseline_V2;19.7277;37.5961;32.0093;8.4312;19.4149
274;impression_pos_count_simple;Baseline_V2;1.013;2.5361;1.4117;0.5173;0.9561
274;rvs_sentiment;Baseline_V2;4.9319;23.0051;12.8012;1.2908;0.5009
274;rouge_l_recall;Baseline_V2;0.163;0.1003;0.0439;0.0921;0.1186
274;bleu;Baseline_V2;0.0;0.0079;0.0;0.0;0.0135
274;length_ratio;Baseline_V2;0.9567;0.3492;0.1493;0.6095;0.75
274;perplexity_qwen;Baseline_V2;-15.8043;-20.1756;-13.6372;-21.1254;-11.75
275;chat_cite;Baseline_V2;1;1;1;1;0
275;sentence_cite;Baseline_V2;5;3;1;2;0
275;absolute_wordcount;Baseline_V2;109.0;57.0;16.0;32.0;0
275;position_adjusted_wordcount;Baseline_V2;74.9896;32.919;8.2147;13.7155;0
275;impression_pos_count_simple;Baseline_V2;3.4144;1.7467;0.5134;0.8735;0
275;rvs_sentiment;Baseline_V2;-4.8023;-6.4304;-0.2119;8.542;0
275;rouge_l_recall;Baseline_V2;0.0873;0.0842;0.0693;0.0723;0.0698
275;bleu;Baseline_V2;0.006;0.004;0.0;0.0035;0.0
275;length_ratio;Baseline_V2;0.2981;0.2364;0.2407;0.3016;0.3297
275;perplexity_qwen;Baseline_V2;-15.253;-8.4727;-6.7316;-8.5034;-8.0048
276;chat_cite;Baseline_V2;0;0;0;0;0
276;sentence_cite;Baseline_V2;0;0;0;0;0
276;absolute_wordcount;Baseline_V2;0;0;0;0;0
276;position_adjusted_wordcount;Baseline_V2;0;0;0;0;0
276;impression_pos_count_simple;Baseline_V2;0;0;0;0;0
276;rvs_sentiment;Baseline_V2;0;0;0;0;0
276;rouge_l_recall;Baseline_V2;0.0512;0.0708;0.0515;0.1084;0.0197
276;bleu;Baseline_V2;0.0006;0.0019;0.0;0.0;0.0
276;length_ratio;Baseline_V2;0.1848;0.2302;0.1632;0.4939;0.0546
276;perplexity_qwen;Baseline_V2;-5.8699;-10.9377;-5.6986;-4.4616;-15.9392
277;chat_cite;Baseline_V2;1;0;0;0;1
277;sentence_cite;Baseline_V2;9;0;0;0;6
277;absolute_wordcount;Baseline_V2;166.0;0;0;0;91.0
277;position_adjusted_wordcount;Baseline_V2;117.5648;0;0;0;41.9629
277;impression_pos_count_simple;Baseline_V2;6.3832;0;0;0;2.7399
277;rvs_sentiment;Baseline_V2;-5.9519;0;0;0;8.4955
277;rouge_l_recall;Baseline_V2;0.1196;0.0391;0.0683;0.0582;0.123
277;bleu;Baseline_V2;0.009;0.0;0.0;0.0;0.0215
277;length_ratio;Baseline_V2;0.2692;0.1441;0.3508;0.2848;0.4431
277;perplexity_qwen;Baseline_V2;-13.2426;-13.9771;-17.8784;-12.8974;-6.1926
278;chat_cite;Baseline_V2;1;1;1;1;0
278;sentence_cite;Baseline_V2;2;2;1;1;0
278;absolute_wordcount;Baseline_V2;32.0;32.0;13.0;20.0;0
278;position_adjusted_wordcount;Baseline_V2;24.637;19.0428;5.3673;10.0084;0
278;impression_pos_count_simple;Baseline_V2;1.5325;1.1902;0.4129;0.5004;0
278;rvs_sentiment;Baseline_V2;3.8319;-0.0008;0.0;2.7343;0
278;rouge_l_recall;Baseline_V2;0.1169;0.0696;0.0722;0.0692;0.1016
278;bleu;Baseline_V2;0.0156;0.0;0.0028;0.0036;0.0157
278;length_ratio;Baseline_V2;0.5637;0.289;0.2808;0.2405;0.4048
278;perplexity_qwen;Baseline_V2;-9.3358;-11.7537;-6.7316;-6.347;-5.919
279;chat_cite;Baseline_V2;1;0;1;1;1
279;sentence_cite;Baseline_V2;3;0;3;4;1
279;absolute_wordcount;Baseline_V2;67.6667;0;57.6667;68.6667;23.0
279;position_adjusted_wordcount;Baseline_V2;52.9132;0;35.0334;35.7251;9.8684
279;impression_pos_count_simple;Baseline_V2;1.774;0;1.387;1.7167;0.4291
279;rvs_sentiment;Baseline_V2;34.7257;0;14.0957;8.04;3.7678
279;rouge_l_recall;Baseline_V2;0.0722;0.1504;0.028;0.0589;0.0401
279;bleu;Baseline_V2;0.0;0.0179;0.0;0.0;0.0001
279;length_ratio;Baseline_V2;0.3003;0.9683;0.0747;0.2251;0.1274
279;perplexity_qwen;Baseline_V2;-15.156;-12.4634;-7.4484;-10.6708;-6.5868
280;chat_cite;Baseline_V2;1;1;1;1;0
280;sentence_cite;Baseline_V2;4;2;1;2;0
280;absolute_wordcount;Baseline_V2;84.0;53.0;20.0;47.0;0
280;position_adjusted_wordcount;Baseline_V2;66.6823;28.7075;9.4473;20.4922;0
280;impression_pos_count_simple;Baseline_V2;3.2046;1.0411;0.4724;0.8813;0
280;rvs_sentiment;Baseline_V2;23.2392;15.4906;7.8564;15.1811;0
280;rouge_l_recall;Baseline_V2;0.0779;0.0533;0.0604;0.0882;0.0385
280;bleu;Baseline_V2;0.0;0.0;0.0011;0.0053;0.0
280;length_ratio;Baseline_V2;0.2977;0.211;0.2101;0.3109;0.1082
280;perplexity_qwen;Baseline_V2;-12.5948;-12.7006;-9.1698;-8.8202;-10.6924
301;chat_cite;Baseline_V2;0;0;0;0;0
301;sentence_cite;Baseline_V2;0;0;0;0;0
301;absolute_wordcount;Baseline_V2;0;0;0;0;0
301;position_adjusted_wordcount;Baseline_V2;0;0;0;0;0
301;impression_pos_count_simple;Baseline_V2;0;0;0;0;0
301;rvs_sentiment;Baseline_V2;0;0;0;0;0
301;rouge_l_recall;Baseline_V2;0.0425;0.0179;0.0466;0.0444;0.014
301;bleu;Baseline_V2;0.0;0.0;0.0;0.0;0.0
301;length_ratio;Baseline_V2;0.2664;0.0924;0.2919;0.26;0.0473
301;perplexity_qwen;Baseline_V2;-14.5982;-6.0739;-7.6205;-13.8119;-3.8395
302;chat_cite;Baseline_V2;1;1;1;0;1
302;sentence_cite;Baseline_V2;4;4;2;0;4
302;absolute_wordcount;Baseline_V2;52.0;47.5;12.5;0;51.0
302;position_adjusted_wordcount;Baseline_V2;37.9869;31.3413;6.3484;0;24.4264
302;impression_pos_count_simple;Baseline_V2;2.2264;1.6026;0.5139;0;1.1929
302;rvs_sentiment;Baseline_V2;17.659;17.7539;4.5237;0;20.2453
302;rouge_l_recall;Baseline_V2;0.0682;0.0696;0.0413;0.1033;0.0792
302;bleu;Baseline_V2;0.0025;0.0029;0.0;0.0134;0.0032
302;length_ratio;Baseline_V2;0.2615;0.2371;0.1065;0.5742;0.2947
302;perplexity_qwen;Baseline_V2;-12.8974;-11.2322;-5.9291;-11.0971;-8.7728
303;chat_cite;Baseline_V2;1;1;1;1;0
303;sentence_cite;Baseline_V2;11;1;3;1;0
303;absolute_wordcount;Baseline_V2;184.0;12.0;52.0;16.0;0
303;position_adjusted_wordcount;Baseline_V2;123.0493;4.7189;29.3791;10.7251;0
303;impression_pos_count_simple;Baseline_V2;7.1603;0.3932;1.5917;0.6703;0
303;rvs_sentiment;Baseline_V2;6.4532;2.7648;19.585;7.3017;0
303;rouge_l_recall;Baseline_V2;0.0479;0.2062;0.0856;0.0552;0.0507
303;bleu;Baseline_V2;0.0002;0.0254;0.0;0.0011;0.0004
303;length_ratio;Baseline_V2;0.1431;1.1502;0.3724;0.2348;0.1848
303;perplexity_qwen;Baseline_V2;-15.7587;-5.4373;-17.1703;-16.0281;-14.4035
304;chat_cite;Baseline_V2;1;1;1;1;1
304;sentence_cite;Baseline_V2;3;3;3;3;2
304;absolute_wordcount;Baseline_V2;38.0;38.0;33.0;29.0;19.0
304;position_adjusted_wordcount;Baseline_V2;30.7994;26.8113;18.4859;13.6041;7.5778
304;impression_pos_count_simple;Baseline_V2;1.767;1.5416;1.2306;1.0299;0.4782
304;rvs_sentiment;Baseline_V2;0.9817;12.2304;3.5706;7.5954;4.4927
304;rouge_l_recall;Baseline_V2;0.0909;0.0787;0.0795;0.0453;0.0385
304;bleu;Baseline_V2;0.0;0.0;0.0057;0.0;0.0
304;length_ratio;Baseline_V2;0.5527;0.3735;0.3255;0.1832;0.1533
304;perplexity_qwen;Baseline_V2;-20.2575;-8.3305;-9.8063;-18.3989;-3.0188
305;chat_cite;Baseline_V2;1;1;1;0;1
305;sentence_cite;Baseline_V2;3;1;1;0;1
305;absolute_wordcount;Baseline_V2;52.0;10.0;18.0;0;15.0
305;position_adjusted_wordcount;Baseline_V2;33.5701;6.4118;9.2415;0;9.098
305;impression_pos_count_simple;Baseline_V2;1.9131;0.6412;0.5134;0;0.6065
305;rvs_sentiment;Baseline_V2;14.6935;1.7517;7.1927;0;-3.6565
305;rouge_l_recall;Baseline_V2;0.085;0.0625;0.0583;0.0717;0.0329
305;bleu;Baseline_V2;0.0041;0.0;0.0007;0.0;0.0
305;length_ratio;Baseline_V2;0.2707;0.2062;0.1856;0.3325;0.0789
305;perplexity_qwen;Baseline_V2;-10.698;-10.3922;-10.4015;-13.2425;-5.7101
306;chat_cite;Baseline_V2;1;0;1;1;0
306;sentence_cite;Baseline_V2;5;0;1;5;0
306;absolute_wordcount;Baseline_V2;90.0;0;25.0;80.0;0
306;position_adjusted_wordcount;Baseline_V2;51.9284;0;14.2059;52.8198;0
306;impression_pos_count_simple;Baseline_V2;2.8463;0;0.5682;3.305;0
306;rvs_sentiment;Baseline_V2;18.726;0;5.4238;5.8195;0
306;rouge_l_recall;Baseline_V2;0.0767;0.0638;0.0671;0.0466;0.0641
306;bleu;Baseline_V2;0.0052;0.0;0.0;0.0001;0.0
306;length_ratio;Baseline_V2;0.3268;0.4408;0.337;0.1438;0.2829
306;perplexity_qwen;Baseline_V2;-17.5532;-24.0676;-12.1466;-6.5677;-4.0406
307;chat_cite;Baseline_V2;1;1;0;0;1
307;sentence_cite;Baseline_V2;6;1;0;0;2
307;absolute_wordcount;Baseline_V2;86.0;17.0;0;0;35.0
307;position_adjusted_wordcount;Baseline_V2;56.1095;8.0302;0;0;14.1356
307;impression_pos_count_simple;Baseline_V2;4.0993;0.4724;0;0;0.8085
307;rvs_sentiment;Baseline_V2;20.722;1.0279;0;0;1.24
307;rouge_l_recall;Baseline_V2;0.1874;0.0644;0.161;0.0499;0.0902
307;bleu;Baseline_V2;0.0457;0.0;0.0165;0.0;0.0
307;length_ratio;Baseline_V2;0.5528;0.2537;0.5355;0.2575;0.5965
307;perplexity_qwen;Baseline_V2;-6.3088;-5.612;-6.1687;-23.324;-16.2896
308;chat_cite;Baseline_V2;1;1;1;1;0
308;sentence_cite;Baseline_V2;7;2;2;2;0
308;absolute_wordcount;Baseline_V2;89.3333;21.3333;27.0;35.3333;0
308;position_adjusted_wordcount;Baseline_V2;57.8663;9.5213;10.7196;17.8836;0
308;impression_pos_count_simple;Baseline_V2;4.0805;0.6192;0.7933;0.6714;0
308;rvs_sentiment;Baseline_V2;19.3619;11.9309;-0.3645;7.5952;0
308;rouge_l_recall;Baseline_V2;0.0741;0.0496;0.0859;0.0498;0.0353
308;bleu;Baseline_V2;0.0005;0.0002;0.0;0.0;0.0
308;length_ratio;Baseline_V2;0.1621;0.1657;0.4633;0.2352;0.1028
308;perplexity_qwen;Baseline_V2;-7.5694;-6.6668;-17.6709;-11.24;-13.0199
309;chat_cite;Baseline_V2;1;1;1;1;1
309;sentence_cite;Baseline_V2;1;3;3;1;2
309;absolute_wordcount;Baseline_V2;8.0;25.5;25.5;8.0;28.0
309;position_adjusted_wordcount;Baseline_V2;3.4193;18.7837;16.6169;3.4193;17.8536
309;impression_pos_count_simple;Baseline_V2;0.2137;1.1896;1.0756;0.2137;0.7603
309;rvs_sentiment;Baseline_V2;1.7097;-8.1198;-6.6724;1.7097;-16.6021
309;rouge_l_recall;Baseline_V2;0.0791;0.1467;0.0739;0.0685;0.0763
309;bleu;Baseline_V2;0.0;0.0448;0.0027;0.0;0.0054
309;length_ratio;Baseline_V2;0.5706;0.5534;0.2407;0.2882;0.3897
309;perplexity_qwen;Baseline_V2;-12.5849;-9.5222;-11.0139;-7.377;-12.246
310;chat_cite;Baseline_V2;1;0;0;0;1
310;sentence_cite;Baseline_V2;5;0;0;0;4
310;absolute_wordcount;Baseline_V2;20.0;0;0;0;0.0
310;position_adjusted_wordcount;Baseline_V2;15.6759;0;0;0;0.0
310;impression_pos_count_simple;Baseline_V2;3.0305;0;0;0;2.245
310;rvs_sentiment;Baseline_V2;0.0;0;0;0;0.0
310;rouge_l_recall;Baseline_V2;0.0516;0.0435;0.0158;0.0442;0.0556
310;bleu;Baseline_V2;0.0004;0.0003;0.0;0.0;0.0005
310;length_ratio;Baseline_V2;0.1604;0.1787;0.0447;0.1905;0.1691
310;perplexity_qwen;Baseline_V2;-12.0763;-10.2291;-7.1721;-15.6289;-9.7933
311;chat_cite;Baseline_V2;1;1;0;1;1
311;sentence_cite;Baseline_V2;3;1;0;1;3
311;absolute_wordcount;Baseline_V2;64.0;22.0;0;23.0;62.0
311;position_adjusted_wordcount;Baseline_V2;53.587;14.3317;0;12.0931;26.9642
311;impression_pos_count_simple;Baseline_V2;2.4976;0.6514;0;0.5258;1.309
311;rvs_sentiment;Baseline_V2;19.6583;7.9885;0;-5.4383;8.1242
311;rouge_l_recall;Baseline_V2;0.1056;0.0694;0.1454;0.0726;0.0988
311;bleu;Baseline_V2;0.0185;0.0;0.0;0.0;0.0117
311;length_ratio;Baseline_V2;0.5954;0.2328;1.0373;0.3615;0.4083
311;perplexity_qwen;Baseline_V2;-14.5103;-9.8226;-12.5185;-8.4238;-16.8276
312;chat_cite;Baseline_V2;1;1;0;1;1
312;sentence_cite;Baseline_V2;7;4;0;2;3
312;absolute_wordcount;Baseline_V2;117.5;31.5;0;11.5;27.5
312;position_adjusted_wordcount;Baseline_V2;62.0162;20.1257;0;6.3071;15.183
312;impression_pos_count_simple;Baseline_V2;3.5254;2.3738;0;0.9219;1.3422
312;rvs_sentiment;Baseline_V2;25.7681;6.517;0;2.7248;10.9128
312;rouge_l_recall;Baseline_V2;0.1022;0.0799;0.0503;0.0282;0.0359
312;bleu;Baseline_V2;0.0138;0.0;0.0;0.0;0.0
312;length_ratio;Baseline_V2;0.3969;0.3453;0.2525;0.0815;0.114
312;perplexity_qwen;Baseline_V2;-11.6463;-5.4726;-13.9742;-7.2165;-4.916
313;chat_cite;Baseline_V2;1;1;0;1;0
313;sentence_cite;Baseline_V2;8;1;0;2;0
313;absolute_wordcount;Baseline_V2;144.0;13.0;0;23.0;0
313;position_adjusted_wordcount;Baseline_V2;92.7351;6.1408;0;10.2065;0
313;impression_pos_count_simple;Baseline_V2;4.7631;0.2362;0;0.4395;0
313;rvs_sentiment;Baseline_V2;43.6578;-3.908;0;-3.908;0
313;rouge_l_recall;Baseline_V2;0.0717;0.072;0.0595;0.0889;0.0757
313;bleu;Baseline_V2;0.0002;0.0017;0.0;0.0;0.0
313;length_ratio;Baseline_V2;0.133;0.2411;0.188;0.4106;0.2352
313;perplexity_qwen;Baseline_V2;-9.1091;-6.7367;-9.2736;-13.3636;-7.2586
314;chat_cite;Baseline_V2;1;1;1;1;1
314;sentence_cite;Baseline_V2;5;1;2;2;1
314;absolute_wordcount;Baseline_V2;65.5;8.0;15.0;12.5;13.0
314;position_adjusted_wordcount;Baseline_V2;43.6324;3.0541;8.6522;4.9739;6.4317
314;impression_pos_count_simple;Baseline_V2;2.6683;0.1909;0.5339;0.4042;0.2474
314;rvs_sentiment;Baseline_V2;31.483;4.0955;10.12;2.959;3.8076
314;rouge_l_recall;Baseline_V2;0.0545;0.0917;0.0593;0.0375;0.0416
314;bleu;Baseline_V2;0.0001;0.0;0.0;0.0;0.0
314;length_ratio;Baseline_V2;0.1391;0.4686;0.2263;0.111;0.1512
314;perplexity_qwen;Baseline_V2;-11.3939;-13.4387;-11.2029;-10.0612;-16.2105
315;chat_cite;Baseline_V2;1;1;1;1;0
315;sentence_cite;Baseline_V2;3;3;3;4;0
315;absolute_wordcount;Baseline_V2;30.5;40.5;34.0;58.0;0
315;position_adjusted_wordcount;Baseline_V2;20.2055;27.1013;17.692;32.937;0
315;impression_pos_count_simple;Baseline_V2;1.5357;1.4266;1.4689;2.1522;0
315;rvs_sentiment;Baseline_V2;2.521;8.2797;3.7718;18.6117;0
315;rouge_l_recall;Baseline_V2;0.062;0.1322;0.0396;0.0554;0.1565
315;bleu;Baseline_V2;0.0;0.0332;0.0;0.0006;0.0163
315;length_ratio;Baseline_V2;0.2913;0.5897;0.1312;0.1785;1.3036
315;perplexity_qwen;Baseline_V2;-12.1652;-18.618;-11.3677;-8.2602;-4.7995
316;chat_cite;Baseline_V2;1;1;1;0;1
316;sentence_cite;Baseline_V2;4;2;2;0;4
316;absolute_wordcount;Baseline_V2;44.5;19.5;37.0;0;79.0
316;position_adjusted_wordcount;Baseline_V2;25.3839;13.3984;22.9482;0;46.3827
316;impression_pos_count_simple;Baseline_V2;1.9965;1.0021;1.2065;0;2.3856
316;rvs_sentiment;Baseline_V2;1.8888;-5.0726;6.7147;0;12.4499
316;rouge_l_recall;Baseline_V2;0.0901;0.0491;0.0823;0.0702;0.0851
316;bleu;Baseline_V2;0.0;0.0003;0.0;0.0;0.0043
316;length_ratio;Baseline_V2;0.4158;0.1614;0.3027;0.2443;0.2404
316;perplexity_qwen;Baseline_V2;-16.361;-9.7329;-6.7316;-13.096;-10.7392
317;chat_cite;Baseline_V2;1;0;1;0;1
317;sentence_cite;Baseline_V2;4;0;7;0;6
317;absolute_wordcount;Baseline_V2;26.0;0;57.0;0;43.0
317;position_adjusted_wordcount;Baseline_V2;19.1618;0;33.4838;0;23.2862
317;impression_pos_count_simple;Baseline_V2;1.2103;0;1.8496;0;1.5089
317;rvs_sentiment;Baseline_V2;15.5531;0;31.845;0;19.4813
317;rouge_l_recall;Baseline_V2;0.1898;0.0567;0.0626;0.0494;0.0466
317;bleu;Baseline_V2;0.0309;0.0;0.0023;0.0;0.0
317;length_ratio;Baseline_V2;0.7379;0.3121;0.2525;0.2627;0.1729
317;perplexity_qwen;Baseline_V2;-3.2063;-12.0832;-10.517;-11.4544;-22.1661
318;chat_cite;Baseline_V2;1;1;1;1;0
318;sentence_cite;Baseline_V2;7;4;1;4;0
318;absolute_wordcount;Baseline_V2;122.0;60.0;20.0;75.0;0
318;position_adjusted_wordcount;Baseline_V2;75.9519;38.5391;11.4751;37.4769;0
318;impression_pos_count_simple;Baseline_V2;4.4184;2.5909;0.5738;1.9546;0
318;rvs_sentiment;Baseline_V2;-21.8415;9.3817;5.6675;-25.3339;0
318;rouge_l_recall;Baseline_V2;0.0699;0.0477;0.1066;0.0488;0.0591
318;bleu;Baseline_V2;0.0006;0.0002;0.0;0.0;0.0
318;length_ratio;Baseline_V2;0.1734;0.1454;0.5983;0.1685;0.2525
318;perplexity_qwen;Baseline_V2;-7.6491;-14.7555;-15.3325;-12.3305;-11.0646
319;chat_cite;Baseline_V2;1;1;0;1;0
319;sentence_cite;Baseline_V2;4;5;0;1;0
319;absolute_wordcount;Baseline_V2;93.0;87.0;0;24.0;0
319;position_adjusted_wordcount;Baseline_V2;55.7158;49.0297;0;14.5567;0
319;impression_pos_count_simple;Baseline_V2;2.3483;2.8521;0;0.6065;0
319;rvs_sentiment;Baseline_V2;16.8279;10.8613;0;11.2334;0
319;rouge_l_recall;Baseline_V2;0.0585;0.0567;0.1029;0.0574;0.04
319;bleu;Baseline_V2;0.0006;0.0002;0.0;0.0;0.0
319;length_ratio;Baseline_V2;0.1827;0.1617;0.4819;0.2205;0.1566
319;perplexity_qwen;Baseline_V2;-7.0482;-6.252;-4.6798;-10.7657;-10.2327
320;chat_cite;Baseline_V2;1;0;1;1;1
320;sentence_cite;Baseline_V2;5;0;2;2;5
320;absolute_wordcount;Baseline_V2;96.0;0;29.0;34.0;99.0
320;position_adjusted_wordcount;Baseline_V2;67.8202;0;12.7726;17.0947;69.3425
320;impression_pos_count_simple;Baseline_V2;3.3472;0;0.8849;0.9906;3.3964
320;rvs_sentiment;Baseline_V2;14.7889;0;9.5159;3.6782;18.3315
320;rouge_l_recall;Baseline_V2;0.1146;0.0805;0.0593;0.0836;0.0557
320;bleu;Baseline_V2;0.0236;0.0056;0.0;0.0;0.0005
320;length_ratio;Baseline_V2;0.5039;0.3218;0.2506;0.3574;0.1707
320;perplexity_qwen;Baseline_V2;-11.0778;-9.2042;-11.719;-11.1571;-7.1472
281;chat_cite;Baseline_V2;1;1;1;0;1
281;sentence_cite;Baseline_V2;3;3;1;0;5
281;absolute_wordcount;Baseline_V2;45.0;64.0;14.0;0;77.0
281;position_adjusted_wordcount;Baseline_V2;28.6832;39.68;5.5793;0;41.2746
281;impression_pos_count_simple;Baseline_V2;1.8993;1.8851;0.3985;0;2.6356
281;rvs_sentiment;Baseline_V2;-6.2844;16.4684;3.4167;0;6.1523
281;rouge_l_recall;Baseline_V2;0.0902;0.0758;0.0446;0.037;0.1795
281;bleu;Baseline_V2;0.0144;0.0021;0.0001;0.0;0.0457
281;length_ratio;Baseline_V2;0.442;0.2274;0.1372;0.0943;0.4848
281;perplexity_qwen;Baseline_V2;-17.0291;-8.5656;-16.8511;-8.5667;-7.3172
282;chat_cite;Baseline_V2;1;0;0;0;0
282;sentence_cite;Baseline_V2;7;0;0;0;0
282;absolute_wordcount;Baseline_V2;141.0;0;0;0;0
282;position_adjusted_wordcount;Baseline_V2;80.5059;0;0;0;0
282;impression_pos_count_simple;Baseline_V2;3.9631;0;0;0;0
282;rvs_sentiment;Baseline_V2;30.9655;0;0;0;0
282;rouge_l_recall;Baseline_V2;0.0527;0.0742;0.131;0.0944;0.108
282;bleu;Baseline_V2;0.0002;0.0;0.0;0.0;0.0
282;length_ratio;Baseline_V2;0.1201;0.2983;0.8411;0.3317;0.7143
282;perplexity_qwen;Baseline_V2;-12.0635;-4.0152;-16.3348;-7.0969;-19.9217
283;chat_cite;Baseline_V2;1;1;1;1;0
283;sentence_cite;Baseline_V2;3;2;1;1;0
283;absolute_wordcount;Baseline_V2;24.5;13.5;5.0;5.0;0
283;position_adjusted_wordcount;Baseline_V2;12.4138;8.1597;2.0328;2.0328;0
283;impression_pos_count_simple;Baseline_V2;0.9829;0.5962;0.2033;0.2033;0
283;rvs_sentiment;Baseline_V2;10.4057;10.4057;1.5523;1.5523;0
283;rouge_l_recall;Baseline_V2;0.0355;0.018;0.0809;0.0339;0.0213
283;bleu;Baseline_V2;0.0;0.0;0.0;0.0;0.0
283;length_ratio;Baseline_V2;0.1176;0.0352;0.3578;0.1095;0.0441
283;perplexity_qwen;Baseline_V2;-6.034;-5.4232;-5.7784;-8.2602;-4.7721
284;chat_cite;Baseline_V2;1;1;1;1;1
284;sentence_cite;Baseline_V2;1;1;3;2;2
284;absolute_wordcount;Baseline_V2;27.0;18.0;40.5;24.0;28.5
284;position_adjusted_wordcount;Baseline_V2;24.8412;15.2367;24.0028;13.5251;13.4399
284;impression_pos_count_simple;Baseline_V2;0.92;0.8465;1.1338;0.8238;0.7133
284;rvs_sentiment;Baseline_V2;17.8459;4.5101;-4.3277;6.052;4.4054
284;rouge_l_recall;Baseline_V2;0.0668;0.1346;0.0725;0.0423;0.0772
284;bleu;Baseline_V2;0.0013;0.0;0.0008;0.0;0.0
284;length_ratio;Baseline_V2;0.1951;0.8889;0.2011;0.1281;0.2709
284;perplexity_qwen;Baseline_V2;-12.3149;-14.912;-5.9787;-12.4873;-12.9681
285;chat_cite;Baseline_V2;1;1;1;1;1
285;sentence_cite;Baseline_V2;6;5;4;2;6
285;absolute_wordcount;Baseline_V2;54.3333;49.5;30.8333;17.5;72.8333
285;position_adjusted_wordcount;Baseline_V2;37.8471;29.9139;24.4311;12.6201;34.4936
285;impression_pos_count_simple;Baseline_V2;1.9941;1.5486;1.4266;0.7439;1.8246
285;rvs_sentiment;Baseline_V2;9.2143;11.3027;12.7744;12.8564;15.6679
285;rouge_l_recall;Baseline_V2;0.1238;0.0703;0.0364;0.0726;0.057
285;bleu;Baseline_V2;0.0202;0.0;0.0;0.0031;0.0
285;length_ratio;Baseline_V2;0.3837;0.3537;0.0987;0.238;0.2147
285;perplexity_qwen;Baseline_V2;-3.8888;-13.4972;-8.679;-4.0406;-7.9752
286;chat_cite;Baseline_V2;1;1;0;0;0
286;sentence_cite;Baseline_V2;5;3;0;0;0
286;absolute_wordcount;Baseline_V2;108.0;57.0;0;0;0
286;position_adjusted_wordcount;Baseline_V2;80.3706;27.2445;0;0;0
286;impression_pos_count_simple;Baseline_V2;3.7412;1.4047;0;0;0
286;rvs_sentiment;Baseline_V2;43.1618;10.797;0;0;0
286;rouge_l_recall;Baseline_V2;0.127;0.0477;0.0518;0.0412;0.0493
286;bleu;Baseline_V2;0.023;0.0002;0.0;0.0;0.0
286;length_ratio;Baseline_V2;0.3196;0.1441;0.1953;0.1153;0.1903
286;perplexity_qwen;Baseline_V2;-6.9388;-13.3007;-13.4562;-5.7573;-9.9782
287;chat_cite;Baseline_V2;1;1;1;1;0
287;sentence_cite;Baseline_V2;6;4;1;3;0
287;absolute_wordcount;Baseline_V2;73.0;56.0;8.5;32.5;0
287;position_adjusted_wordcount;Baseline_V2;49.7866;35.9081;3.3164;14.2891;0
287;impression_pos_count_simple;Baseline_V2;4.0886;2.3924;0.1951;1.1006;0
287;rvs_sentiment;Baseline_V2;3.1787;4.3623;3.0432;7.0639;0
287;rouge_l_recall;Baseline_V2;0.1815;0.0672;0.108;0.0559;0.0736
287;bleu;Baseline_V2;0.0333;0.0005;0.0;0.0003;0.0038
287;length_ratio;Baseline_V2;0.5615;0.1731;0.6149;0.1762;0.3009
287;perplexity_qwen;Baseline_V2;-7.2019;-8.6664;-9.3358;-10.446;-8.4727
288;chat_cite;Baseline_V2;0;1;1;0;0
288;sentence_cite;Baseline_V2;0;5;7;0;0
288;absolute_wordcount;Baseline_V2;0;86.5;141.5;0;0
288;position_adjusted_wordcount;Baseline_V2;0;59.4271;74.7684;0;0
288;impression_pos_count_simple;Baseline_V2;0;3.0813;3.4064;0;0
288;rvs_sentiment;Baseline_V2;0;31.135;40.3482;0;0
288;rouge_l_recall;Baseline_V2;0.0289;0.0483;0.0178;0;0
288;bleu;Baseline_V2;0;0.0001;0.0;0;0
288;length_ratio;Baseline_V2;1.4505;0.132;0.0405;0.0;0.0
288;perplexity_qwen;Baseline_V2;-8.5782;-4.8708;-10.8861;0.0;0.0
289;chat_cite;Baseline_V2;1;1;1;0;1
289;sentence_cite;Baseline_V2;1;1;2;0;1
289;absolute_wordcount;Baseline_V2;5.6667;23.0;19.6667;0;5.6667
289;position_adjusted_wordcount;Baseline_V2;2.5462;15.4174;11.0376;0;2.5462
289;impression_pos_count_simple;Baseline_V2;0.1498;0.6703;0.7563;0;0.1498
289;rvs_sentiment;Baseline_V2;0.9777;7.0735;6.4853;0;0.9777
289;rouge_l_recall;Baseline_V2;0.0413;0.0837;0.0398;0.0275;0.0371
289;bleu;Baseline_V2;0.0;0.0;0.0;0.0;0.0
289;length_ratio;Baseline_V2;0.1211;0.3242;0.1327;0.0734;0.0933
289;perplexity_qwen;Baseline_V2;-14.7357;-10.3382;-12.8974;-12.0635;-19.615
290;chat_cite;Baseline_V2;1;1;1;0;1
290;sentence_cite;Baseline_V2;8;2;1;0;5
290;absolute_wordcount;Baseline_V2;83.6667;15.6667;9.0;0;34.6667
290;position_adjusted_wordcount;Baseline_V2;58.0722;6.8333;4.3808;0;16.2767
290;impression_pos_count_simple;Baseline_V2;4.017;0.366;0.2434;0;1.3052
290;rvs_sentiment;Baseline_V2;23.0291;9.6968;5.0107;0;12.1056
290;rouge_l_recall;Baseline_V2;0.1082;0.0452;0.0874;0.0575;0.0428
290;bleu;Baseline_V2;0.0057;0.0002;0.0083;0.0009;0.0
290;length_ratio;Baseline_V2;0.269;0.1473;0.4365;0.2351;0.1027
290;perplexity_qwen;Baseline_V2;-4.0406;-6.6377;-8.3968;-10.985;-12.5243
291;chat_cite;Baseline_V2;1;1;1;0;0
291;sentence_cite;Baseline_V2;6;4;1;0;0
291;absolute_wordcount;Baseline_V2;64.5;37.5;7.0;0;0
291;position_adjusted_wordcount;Baseline_V2;42.3232;22.6993;2.8558;0;0
291;impression_pos_count_simple;Baseline_V2;3.2618;1.4848;0.204;0;0
291;rvs_sentiment;Baseline_V2;15.6157;1.0413;-1.8174;0;0
291;rouge_l_recall;Baseline_V2;0.0949;0.0501;0.0249;0.0508;0.0163
291;bleu;Baseline_V2;0.0;0.0;0.0;0.0;0.0
291;length_ratio;Baseline_V2;0.3184;0.1952;0.0637;0.2118;0.0461
291;perplexity_qwen;Baseline_V2;-18.072;-10.8849;-14.8084;-9.1528;-15.1106
292;chat_cite;Baseline_V2;0;0;0;0;0
292;sentence_cite;Baseline_V2;0;0;0;0;0
292;absolute_wordcount;Baseline_V2;0;0;0;0;0
292;position_adjusted_wordcount;Baseline_V2;0;0;0;0;0
292;impression_pos_count_simple;Baseline_V2;0;0;0;0;0
292;rvs_sentiment;Baseline_V2;0;0;0;0;0
292;rouge_l_recall;Baseline_V2;0.1676;0.1341;0.1086;0.014;0.0768
292;bleu;Baseline_V2;0.0;0.0113;0.0;0.0;0.0066
292;length_ratio;Baseline_V2;2.0698;0.4605;1.1484;0.0462;0.3397
292;perplexity_qwen;Baseline_V2;-11.5018;-12.8606;-13.1448;-10.3425;-13.0618
293;chat_cite;Baseline_V2;1;1;1;1;0
293;sentence_cite;Baseline_V2;7;3;8;2;0
293;absolute_wordcount;Baseline_V2;85.0;31.0;120.0;13.0;0
293;position_adjusted_wordcount;Baseline_V2;54.3157;18.5305;73.6119;6.3357;0
293;impression_pos_count_simple;Baseline_V2;3.6805;1.3279;4.4468;0.5793;0
293;rvs_sentiment;Baseline_V2;-4.7369;-12.5249;19.7667;1.1271;0
293;rouge_l_recall;Baseline_V2;0.067;0.0459;0.1101;0.0476;0.1261
293;bleu;Baseline_V2;0.0024;0.0;0.007;0.0;0.0
293;length_ratio;Baseline_V2;0.2672;0.1749;0.4325;0.184;0.9187
293;perplexity_qwen;Baseline_V2;-9.6519;-13.3609;-9.5459;-2.831;-11.3343
294;chat_cite;Baseline_V2;1;1;1;1;1
294;sentence_cite;Baseline_V2;6;4;5;6;2
294;absolute_wordcount;Baseline_V2;40.8333;40.5;40.8333;38.8333;24.0
294;position_adjusted_wordcount;Baseline_V2;25.1418;24.0709;25.755;18.3625;14.841
294;impression_pos_count_simple;Baseline_V2;1.7587;1.563;1.4917;1.4239;0.9276
294;rvs_sentiment;Baseline_V2;-4.2098;3.5615;-5.4036;6.3391;0.0
294;rouge_l_recall;Baseline_V2;0.0593;0.0723;0.0438;0.0896;0.0876
294;bleu;Baseline_V2;0.0001;0.0;0.0001;0.0;0.0
294;length_ratio;Baseline_V2;0.1279;0.3028;0.1285;0.4198;0.365
294;perplexity_qwen;Baseline_V2;-7.4308;-9.5492;-5.2864;-9.9366;-6.3004
295;chat_cite;Baseline_V2;1;1;1;1;1
295;sentence_cite;Baseline_V2;5;2;3;1;1
295;absolute_wordcount;Baseline_V2;47.5;19.5;28.0;12.0;12.0
295;position_adjusted_wordcount;Baseline_V2;28.9721;11.0906;17.8815;5.0023;5.0023
295;impression_pos_count_simple;Baseline_V2;1.5031;0.5742;0.9288;0.2084;0.2084
295;rvs_sentiment;Baseline_V2;1.7552;11.9787;-10.2235;0.0;0.0
295;rouge_l_recall;Baseline_V2;0.0494;0.073;0.0421;0.0498;0.0338
295;bleu;Baseline_V2;0.0;0.0045;0.0001;0.0007;0.0
295;length_ratio;Baseline_V2;0.1459;0.293;0.1402;0.207;0.0868
295;perplexity_qwen;Baseline_V2;-11.7632;-6.6763;-8.9534;-11.7522;-7.3787
296;chat_cite;Baseline_V2;1;0;0;1;0
296;sentence_cite;Baseline_V2;2;0;0;2;0
296;absolute_wordcount;Baseline_V2;16.0;0;0;16.0;0
296;position_adjusted_wordcount;Baseline_V2;8.0925;0;0;8.0925;0
296;impression_pos_count_simple;Baseline_V2;0.5038;0;0;0.5038;0
296;rvs_sentiment;Baseline_V2;7.9019;0;0;7.9019;0
296;rouge_l_recall;Baseline_V2;0.0315;0.0628;0.0529;0.0416;0.0092
296;bleu;Baseline_V2;0.0;0.0;0.0017;0.0;0.0
296;length_ratio;Baseline_V2;0.0954;0.2549;0.1956;0.0908;0.0161
296;perplexity_qwen;Baseline_V2;-14.5982;-18.3377;-11.046;-4.7861;-8.4614
297;chat_cite;Baseline_V2;1;1;1;1;0
297;sentence_cite;Baseline_V2;3;2;1;1;0
297;absolute_wordcount;Baseline_V2;51.0;38.0;22.0;21.0;0
297;position_adjusted_wordcount;Baseline_V2;34.676;17.6737;9.4394;10.5088;0
297;impression_pos_count_simple;Baseline_V2;2.0462;0.9377;0.4291;0.5004;0
297;rvs_sentiment;Baseline_V2;-1.5508;-11.6318;0.0;-2.871;0
297;rouge_l_recall;Baseline_V2;0.0427;0.0272;0.0714;0.0627;0.1244
297;bleu;Baseline_V2;0.0001;0.0;0.0032;0.0015;0.0132
297;length_ratio;Baseline_V2;0.1422;0.0755;0.2394;0.2031;0.5736
297;perplexity_qwen;Baseline_V2;-9.9174;-23.0061;-9.5492;-9.8861;-7.1379
298;chat_cite;Baseline_V2;1;1;1;1;0
298;sentence_cite;Baseline_V2;8;3;2;6;0
298;absolute_wordcount;Baseline_V2;77.5;34.5;16.0;57.0;0
298;position_adjusted_wordcount;Baseline_V2;50.5359;21.5712;6.7382;41.8593;0
298;impression_pos_count_simple;Baseline_V2;2.5632;0.9418;0.6241;2.1352;0
298;rvs_sentiment;Baseline_V2;23.0754;-3.5957;2.2953;19.2402;0
298;rouge_l_recall;Baseline_V2;0.0394;0.0371;0.0437;0.0396;0.0617
298;bleu;Baseline_V2;0.0;0.0;0.0;0.0;0.0
298;length_ratio;Baseline_V2;0.0886;0.1006;0.2006;0.1062;0.2168
298;perplexity_qwen;Baseline_V2;-8.3101;-13.2957;-11.6994;-10.5166;-8.7084
299;chat_cite;Baseline_V2;1;1;1;0;1
299;sentence_cite;Baseline_V2;5;5;5;0;2
299;absolute_wordcount;Baseline_V2;81.0;64.0;68.5;0;26.5
299;position_adjusted_wordcount;Baseline_V2;54.2418;44.9355;36.6255;0;10.7872
299;impression_pos_count_simple;Baseline_V2;3.4795;3.3239;2.392;0;0.621
299;rvs_sentiment;Baseline_V2;6.02;18.2329;5.1265;0;4.4432
299;rouge_l_recall;Baseline_V2;0.1273;0.0846;0.0591;0.0534;0.0548
299;bleu;Baseline_V2;0.0071;0.0059;0.001;0.0;0.0
299;length_ratio;Baseline_V2;0.3582;0.3476;0.2283;0.2694;0.1922
299;perplexity_qwen;Baseline_V2;-5.9787;-12.3149;-12.4873;-16.4315;-13.6403
300;chat_cite;Baseline_V2;1;0;1;1;1
300;sentence_cite;Baseline_V2;6;0;1;3;3
300;absolute_wordcount;Baseline_V2;74.0;0;6.0;28.0;30.0
300;position_adjusted_wordcount;Baseline_V2;48.0577;0;3.2426;14.3237;11.9491
300;impression_pos_count_simple;Baseline_V2;3.124;0;0.2702;0.9699;0.7457
300;rvs_sentiment;Baseline_V2;26.8308;0;0.8301;1.6587;4.33
300;rouge_l_recall;Baseline_V2;0.096;0.0518;0.0934;0.0693;0.0348
300;bleu;Baseline_V2;0.0048;0.0;0.0102;0.0;0.0
300;length_ratio;Baseline_V2;0.288;0.2058;0.5256;0.2995;0.1009
300;perplexity_qwen;Baseline_V2;-9.6031;-15.157;-14.4471;-9.3954;-10.999
321;chat_cite;Baseline_V2;1;1;1;1;0
321;sentence_cite;Baseline_V2;3;3;1;1;0
321;absolute_wordcount;Baseline_V2;35.0;41.0;11.0;11.0;0
321;position_adjusted_wordcount;Baseline_V2;26.657;19.3092;4.9426;4.3256;0
321;impression_pos_count_simple;Baseline_V2;2.3114;1.4679;0.4493;0.3932;0
321;rvs_sentiment;Baseline_V2;7.9438;5.5584;0.6327;0.0;0
321;rouge_l_recall;Baseline_V2;0.1182;0.0635;0.0765;0.0793;0.0809
321;bleu;Baseline_V2;0.0;0.0;0.005;0.0057;0.0085
321;length_ratio;Baseline_V2;0.5302;0.2188;0.3971;0.3232;0.3658
321;perplexity_qwen;Baseline_V2;-10.7397;-19.4146;-11.0243;-4.7861;-10.7218
322;chat_cite;Baseline_V2;1;0;0;0;1
322;sentence_cite;Baseline_V2;13;0;0;0;1
322;absolute_wordcount;Baseline_V2;166.0;0;0;0;11.0
322;position_adjusted_wordcount;Baseline_V2;98.9002;0;0;0;8.3743
322;impression_pos_count_simple;Baseline_V2;7.5026;0;0;0;0.7613
322;rvs_sentiment;Baseline_V2;-0.9114;0;0;0;0.0
322;rouge_l_recall;Baseline_V2;0.1739;0.1054;0.103;0.0679;0.0631
322;bleu;Baseline_V2;0.0246;0.0;0.009;0.0016;0.0
322;length_ratio;Baseline_V2;0.3311;0.5022;0.4486;0.2417;0.2186
322;perplexity_qwen;Baseline_V2;-9.3931;-10.2499;-13.9945;-11.44;-11.8878
323;chat_cite;Baseline_V2;1;0;0;1;1
323;sentence_cite;Baseline_V2;4;0;0;3;2
323;absolute_wordcount;Baseline_V2;59.3333;0;0;40.3333;22.3333
323;position_adjusted_wordcount;Baseline_V2;38.151;0;0;19.2848;9.6226
323;impression_pos_count_simple;Baseline_V2;2.1803;0;0;1.1117;0.5784
323;rvs_sentiment;Baseline_V2;23.3915;0;0;10.9617;9.0864
323;rouge_l_recall;Baseline_V2;0.0827;0.1599;0.0548;0.0259;0.1209
323;bleu;Baseline_V2;0.0058;0.0;0.0007;0.0;0.0
323;length_ratio;Baseline_V2;0.2287;1.0536;0.1883;0.071;0.439
323;perplexity_qwen;Baseline_V2;-4.0406;-4.7995;-7.9896;-12.9608;-6.5463
324;chat_cite;Baseline_V2;1;0;0;0;0
324;sentence_cite;Baseline_V2;2;0;0;0;0
324;absolute_wordcount;Baseline_V2;31.0;0;0;0;0
324;position_adjusted_wordcount;Baseline_V2;14.8125;0;0;0;0
324;impression_pos_count_simple;Baseline_V2;0.948;0;0;0;0
324;rvs_sentiment;Baseline_V2;-4.6113;0;0;0;0
324;rouge_l_recall;Baseline_V2;0.0211;0.0194;0.025;0.0263;0.0131
324;bleu;Baseline_V2;0.0;0.0;0.0;0.0;0.0
324;length_ratio;Baseline_V2;0.0461;0.0509;0.0756;0.0814;0.0311
324;perplexity_qwen;Baseline_V2;-5.5226;-5.2449;-16.1044;-4.0406;-12.5243
325;chat_cite;Baseline_V2;1;1;0;1;1
325;sentence_cite;Baseline_V2;1;9;0;3;2
325;absolute_wordcount;Baseline_V2;21.0;199.0;0;52.0;37.0
325;position_adjusted_wordcount;Baseline_V2;20.1065;143.509;0;27.4183;14.5579
325;impression_pos_count_simple;Baseline_V2;0.9575;6.3207;0;1.6654;0.7855
325;rvs_sentiment;Baseline_V2;-11.2074;9.6648;0;-4.2023;5.202
325;rouge_l_recall;Baseline_V2;0.1667;0.0336;0.1552;0.0523;0.0363
325;bleu;Baseline_V2;0.0;0.0;0.0;0.0;0.0
325;length_ratio;Baseline_V2;1.1333;0.0847;1.637;0.2238;0.1266
325;perplexity_qwen;Baseline_V2;-17.6526;-15.6157;-28.0963;-14.8765;-11.1232
326;chat_cite;Baseline_V2;1;1;1;1;1
326;sentence_cite;Baseline_V2;13;1;3;8;4
326;absolute_wordcount;Baseline_V2;89.1667;0.3333;8.6667;36.3333;6.5
326;position_adjusted_wordcount;Baseline_V2;54.4355;0.2696;5.0937;20.1779;2.8042
326;impression_pos_count_simple;Baseline_V2;4.0335;0.2696;0.7468;1.817;0.7278
326;rvs_sentiment;Baseline_V2;-22.997;0.0;-5.1689;-6.353;-3.0629
326;rouge_l_recall;Baseline_V2;0.0246;0.0878;0.0365;0.0864;0.0531
326;bleu;Baseline_V2;0.0;0.0;0.0;0.008;0.0
326;length_ratio;Baseline_V2;0.0503;0.3405;0.1001;0.344;0.1961
326;perplexity_qwen;Baseline_V2;-11.2059;-5.9843;-13.0199;-8.7859;-12.2811
327;chat_cite;Baseline_V2;1;1;1;0;0
327;sentence_cite;Baseline_V2;7;2;3;0;0
327;absolute_wordcount;Baseline_V2;126.0;37.0;67.0;0;0
327;position_adjusted_wordcount;Baseline_V2;82.4482;17.0736;42.2492;0;0
327;impression_pos_count_simple;Baseline_V2;4.6258;0.9067;1.8841;0;0
327;rvs_sentiment;Baseline_V2;28.6501;8.4826;16.3118;0;0
327;rouge_l_recall;Baseline_V2;0.1483;0.0729;0.0869;0.0936;0.0554
327;bleu;Baseline_V2;0.0289;0.0;0.0;0.0;0.0
327;length_ratio;Baseline_V2;0.5058;0.3453;0.3449;0.4206;0.2135
327;perplexity_qwen;Baseline_V2;-10.7768;-15.7107;-17.0388;-16.8115;-13.5348
328;chat_cite;Baseline_V2;1;1;1;1;1
328;sentence_cite;Baseline_V2;3;3;2;1;2
328;absolute_wordcount;Baseline_V2;57.0;40.5;33.0;20.0;30.5
328;position_adjusted_wordcount;Baseline_V2;33.3752;22.7301;16.1204;15.7626;18.0127
328;impression_pos_count_simple;Baseline_V2;1.6763;1.1136;0.736;0.7881;0.8761
328;rvs_sentiment;Baseline_V2;17.4692;13.5637;13.3158;12.7267;15.1849
328;rouge_l_recall;Baseline_V2;0.0481;0.0415;0.0629;0.0558;0.0727
328;bleu;Baseline_V2;0.0002;0.0;0.0012;0.0002;0.0026
328;length_ratio;Baseline_V2;0.1575;0.108;0.2082;0.1665;0.2627
328;perplexity_qwen;Baseline_V2;-14.5413;-6.3859;-4.0285;-6.6252;-5.6477
329;chat_cite;Baseline_V2;1;1;0;0;1
329;sentence_cite;Baseline_V2;4;1;0;0;4
329;absolute_wordcount;Baseline_V2;79.0;23.0;0;0;81.0
329;position_adjusted_wordcount;Baseline_V2;60.4069;10.5668;0;0;37.5207
329;impression_pos_count_simple;Baseline_V2;3.0533;0.4594;0;0;1.8662
329;rvs_sentiment;Baseline_V2;34.9078;2.8868;0;0;3.2536
329;rouge_l_recall;Baseline_V2;0.0535;0.0675;0.1026;0.0578;0.0476
329;bleu;Baseline_V2;0.0;0.0;0.0;0.0;0.0002
329;length_ratio;Baseline_V2;0.1856;0.2613;0.7;0.2121;0.1444
329;perplexity_qwen;Baseline_V2;-7.5531;-7.766;-13.2074;-9.9162;-7.7618
330;chat_cite;Baseline_V2;1;1;0;1;1
330;sentence_cite;Baseline_V2;6;2;0;5;4
330;absolute_wordcount;Baseline_V2;84.5;26.5;0;48.5;35.5
330;position_adjusted_wordcount;Baseline_V2;66.2348;15.1922;0;29.441;18.2211
330;impression_pos_count_simple;Baseline_V2;4.0689;0.7191;0;2.6021;1.6961
330;rvs_sentiment;Baseline_V2;6.3922;13.2163;0;1.1391;14.2393
330;rouge_l_recall;Baseline_V2;0.1014;0.0886;0.0843;0.0839;0.0302
330;bleu;Baseline_V2;0.0121;0.0025;0.0;0.0064;0.0
330;length_ratio;Baseline_V2;0.3924;0.2874;0.5836;0.3659;0.0828
330;perplexity_qwen;Baseline_V2;-10.505;-5.4052;-15.37;-5.0154;-6.6621
331;chat_cite;Baseline_V2;1;1;1;1;1
331;sentence_cite;Baseline_V2;4;1;4;1;3
331;absolute_wordcount;Baseline_V2;35.0;5.5;39.5;6.5;26.5
331;position_adjusted_wordcount;Baseline_V2;24.2265;2.7813;27.07;2.6188;15.8841
331;impression_pos_count_simple;Baseline_V2;1.6744;0.2528;2.0394;0.2014;1.4452
331;rvs_sentiment;Baseline_V2;13.9323;0.0;9.7143;1.9997;-1.3282
331;rouge_l_recall;Baseline_V2;0.0331;0.044;0.0326;0.09;0.0416
331;bleu;Baseline_V2;0.0;0.0;0.0;0.0;0.0001
331;length_ratio;Baseline_V2;0.0968;0.1539;0.0882;0.3847;0.1438
331;perplexity_qwen;Baseline_V2;-13.7323;-12.7438;-12.8156;-8.8765;-10.2335
332;chat_cite;Baseline_V2;1;0;1;0;1
332;sentence_cite;Baseline_V2;2;0;3;0;5
332;absolute_wordcount;Baseline_V2;41.0;0;38.0;0;67.0
332;position_adjusted_wordcount;Baseline_V2;36.4832;0;17.647;0;50.9599
332;impression_pos_count_simple;Baseline_V2;1.3133;0;1.1466;0;2.9684
332;rvs_sentiment;Baseline_V2;18.3502;0;-10.3862;0;-0.7228
332;rouge_l_recall;Baseline_V2;0.0764;0.2451;0.0295;0.1275;0.0817
332;bleu;Baseline_V2;0.0048;0.0;0.0;0.0;0.0
332;length_ratio;Baseline_V2;0.3181;3.101;0.0841;1.2087;0.2952
332;perplexity_qwen;Baseline_V2;-8.7859;-13.1584;-10.3334;-19.3799;-10.61
333;chat_cite;Baseline_V2;1;1;1;1;0
333;sentence_cite;Baseline_V2;4;3;2;2;0
333;absolute_wordcount;Baseline_V2;42.0;24.0;12.0;15.0;0
333;position_adjusted_wordcount;Baseline_V2;28.2079;14.3826;4.7822;9.6605;0
333;impression_pos_count_simple;Baseline_V2;2.0219;1.2674;0.4905;0.736;0
333;rvs_sentiment;Baseline_V2;9.0844;5.4913;3.5154;4.2545;0
333;rouge_l_recall;Baseline_V2;0.0824;0.1022;0.0575;0.0491;0.0746
333;bleu;Baseline_V2;0.0023;0.0;0.0;0.0;0.0
333;length_ratio;Baseline_V2;0.2461;0.5825;0.2183;0.138;0.3662
333;perplexity_qwen;Baseline_V2;-12.2605;-11.4614;-13.2619;-10.2003;-13.4387
334;chat_cite;Baseline_V2;1;1;1;0;1
334;sentence_cite;Baseline_V2;6;4;1;0;4
334;absolute_wordcount;Baseline_V2;95.6667;62.6667;20.0;0;70.6667
334;position_adjusted_wordcount;Baseline_V2;68.0518;41.0926;15.1493;0;33.4702
334;impression_pos_count_simple;Baseline_V2;3.744;2.1977;0.7575;0;1.5622
334;rvs_sentiment;Baseline_V2;18.955;6.5297;-3.4283;0;6.7771
334;rouge_l_recall;Baseline_V2;0.0738;0.071;0.1116;0.0211;0.0951
334;bleu;Baseline_V2;0.0064;0.0042;0.0175;0.0;0.0121
334;length_ratio;Baseline_V2;0.2791;0.2682;0.5729;0.0762;0.359
334;perplexity_qwen;Baseline_V2;-10.8151;-14.3632;-11.7772;-5.7074;-12.5881
335;chat_cite;Baseline_V2;1;1;1;1;1
335;sentence_cite;Baseline_V2;3;3;1;2;1
335;absolute_wordcount;Baseline_V2;55.0;45.0;16.0;43.0;15.0
335;position_adjusted_wordcount;Baseline_V2;36.178;31.4248;8.5642;20.6894;5.5182
335;impression_pos_count_simple;Baseline_V2;1.9629;2.1058;0.5353;0.9665;0.3679
335;rvs_sentiment;Baseline_V2;11.6065;15.8234;0.0;16.8624;0.9817
335;rouge_l_recall;Baseline_V2;0.0979;0.0876;0.1164;0.0484;0.0735
335;bleu;Baseline_V2;0.0101;0.0079;0.0;0.0;0.005
335;length_ratio;Baseline_V2;0.3389;0.3461;0.7603;0.21;0.3092
335;perplexity_qwen;Baseline_V2;-18.1307;-15.7478;-19.0476;-14.3379;-6.2078
336;chat_cite;Baseline_V2;1;1;1;0;0
336;sentence_cite;Baseline_V2;3;3;3;0;0
336;absolute_wordcount;Baseline_V2;50.0;50.0;44.0;0;0
336;position_adjusted_wordcount;Baseline_V2;37.805;25.4583;26.5074;0;0
336;impression_pos_count_simple;Baseline_V2;2.2352;1.5229;1.7748;0;0
336;rvs_sentiment;Baseline_V2;14.6175;13.2808;6.3387;0;0
336;rouge_l_recall;Baseline_V2;0.1034;0.1058;0.083;0.0488;0.0831
336;bleu;Baseline_V2;0.0027;0.0119;0.0055;0.0005;0.0
336;length_ratio;Baseline_V2;0.2585;0.3855;0.3569;0.1945;0.3482
336;perplexity_qwen;Baseline_V2;-5.9787;-8.0916;-10.8934;-16.4315;-12.9681
337;chat_cite;Baseline_V2;1;1;1;0;1
337;sentence_cite;Baseline_V2;3;1;2;0;2
337;absolute_wordcount;Baseline_V2;64.0;14.0;36.0;0;46.0
337;position_adjusted_wordcount;Baseline_V2;44.1537;7.3086;25.9192;0;21.2451
337;impression_pos_count_simple;Baseline_V2;2.0379;0.522;1.4164;0;0.9217
337;rvs_sentiment;Baseline_V2;23.3363;0.0;-2.408;0;4.748
337;rouge_l_recall;Baseline_V2;0.1383;0.1266;0.0377;0.2075;0.0358
337;bleu;Baseline_V2;0.0416;0.0;0.0;0.0;0.0
337;length_ratio;Baseline_V2;0.5784;0.7538;0.1021;3.396;0.0997
337;perplexity_qwen;Baseline_V2;-11.7755;-17.9335;-11.6517;-41.5974;-13.1013
338;chat_cite;Baseline_V2;1;1;0;1;0
338;sentence_cite;Baseline_V2;5;2;0;1;0
338;absolute_wordcount;Baseline_V2;63.0;25.0;0;14.0;0
338;position_adjusted_wordcount;Baseline_V2;42.2787;12.2076;0;11.5507;0
338;impression_pos_count_simple;Baseline_V2;3.2441;0.9834;0;0.8251;0
338;rvs_sentiment;Baseline_V2;3.4874;5.6167;0;0.0;0
338;rouge_l_recall;Baseline_V2;0.2131;0.0991;0.0842;0.0398;0.0991
338;bleu;Baseline_V2;0.0543;0.0209;0.0087;0.0;0.0209
338;length_ratio;Baseline_V2;0.6343;0.4359;0.4163;0.1071;0.4359
338;perplexity_qwen;Baseline_V2;-5.7384;-8.9041;-3.8888;-8.679;-8.9041
339;chat_cite;Baseline_V2;1;1;1;1;1
339;sentence_cite;Baseline_V2;9;2;3;4;2
339;absolute_wordcount;Baseline_V2;96.3333;12.3333;19.8333;42.5;25.0
339;position_adjusted_wordcount;Baseline_V2;64.6759;6.412;11.9651;28.0387;12.0449
339;impression_pos_count_simple;Baseline_V2;3.5233;0.4317;0.8131;1.2683;0.7241
339;rvs_sentiment;Baseline_V2;21.5386;6.8851;4.0179;13.6039;5.3627
339;rouge_l_recall;Baseline_V2;0.1539;0.0492;0.0843;0.0798;0.0716
339;bleu;Baseline_V2;0.0232;0.0;0.0;0.0039;0.0017
339;length_ratio;Baseline_V2;0.335;0.1736;0.3079;0.3248;0.2396
339;perplexity_qwen;Baseline_V2;-20.1654;-13.3609;-5.8927;-5.3683;-5.8539
340;chat_cite;Baseline_V2;1;0;1;0;1
340;sentence_cite;Baseline_V2;5;0;4;0;3
340;absolute_wordcount;Baseline_V2;113.0;0;68.0;0;48.0
340;position_adjusted_wordcount;Baseline_V2;79.5662;0;36.9102;0;29.0222
340;impression_pos_count_simple;Baseline_V2;3.5204;0;2.142;0;1.8678
340;rvs_sentiment;Baseline_V2;23.8849;0;18.9766;0;16.0637
340;rouge_l_recall;Baseline_V2;0.1152;0.1955;0.0603;0.0893;0.0866
340;bleu;Baseline_V2;0.0216;0.0;0.0011;0.0077;0.0048
340;length_ratio;Baseline_V2;0.3697;1.6196;0.2062;0.2852;0.2663
340;perplexity_qwen;Baseline_V2;-12.5881;-14.3085;-12.7772;-4.5779;-9.8985
341;chat_cite;Baseline_V2;1;1;1;0;0
341;sentence_cite;Baseline_V2;9;2;2;0;0
341;absolute_wordcount;Baseline_V2;169.5;28.5;28.0;0;0
341;position_adjusted_wordcount;Baseline_V2;120.7648;12.1487;14.6878;0;0
341;impression_pos_count_simple;Baseline_V2;6.1132;0.6427;1.0454;0;0
341;rvs_sentiment;Baseline_V2;49.5869;5.0438;-2.8215;0;0
341;rouge_l_recall;Baseline_V2;0.1361;0.0337;0.0848;0.0441;0.062
341;bleu;Baseline_V2;0.0243;0.0;0.0;0.0;0.0014
341;length_ratio;Baseline_V2;0.4337;0.0897;0.3438;0.1533;0.2145
341;perplexity_qwen;Baseline_V2;-11.2419;-3.4233;-9.3076;-10.3808;-6.4151
342;chat_cite;Baseline_V2;1;1;1;1;1
342;sentence_cite;Baseline_V2;3;1;1;5;1
342;absolute_wordcount;Baseline_V2;71.0;19.0;17.0;80.0;24.0
342;position_adjusted_wordcount;Baseline_V2;61.5116;13.2077;9.8528;40.2682;21.9144
342;impression_pos_count_simple;Baseline_V2;2.5951;0.6951;0.5796;2.4913;0.9131
342;rvs_sentiment;Baseline_V2;27.0443;3.6084;-1.7528;9.5454;10.4466
342;rouge_l_recall;Baseline_V2;0.0694;0.1157;0.0558;0.0892;0.0221
342;bleu;Baseline_V2;0.0;0.0;0.0;0.0;0.0
342;length_ratio;Baseline_V2;0.2716;0.7795;0.1749;0.5197;0.0675
342;perplexity_qwen;Baseline_V2;-8.4238;-12.5185;-9.8226;-15.6756;-13.3471
343;chat_cite;Baseline_V2;1;0;0;1;0
343;sentence_cite;Baseline_V2;7;0;0;1;0
343;absolute_wordcount;Baseline_V2;106.0;0;0;20.0;0
343;position_adjusted_wordcount;Baseline_V2;66.3523;0;0;8.8247;0
343;impression_pos_count_simple;Baseline_V2;4.325;0;0;0.4412;0
343;rvs_sentiment;Baseline_V2;14.4097;0;0;0.0;0
343;rouge_l_recall;Baseline_V2;0.0423;0.0379;0.0498;0.0569;0.0533
343;bleu;Baseline_V2;0.0;0.0;0.0;0.0007;0.0
343;length_ratio;Baseline_V2;0.1039;0.1412;0.1841;0.2105;0.2617
343;perplexity_qwen;Baseline_V2;-10.3848;-11.6637;-9.2437;-5.4365;-18.8288
344;chat_cite;Baseline_V2;1;0;1;1;0
344;sentence_cite;Baseline_V2;8;0;1;1;0
344;absolute_wordcount;Baseline_V2;163.0;0;21.0;20.0;0
344;position_adjusted_wordcount;Baseline_V2;93.5694;0;13.3295;10.5843;0
344;impression_pos_count_simple;Baseline_V2;4.7168;0;0.6347;0.5292;0
344;rvs_sentiment;Baseline_V2;0.4906;0;8.3296;-3.3679;0
344;rouge_l_recall;Baseline_V2;0.0667;0.0712;0.0515;0.0758;0.1084
344;bleu;Baseline_V2;0.0028;0.0;0.0;0.0;0.0147
344;length_ratio;Baseline_V2;0.218;0.2457;0.1891;0.2859;0.4788
344;perplexity_qwen;Baseline_V2;-12.8974;-8.7728;-15.6919;-9.5025;-11.0971
345;chat_cite;Baseline_V2;0;0;0;0;0
345;sentence_cite;Baseline_V2;0;0;0;0;0
345;absolute_wordcount;Baseline_V2;0;0;0;0;0
345;position_adjusted_wordcount;Baseline_V2;0;0;0;0;0
345;impression_pos_count_simple;Baseline_V2;0;0;0;0;0
345;rvs_sentiment;Baseline_V2;0;0;0;0;0
345;rouge_l_recall;Baseline_V2;0.0167;0.0272;0.0472;0.0459;0.0326
345;bleu;Baseline_V2;0.0;0.0;0.0003;0.0;0.0
345;length_ratio;Baseline_V2;0.0481;0.0824;0.1612;0.256;0.1148
345;perplexity_qwen;Baseline_V2;-5.9025;-5.6635;-8.929;-11.4544;-5.9883
346;chat_cite;Baseline_V2;1;1;1;0;0
346;sentence_cite;Baseline_V2;3;1;5;0;0
346;absolute_wordcount;Baseline_V2;52.0;11.0;113.0;0;0
346;position_adjusted_wordcount;Baseline_V2;34.0999;6.6718;60.1431;0;0
346;impression_pos_count_simple;Baseline_V2;1.9781;0.6065;2.6847;0;0
346;rvs_sentiment;Baseline_V2;0.6564;0.0;14.0625;0;0
346;rouge_l_recall;Baseline_V2;0.0473;0.0824;0.0753;0.0648;0.0716
346;bleu;Baseline_V2;0.0001;0.0057;0.0022;0.0;0.0019
346;length_ratio;Baseline_V2;0.126;0.306;0.1989;0.3259;0.2429
346;perplexity_qwen;Baseline_V2;-11.1439;-10.9181;-11.3949;-12.7029;-18.1307
347;chat_cite;Baseline_V2;1;1;1;1;1
347;sentence_cite;Baseline_V2;2;1;1;2;1
347;absolute_wordcount;Baseline_V2;48.0;18.0;28.0;41.0;17.0
347;position_adjusted_wordcount;Baseline_V2;38.181;8.0879;17.8536;19.9409;8.442
347;impression_pos_count_simple;Baseline_V2;1.5975;0.4493;0.6376;0.9554;0.4966
347;rvs_sentiment;Baseline_V2;-4.1905;3.8555;12.6689;9.4425;3.5583
347;rouge_l_recall;Baseline_V2;0.0565;0.0962;0.0597;0.0445;0.1346
347;bleu;Baseline_V2;0.0012;0.0099;0.0;0.0001;0.0
347;length_ratio;Baseline_V2;0.2332;0.5037;0.25;0.1587;1.0552
347;perplexity_qwen;Baseline_V2;-12.9903;-15.0943;-8.9765;-8.2962;-28.4163
348;chat_cite;Baseline_V2;1;1;1;0;1
348;sentence_cite;Baseline_V2;5;1;1;0;1
348;absolute_wordcount;Baseline_V2;81.0;11.0;11.0;0;11.0
348;position_adjusted_wordcount;Baseline_V2;56.8281;5.196;4.8812;0;4.8812
348;impression_pos_count_simple;Baseline_V2;3.4904;0.4724;0.2219;0;0.2219
348;rvs_sentiment;Baseline_V2;-17.072;-4.2483;2.6671;0;2.6671
348;rouge_l_recall;Baseline_V2;0.1105;0.0785;0.0729;0.049;0.0571
348;bleu;Baseline_V2;0.0062;0.0;0.0031;0.0;0.0
348;length_ratio;Baseline_V2;0.3429;0.4656;0.2997;0.2107;0.2788
348;perplexity_qwen;Baseline_V2;-9.004;-15.5012;-4.2059;-12.1652;-15.7963
349;chat_cite;Baseline_V2;1;1;1;1;1
349;sentence_cite;Baseline_V2;5;4;4;4;2
349;absolute_wordcount;Baseline_V2;46.8333;40.0;35.3333;37.8333;19.0
349;position_adjusted_wordcount;Baseline_V2;33.9345;23.0522;19.124;24.3346;10.7944
349;impression_pos_count_simple;Baseline_V2;1.6277;1.1638;0.9637;1.0929;0.559
349;rvs_sentiment;Baseline_V2;21.1345;19.294;6.7267;26.558;10.9923
349;rouge_l_recall;Baseline_V2;0.0557;0.0981;0.0672;0.0263;0.0682
349;bleu;Baseline_V2;0.0003;0.0;0.0;0.0;0.0023
349;length_ratio;Baseline_V2;0.149;0.4301;0.2568;0.0768;0.2675
349;perplexity_qwen;Baseline_V2;-7.22;-14.8125;-11.0689;-8.6564;-4.8259
350;chat_cite;Baseline_V2;1;1;0;0;1
350;sentence_cite;Baseline_V2;1;2;0;0;3
350;absolute_wordcount;Baseline_V2;16.0;41.0;0;0;48.0
350;position_adjusted_wordcount;Baseline_V2;11.4645;27.7493;0;0;22.9139
350;impression_pos_count_simple;Baseline_V2;0.7165;1.3312;0;0;1.4368
350;rvs_sentiment;Baseline_V2;9.1303;7.3959;0;0;3.6883
350;rouge_l_recall;Baseline_V2;0.0665;0.0669;0.0646;0.0536;0.0358
350;bleu;Baseline_V2;0.0012;0.0009;0.0;0.0002;0.0
350;length_ratio;Baseline_V2;0.1778;0.1799;0.2066;0.1465;0.0729
350;perplexity_qwen;Baseline_V2;-9.6841;-8.3754;-16.4315;-12.338;-10.4069
351;chat_cite;Baseline_V2;1;1;1;1;1
351;sentence_cite;Baseline_V2;7;7;1;5;1
351;absolute_wordcount;Baseline_V2;89.0;74.0;10.5;72.5;22.0
351;position_adjusted_wordcount;Baseline_V2;62.9735;46.7577;4.5633;53.996;8.7967
351;impression_pos_count_simple;Baseline_V2;2.6751;2.0727;0.2173;2.4364;0.3998
351;rvs_sentiment;Baseline_V2;49.9299;49.0967;4.5076;36.4751;5.4971
351;rouge_l_recall;Baseline_V2;0.0855;0.0715;0.0575;0.1354;0.0298
351;bleu;Baseline_V2;0.0052;0.0016;0.0;0.0367;0.0
351;length_ratio;Baseline_V2;0.3593;0.2314;0.1893;0.5372;0.0893
351;perplexity_qwen;Baseline_V2;-8.4238;-9.8226;-12.8244;-12.9244;-13.3471
352;chat_cite;Baseline_V2;1;1;0;0;1
352;sentence_cite;Baseline_V2;3;4;0;0;2
352;absolute_wordcount;Baseline_V2;44.0;42.0;0;0;28.0
352;position_adjusted_wordcount;Baseline_V2;27.0367;22.7875;0;0;15.0105
352;impression_pos_count_simple;Baseline_V2;2.0502;2.3113;0;0;1.0258
352;rvs_sentiment;Baseline_V2;10.5478;1.0482;0;0;11.2469
352;rouge_l_recall;Baseline_V2;0.0445;0.1092;0.0699;0.0471;0.0777
352;bleu;Baseline_V2;0.0;0.0044;0.0;0.0;0.0016
352;length_ratio;Baseline_V2;0.131;0.3337;0.3877;0.1546;0.251
352;perplexity_qwen;Baseline_V2;-11.99;-14.7608;-20.8334;-10.2327;-5.9605
353;chat_cite;Baseline_V2;1;1;1;1;1
353;sentence_cite;Baseline_V2;9;3;2;6;5
353;absolute_wordcount;Baseline_V2;129.0;37.0;14.0;54.0;55.0
353;position_adjusted_wordcount;Baseline_V2;88.447;27.6594;7.0245;32.3791;30.4887
353;impression_pos_count_simple;Baseline_V2;5.3887;1.5618;0.5753;3.1277;2.3398
353;rvs_sentiment;Baseline_V2;25.9431;14.0981;0.0;11.0715;1.2599
353;rouge_l_recall;Baseline_V2;0.0429;0.0665;0.0613;0.0483;0.0253
353;bleu;Baseline_V2;0.0002;0.0;0.0;0.0004;0.0
353;length_ratio;Baseline_V2;0.1506;0.3251;0.2783;0.1636;0.0893
353;perplexity_qwen;Baseline_V2;-12.1188;-7.4641;-11.0734;-11.1189;-10.6934
354;chat_cite;Baseline_V2;0;0;0;0;0
354;sentence_cite;Baseline_V2;0;0;0;0;0
354;absolute_wordcount;Baseline_V2;0;0;0;0;0
354;position_adjusted_wordcount;Baseline_V2;0;0;0;0;0
354;impression_pos_count_simple;Baseline_V2;0;0;0;0;0
354;rvs_sentiment;Baseline_V2;0;0;0;0;0
354;rouge_l_recall;Baseline_V2;0.0209;0.0739;0.1121;0.0371;0.0829
354;bleu;Baseline_V2;0.0;0.0;0.0;0.0001;0.0
354;length_ratio;Baseline_V2;0.0514;0.2818;1.2946;0.1462;0.4974
354;perplexity_qwen;Baseline_V2;-7.2165;-12.5314;-18.6713;-13.9465;-11.9251
355;chat_cite;Baseline_V2;1;0;1;0;1
355;sentence_cite;Baseline_V2;3;0;1;0;3
355;absolute_wordcount;Baseline_V2;39.0;0;14.0;0;37.0
355;position_adjusted_wordcount;Baseline_V2;27.2734;0;7.0628;0;24.2263
355;impression_pos_count_simple;Baseline_V2;1.7147;0;0.5045;0;1.5463
355;rvs_sentiment;Baseline_V2;22.0269;0;3.72;0;14.0202
355;rouge_l_recall;Baseline_V2;0.0285;0.0462;0.0401;0.0397;0.0519
355;bleu;Baseline_V2;0.0;0.0004;0.0;0.0;0.0
355;length_ratio;Baseline_V2;0.0691;0.1952;0.1115;0.1593;0.1151
355;perplexity_qwen;Baseline_V2;-4.916;-13.3111;-6.4843;-10.5398;-5.0505
356;chat_cite;Baseline_V2;1;0;0;0;0
356;sentence_cite;Baseline_V2;8;0;0;0;0
356;absolute_wordcount;Baseline_V2;127.0;0;0;0;0
356;position_adjusted_wordcount;Baseline_V2;72.5355;0;0;0;0
356;impression_pos_count_simple;Baseline_V2;4.6492;0;0;0;0
356;rvs_sentiment;Baseline_V2;18.9451;0;0;0;0
356;rouge_l_recall;Baseline_V2;0.1085;0.073;0.0414;0.0846;0.0397
356;bleu;Baseline_V2;0.0015;0.0;0.0;0.0;0.0
356;length_ratio;Baseline_V2;0.1813;0.3714;0.1661;0.4683;0.1406
356;perplexity_qwen;Baseline_V2;-12.8566;-6.3511;-12.4763;-11.9251;-12.8923
357;chat_cite;Baseline_V2;1;0;1;1;0
357;sentence_cite;Baseline_V2;6;0;2;7;0
357;absolute_wordcount;Baseline_V2;89.0;0;23.0;112.0;0
357;position_adjusted_wordcount;Baseline_V2;60.1072;0;13.8512;72.6544;0
357;impression_pos_count_simple;Baseline_V2;3.705;0;0.885;3.7028;0
357;rvs_sentiment;Baseline_V2;11.2896;0;19.2908;19.3133;0
357;rouge_l_recall;Baseline_V2;0.036;0.0591;0.0718;0.032;0.0419
357;bleu;Baseline_V2;0.0;0.0;0.0045;0.0;0.0
357;length_ratio;Baseline_V2;0.0962;0.2291;0.3407;0.0791;0.1708
357;perplexity_qwen;Baseline_V2;-10.6659;-18.8947;-11.0045;-10.261;-17.4617
358;chat_cite;Baseline_V2;1;1;0;1;0
358;sentence_cite;Baseline_V2;4;4;0;1;0
358;absolute_wordcount;Baseline_V2;60.0;62.0;0;19.0;0
358;position_adjusted_wordcount;Baseline_V2;41.4899;30.8352;0;7.3481;0
358;impression_pos_count_simple;Baseline_V2;2.7638;1.9476;0;0.3867;0
358;rvs_sentiment;Baseline_V2;23.6382;2.9382;0;-2.4983;0
358;rouge_l_recall;Baseline_V2;0.0343;0.0497;0.0963;0.151;0.0322
358;bleu;Baseline_V2;0.0;0.0001;0.0;0.0;0.0
358;length_ratio;Baseline_V2;0.0947;0.1451;0.5808;1.1536;0.0832
358;perplexity_qwen;Baseline_V2;-13.4366;-6.3195;-13.3706;-19.7329;-4.6888
359;chat_cite;Baseline_V2;1;1;1;0;0
359;sentence_cite;Baseline_V2;8;2;2;0;0
359;absolute_wordcount;Baseline_V2;115.5;22.0;15.5;0;0
359;position_adjusted_wordcount;Baseline_V2;70.0437;10.7575;7.0025;0;0
359;impression_pos_count_simple;Baseline_V2;4.0064;0.7262;0.4461;0;0
359;rvs_sentiment;Baseline_V2;46.1099;11.2017;4.0614;0;0
359;rouge_l_recall;Baseline_V2;0.0299;0.1075;0.0431;0.075;0.0595
359;bleu;Baseline_V2;0.0;0.0;0.0;0.0;0.001
359;length_ratio;Baseline_V2;0.0596;0.4488;0.15;0.3802;0.2273
359;perplexity_qwen;Baseline_V2;-6.3534;-7.4296;-8.807;-6.6748;-11.5844
360;chat_cite;Baseline_V2;1;1;0;1;1
360;sentence_cite;Baseline_V2;3;3;0;3;5
360;absolute_wordcount;Baseline_V2;41.0;36.0;0;40.0;86.0
360;position_adjusted_wordcount;Baseline_V2;31.1739;20.242;0;24.7589;50.8211
360;impression_pos_count_simple;Baseline_V2;2.2167;1.6804;0;1.8499;2.853
360;rvs_sentiment;Baseline_V2;10.6543;-0.0346;0;5.6493;19.4508
360;rouge_l_recall;Baseline_V2;0.0909;0.0581;0.0884;0.1422;0.0581
360;bleu;Baseline_V2;0.0;0.0007;0.0;0.0;0.0006
360;length_ratio;Baseline_V2;0.4192;0.1803;0.4717;0.6571;0.194
360;perplexity_qwen;Baseline_V2;-7.8511;-6.9494;-9.7787;-7.8778;-13.5645
301;chat_cite;Baseline_V2;0;0;0;0;0
301;sentence_cite;Baseline_V2;0;0;0;0;0
301;absolute_wordcount;Baseline_V2;0;0;0;0;0
301;position_adjusted_wordcount;Baseline_V2;0;0;0;0;0
301;impression_pos_count_simple;Baseline_V2;0;0;0;0;0
301;rvs_sentiment;Baseline_V2;0;0;0;0;0
301;rouge_l_recall;Baseline_V2;0.0574;0.0297;0.0704;0.0556;0.0218
301;bleu;Baseline_V2;0.0;0.0;0.0;0.0;0.0
301;length_ratio;Baseline_V2;0.4507;0.1563;0.4937;0.4398;0.08
301;perplexity_qwen;Baseline_V2;-14.5982;-6.0739;-7.6205;-13.8119;-3.8395
302;chat_cite;Baseline_V2;1;1;1;0;1
302;sentence_cite;Baseline_V2;6;3;1;0;5
302;absolute_wordcount;Baseline_V2;55.0;24.0;9.5;0;55.5
302;position_adjusted_wordcount;Baseline_V2;37.372;13.2309;6.368;0;33.5597
302;impression_pos_count_simple;Baseline_V2;2.3883;0.855;0.3352;0;2.0401
302;rvs_sentiment;Baseline_V2;16.9897;3.6048;3.184;0;25.8247
302;rouge_l_recall;Baseline_V2;0.0782;0.076;0.0459;0.1205;0.089
302;bleu;Baseline_V2;0.0049;0.005;0.0001;0.0;0.0045
302;length_ratio;Baseline_V2;0.3073;0.2786;0.1252;0.6749;0.3463
302;perplexity_qwen;Baseline_V2;-12.8974;-11.2322;-5.9291;-11.0971;-8.7728
303;chat_cite;Baseline_V2;1;0;1;1;1
303;sentence_cite;Baseline_V2;9;0;1;1;2
303;absolute_wordcount;Baseline_V2;137.0;0;18.0;14.0;27.0
303;position_adjusted_wordcount;Baseline_V2;81.42;0;11.9906;9.0391;13.0637
303;impression_pos_count_simple;Baseline_V2;5.3187;0;0.6661;0.6456;0.9738
303;rvs_sentiment;Baseline_V2;24.8554;0;7.0253;5.8627;1.7999
303;rouge_l_recall;Baseline_V2;0.0407;0.2204;0.0769;0.0522;0.0464
303;bleu;Baseline_V2;0.0;0.0;0.0;0.0007;0.0003
303;length_ratio;Baseline_V2;0.1309;1.0517;0.3405;0.2147;0.169
303;perplexity_qwen;Baseline_V2;-15.7587;-5.4373;-17.1703;-16.0281;-14.4035
304;chat_cite;Baseline_V2;1;1;1;1;1
304;sentence_cite;Baseline_V2;2;1;3;1;4
304;absolute_wordcount;Baseline_V2;30.0;9.5;26.0;7.5;41.0
304;position_adjusted_wordcount;Baseline_V2;23.923;6.368;14.8501;3.0493;22.371
304;impression_pos_count_simple;Baseline_V2;1.5975;0.3352;0.8457;0.2033;1.3515
304;rvs_sentiment;Baseline_V2;13.4867;6.503;18.3901;4.2708;24.2117
304;rouge_l_recall;Baseline_V2;0.0909;0.0823;0.0839;0.0436;0.0414
304;bleu;Baseline_V2;0.0127;0.0;0.0;0.0;0.0
304;length_ratio;Baseline_V2;0.5327;0.36;0.3137;0.1766;0.1478
304;perplexity_qwen;Baseline_V2;-20.2575;-8.3305;-9.8063;-18.3989;-3.0188
305;chat_cite;Baseline_V2;1;0;1;0;1
305;sentence_cite;Baseline_V2;3;0;2;0;2
305;absolute_wordcount;Baseline_V2;49.0;0;34.0;0;32.0
305;position_adjusted_wordcount;Baseline_V2;30.2062;0;15.1514;0;20.2106
305;impression_pos_count_simple;Baseline_V2;1.8227;0;0.8802;0;1.2773
305;rvs_sentiment;Baseline_V2;6.1599;0;8.0899;0;4.8685
305;rouge_l_recall;Baseline_V2;0.065;0.0437;0.0556;0.0629;0.0326
305;bleu;Baseline_V2;0.0017;0.0;0.0002;0.0;0.0
305;length_ratio;Baseline_V2;0.2212;0.1685;0.1517;0.2717;0.0645
305;perplexity_qwen;Baseline_V2;-10.698;-10.3922;-10.4015;-13.2425;-5.7101
306;chat_cite;Baseline_V2;1;0;1;1;1
306;sentence_cite;Baseline_V2;4;0;1;6;5
306;absolute_wordcount;Baseline_V2;46.0;0;8.0;90.0;56.0
306;position_adjusted_wordcount;Baseline_V2;27.907;0;4.9589;58.5371;35.5812
306;impression_pos_count_simple;Baseline_V2;1.7144;0;0.6199;3.103;2.5659
306;rvs_sentiment;Baseline_V2;10.7659;0;0.6347;18.9104;18.0662
306;rouge_l_recall;Baseline_V2;0.0654;0.0531;0.0561;0.0425;0.0618
306;bleu;Baseline_V2;0.0;0.0;0.0;0.0;0.0
306;length_ratio;Baseline_V2;0.2838;0.3829;0.2927;0.1249;0.2457
306;perplexity_qwen;Baseline_V2;-17.5532;-24.0676;-12.1466;-6.5677;-4.0406
307;chat_cite;Baseline_V2;1;1;0;1;1
307;sentence_cite;Baseline_V2;6;2;0;1;1
307;absolute_wordcount;Baseline_V2;106.0;37.0;0;17.0;22.0
307;position_adjusted_wordcount;Baseline_V2;72.5562;18.5038;0;6.7974;9.5612
307;impression_pos_count_simple;Baseline_V2;4.1656;0.9858;0;0.3998;0.4346
307;rvs_sentiment;Baseline_V2;25.4556;9.5383;0;1.2093;5.8553
307;rouge_l_recall;Baseline_V2;0.1541;0.0567;0.1559;0.0499;0.0827
307;bleu;Baseline_V2;0.0241;0.0;0.0;0.0;0.0
307;length_ratio;Baseline_V2;0.483;0.2217;0.4679;0.225;0.5212
307;perplexity_qwen;Baseline_V2;-6.3088;-5.612;-6.1687;-23.324;-16.2896
308;chat_cite;Baseline_V2;1;1;1;1;1
308;sentence_cite;Baseline_V2;7;2;2;3;2
308;absolute_wordcount;Baseline_V2;101.5;15.5;19.5;27.0;17.5
308;position_adjusted_wordcount;Baseline_V2;67.6739;10.3056;10.8402;13.8529;7.7918
308;impression_pos_count_simple;Baseline_V2;3.9766;1.0391;0.8814;1.0527;0.4517
308;rvs_sentiment;Baseline_V2;21.0766;2.1049;-6.9464;-7.7418;12.8658
308;rouge_l_recall;Baseline_V2;0.0727;0.0543;0.0951;0.0545;0.0386
308;bleu;Baseline_V2;0.0005;0.0006;0.0;0.0;0.0
308;length_ratio;Baseline_V2;0.1868;0.191;0.534;0.271;0.1185
308;perplexity_qwen;Baseline_V2;-7.5694;-6.6668;-17.6709;-11.24;-13.0199
309;chat_cite;Baseline_V2;0;1;1;0;1
309;sentence_cite;Baseline_V2;0;1;1;0;3
309;absolute_wordcount;Baseline_V2;0;28.0;18.0;0;64.0
309;position_adjusted_wordcount;Baseline_V2;0;17.9531;7.4;0;51.192
309;impression_pos_count_simple;Baseline_V2;0;0.6412;0.4111;0;2.209
309;rvs_sentiment;Baseline_V2;0;12.5725;3.259;0;-38.0867
309;rouge_l_recall;Baseline_V2;0.0773;0.093;0.0606;0.0511;0.1053
309;bleu;Baseline_V2;0.0;0.0107;0.0011;0.0;0.0104
309;length_ratio;Baseline_V2;0.4606;0.4466;0.1943;0.2326;0.3145
309;perplexity_qwen;Baseline_V2;-12.5849;-9.5222;-11.0139;-7.377;-12.246
310;chat_cite;Baseline_V2;1;1;1;1;1
310;sentence_cite;Baseline_V2;7;4;3;1;9
310;absolute_wordcount;Baseline_V2;74.5;48.0;27.5;9.0;108.0
310;position_adjusted_wordcount;Baseline_V2;50.1257;23.3668;12.8646;3.8904;64.1948
310;impression_pos_count_simple;Baseline_V2;3.1046;1.4559;0.7102;0.2161;3.9224
310;rvs_sentiment;Baseline_V2;10.0869;10.4991;2.9899;5.8971;19.3886
310;rouge_l_recall;Baseline_V2;0.052;0.0598;0.0225;0.0522;0.0759
310;bleu;Baseline_V2;0.0005;0.0;0.0;0.0013;0.0
310;length_ratio;Baseline_V2;0.2076;0.2312;0.0579;0.2465;0.2189
310;perplexity_qwen;Baseline_V2;-12.0763;-10.2291;-7.1721;-15.6289;-9.7933
311;chat_cite;Baseline_V2;1;1;0;0;1
311;sentence_cite;Baseline_V2;3;5;0;0;5
311;absolute_wordcount;Baseline_V2;40.3333;82.6667;0;0;70.0
311;position_adjusted_wordcount;Baseline_V2;32.6841;51.2004;0;0;39.545
311;impression_pos_count_simple;Baseline_V2;1.4541;2.1284;0;0;2.3538
311;rvs_sentiment;Baseline_V2;12.2937;31.7641;0;0;15.7977
311;rouge_l_recall;Baseline_V2;0.092;0.0558;0.1276;0.0662;0.0735
311;bleu;Baseline_V2;0.0;0.0;0.0;0.0;0.0
311;length_ratio;Baseline_V2;0.5668;0.2216;0.9876;0.3442;0.3888
311;perplexity_qwen;Baseline_V2;-14.5103;-9.8226;-12.5185;-8.4238;-16.8276
312;chat_cite;Baseline_V2;1;1;0;1;1
312;sentence_cite;Baseline_V2;9;5;0;2;1
312;absolute_wordcount;Baseline_V2;103.8333;38.8333;0;16.8333;10.5
312;position_adjusted_wordcount;Baseline_V2;59.5685;26.7129;0;9.5794;4.3167
312;impression_pos_count_simple;Baseline_V2;3.6522;1.5478;0;0.4825;0.2056
312;rvs_sentiment;Baseline_V2;23.3803;15.0624;0;10.6742;2.3586
312;rouge_l_recall;Baseline_V2;0.1149;0.0814;0.0471;0.0271;0.0306
312;bleu;Baseline_V2;0.0109;0.0;0.0;0.0;0.0
312;length_ratio;Baseline_V2;0.3451;0.3003;0.2195;0.0708;0.0991
312;perplexity_qwen;Baseline_V2;-11.6463;-5.4726;-13.9742;-7.2165;-4.916
313;chat_cite;Baseline_V2;1;0;0;1;0
313;sentence_cite;Baseline_V2;11;0;0;1;0
313;absolute_wordcount;Baseline_V2;164.5;0;0;11.5;0
313;position_adjusted_wordcount;Baseline_V2;108.5691;0;0;4.4369;0
313;impression_pos_count_simple;Baseline_V2;6.9072;0;0;0.1929;0
313;rvs_sentiment;Baseline_V2;39.1111;0;0;3.2052;0
313;rouge_l_recall;Baseline_V2;0.0767;0.0697;0.0542;0.0801;0.0654
313;bleu;Baseline_V2;0.0002;0.001;0.0005;0.0;0.0017
313;length_ratio;Baseline_V2;0.1192;0.216;0.1684;0.3679;0.2107
313;perplexity_qwen;Baseline_V2;-9.1091;-6.7367;-9.2736;-13.3636;-7.2586
314;chat_cite;Baseline_V2;1;1;1;1;0
314;sentence_cite;Baseline_V2;8;1;1;2;0
314;absolute_wordcount;Baseline_V2;97.0;0.0;0.0;15.0;0
314;position_adjusted_wordcount;Baseline_V2;61.1668;0.0;0.0;5.9778;0
314;impression_pos_count_simple;Baseline_V2;4.6602;0.092;0.092;0.4905;0
314;rvs_sentiment;Baseline_V2;23.416;0.0;0.0;-2.6882;0
314;rouge_l_recall;Baseline_V2;0.0459;0.0746;0.0562;0.0328;0.0347
314;bleu;Baseline_V2;0.0;0.0;0.0;0.0;0.0
314;length_ratio;Baseline_V2;0.1148;0.3867;0.1868;0.0916;0.1247
314;perplexity_qwen;Baseline_V2;-11.3939;-13.4387;-11.2029;-10.0612;-16.2105
315;chat_cite;Baseline_V2;1;1;1;1;0
315;sentence_cite;Baseline_V2;2;2;3;4;0
315;absolute_wordcount;Baseline_V2;11.0;11.0;30.0;49.0;0
315;position_adjusted_wordcount;Baseline_V2;7.7684;8.1136;19.8469;26.126;0
315;impression_pos_count_simple;Baseline_V2;0.7982;0.8296;1.3896;1.634;0
315;rvs_sentiment;Baseline_V2;3.7032;3.0978;7.0975;5.5718;0
315;rouge_l_recall;Baseline_V2;0.0531;0.0908;0.0382;0.0491;0.1565
315;bleu;Baseline_V2;0.0;0.0;0.0;0.0;0.0204
315;length_ratio;Baseline_V2;0.2474;0.5008;0.1114;0.1516;1.1071
315;perplexity_qwen;Baseline_V2;-12.1652;-18.618;-11.3677;-8.2602;-4.7995
316;chat_cite;Baseline_V2;1;0;1;1;1
316;sentence_cite;Baseline_V2;6;0;3;5;5
316;absolute_wordcount;Baseline_V2;30.0;0;19.5;26.0;58.5
316;position_adjusted_wordcount;Baseline_V2;19.9149;0;11.8647;14.5467;28.9166
316;impression_pos_count_simple;Baseline_V2;2.0213;0;0.9289;1.4335;1.9803
316;rvs_sentiment;Baseline_V2;-8.7676;0;3.3796;-4.4016;3.5372
316;rouge_l_recall;Baseline_V2;0.0751;0.0419;0.0794;0.066;0.0789
316;bleu;Baseline_V2;0.007;0.0;0.0042;0.0011;0.0025
316;length_ratio;Baseline_V2;0.4018;0.156;0.2925;0.236;0.2323
316;perplexity_qwen;Baseline_V2;-16.361;-9.7329;-6.7316;-13.096;-10.7392
317;chat_cite;Baseline_V2;1;0;1;0;0
317;sentence_cite;Baseline_V2;1;0;3;0;0
317;absolute_wordcount;Baseline_V2;13.0;0;58.0;0;0
317;position_adjusted_wordcount;Baseline_V2;9.5568;0;31.6138;0;0
317;impression_pos_count_simple;Baseline_V2;0.7351;0;1.6502;0;0
317;rvs_sentiment;Baseline_V2;3.4519;0;3.0222;0;0
317;rouge_l_recall;Baseline_V2;0.149;0.0489;0.0485;0.043;0.0352
317;bleu;Baseline_V2;0.03;0.0;0.0;0.0002;0.0
317;length_ratio;Baseline_V2;0.4444;0.1879;0.1521;0.1582;0.1041
317;perplexity_qwen;Baseline_V2;-3.2063;-12.0832;-10.517;-11.4544;-22.1661
318;chat_cite;Baseline_V2;1;1;0;1;0
318;sentence_cite;Baseline_V2;13;10;0;8;0
318;absolute_wordcount;Baseline_V2;77.0;60.5;0;37.5;0
318;position_adjusted_wordcount;Baseline_V2;50.2483;37.2994;0;21.9304;0
318;impression_pos_count_simple;Baseline_V2;3.6882;2.5152;0;1.9136;0
318;rvs_sentiment;Baseline_V2;-23.263;-29.579;0;6.1247;0
318;rouge_l_recall;Baseline_V2;0.0715;0.0461;0.1026;0.0451;0.0631
318;bleu;Baseline_V2;0.0004;0.0001;0.0;0.0;0.0
318;length_ratio;Baseline_V2;0.1647;0.1381;0.5681;0.16;0.2397
318;perplexity_qwen;Baseline_V2;-7.6491;-14.7555;-15.3325;-12.3305;-11.0646
319;chat_cite;Baseline_V2;1;1;0;1;0
319;sentence_cite;Baseline_V2;5;3;0;2;0
319;absolute_wordcount;Baseline_V2;81.5;47.5;0;42.0;0
319;position_adjusted_wordcount;Baseline_V2;49.1272;31.472;0;24.8139;0
319;impression_pos_count_simple;Baseline_V2;2.5815;1.5705;0;1.1816;0
319;rvs_sentiment;Baseline_V2;15.2911;19.6199;0;-0.7046;0
319;rouge_l_recall;Baseline_V2;0.0674;0.0666;0.1135;0.0692;0.0501
319;bleu;Baseline_V2;0.0016;0.0011;0.0;0.0;0.0
319;length_ratio;Baseline_V2;0.2221;0.1966;0.5858;0.268;0.1904
319;perplexity_qwen;Baseline_V2;-7.0482;-6.252;-4.6798;-10.7657;-10.2327
320;chat_cite;Baseline_V2;1;0;1;1;1
320;sentence_cite;Baseline_V2;4;0;3;3;4
320;absolute_wordcount;Baseline_V2;69.0;0;55.0;45.0;56.0
320;position_adjusted_wordcount;Baseline_V2;52.4653;0;30.0422;24.4842;27.7626
320;impression_pos_count_simple;Baseline_V2;3.0316;0;1.728;1.607;1.9885
320;rvs_sentiment;Baseline_V2;5.4517;0;11.339;-4.0179;6.0418
320;rouge_l_recall;Baseline_V2;0.1146;0.0822;0.0644;0.0881;0.0618
320;bleu;Baseline_V2;0.0257;0.0084;0.0;0.0;0.0013
320;length_ratio;Baseline_V2;0.5528;0.3531;0.275;0.3921;0.1873
320;perplexity_qwen;Baseline_V2;-11.0778;-9.2042;-11.719;-11.1571;-7.1472
361;chat_cite;Baseline_V2;1;0;0;1;1
361;sentence_cite;Baseline_V2;2;0;0;5;2
361;absolute_wordcount;Baseline_V2;12.0;0;0;39.0;15.0
361;position_adjusted_wordcount;Baseline_V2;7.6898;0;0;23.9393;7.4701
361;impression_pos_count_simple;Baseline_V2;0.6408;0;0;1.8976;0.5251
361;rvs_sentiment;Baseline_V2;-1.0447;0;0;-4.0592;-3.0145
361;rouge_l_recall;Baseline_V2;0.0648;0.0366;0.0341;0.0333;0.0362
361;bleu;Baseline_V2;0.0;0.0;0.0;0.0;0.0
361;length_ratio;Baseline_V2;0.2603;0.106;0.0991;0.0755;0.0922
361;perplexity_qwen;Baseline_V2;-11.0778;-6.034;-10.0423;-10.3032;-7.0003
362;chat_cite;Baseline_V2;1;1;1;1;1
362;sentence_cite;Baseline_V2;2;4;1;2;2
362;absolute_wordcount;Baseline_V2;25.0;62.0;16.0;28.0;36.0
362;position_adjusted_wordcount;Baseline_V2;16.9383;34.5059;11.7623;17.3393;18.2777
362;impression_pos_count_simple;Baseline_V2;1.3867;2.1984;0.7351;1.2703;1.022
362;rvs_sentiment;Baseline_V2;6.8563;11.8743;0.6069;-4.8922;8.0906
362;rouge_l_recall;Baseline_V2;0.149;0.0626;0.0457;0.0995;0.0683
362;bleu;Baseline_V2;0.0;0.0019;0.0001;0.0133;0.0034
362;length_ratio;Baseline_V2;0.7904;0.2704;0.1401;0.451;0.2828
362;perplexity_qwen;Baseline_V2;-3.2063;-10.517;-5.3523;-6.5256;-13.6542
363;chat_cite;Baseline_V2;1;1;1;0;0
363;sentence_cite;Baseline_V2;13;5;3;0;0
363;absolute_wordcount;Baseline_V2;205.0;81.0;27.0;0;0
363;position_adjusted_wordcount;Baseline_V2;134.2657;52.6868;10.6557;0;0
363;impression_pos_count_simple;Baseline_V2;7.2688;2.7209;0.7854;0;0
363;rvs_sentiment;Baseline_V2;62.1698;12.8161;7.4084;0;0
363;rouge_l_recall;Baseline_V2;0.0636;0.0579;0.0331;0.0713;0.1395
363;bleu;Baseline_V2;0.0006;0.0;0.0;0.0;0.0
363;length_ratio;Baseline_V2;0.1849;0.2415;0.0977;0.465;1.4714
363;perplexity_qwen;Baseline_V2;-7.22;-8.0989;-11.2465;-10.3394;-4.7995
364;chat_cite;Baseline_V2;1;1;0;0;0
364;sentence_cite;Baseline_V2;4;1;0;0;0
364;absolute_wordcount;Baseline_V2;54.0;7.0;0;0;0
364;position_adjusted_wordcount;Baseline_V2;36.9404;4.2457;0;0;0
364;impression_pos_count_simple;Baseline_V2;2.5998;0.6065;0;0;0
364;rvs_sentiment;Baseline_V2;-0.7631;-1.0682;0;0;0
364;rouge_l_recall;Baseline_V2;0.0422;0.0628;0.0433;0.0543;0.0473
364;bleu;Baseline_V2;0.0;0.0;0.0;0.0;0.0
364;length_ratio;Baseline_V2;0.0747;0.144;0.1359;0.1596;0.1401
364;perplexity_qwen;Baseline_V2;-8.3743;-5.1629;-10.8937;-12.3866;-13.8271
365;chat_cite;Baseline_V2;1;1;1;1;1
365;sentence_cite;Baseline_V2;5;3;1;4;2
365;absolute_wordcount;Baseline_V2;71.5;37.5;17.0;65.0;30.0
365;position_adjusted_wordcount;Baseline_V2;56.417;23.828;8.5071;34.544;16.0059
365;impression_pos_count_simple;Baseline_V2;2.9316;1.0952;0.5004;1.7224;0.5235
365;rvs_sentiment;Baseline_V2;26.684;16.9704;4.8652;9.5867;19.8551
365;rouge_l_recall;Baseline_V2;0.083;0.04;0.0718;0.019;0.0902
365;bleu;Baseline_V2;0.0043;0.0;0.0;0.0;0.0046
365;length_ratio;Baseline_V2;0.3118;0.1134;0.2893;0.0422;0.3256
365;perplexity_qwen;Baseline_V2;-12.5948;-10.6924;-10.8179;-20.317;-8.8202
366;chat_cite;Baseline_V2;1;1;1;1;0
366;sentence_cite;Baseline_V2;2;2;6;1;0
366;absolute_wordcount;Baseline_V2;18.8333;14.3333;94.3333;13.5;0
366;position_adjusted_wordcount;Baseline_V2;13.7769;7.9949;52.0949;11.8148;0
366;impression_pos_count_simple;Baseline_V2;0.5602;0.4578;2.6569;0.4376;0
366;rvs_sentiment;Baseline_V2;-5.9074;-3.8393;10.0977;-5.9074;0
366;rouge_l_recall;Baseline_V2;0.0669;0.082;0.1155;0.0835;0.0903
366;bleu;Baseline_V2;0.0014;0.0;0.0272;0.0035;0.0024
366;length_ratio;Baseline_V2;0.1956;0.2936;0.3905;0.2204;0.2384
366;perplexity_qwen;Baseline_V2;-10.1414;-12.0602;-16.8869;-3.1524;-5.8464
367;chat_cite;Baseline_V2;1;1;1;1;0
367;sentence_cite;Baseline_V2;2;1;3;2;0
367;absolute_wordcount;Baseline_V2;55.0;23.0;74.0;41.0;0
367;position_adjusted_wordcount;Baseline_V2;47.5273;11.4215;46.9368;20.8107;0
367;impression_pos_count_simple;Baseline_V2;1.7236;0.4966;1.8605;0.9744;0
367;rvs_sentiment;Baseline_V2;-1.4799;4.3607;-14.4069;7.4327;0
367;rouge_l_recall;Baseline_V2;0.0881;0.0402;0.0597;0.0672;0.1127
367;bleu;Baseline_V2;0.0;0.0001;0.0;0.0023;0.0
367;length_ratio;Baseline_V2;0.3233;0.1363;0.2309;0.25;0.7196
367;perplexity_qwen;Baseline_V2;-12.0879;-8.929;-20.0118;-5.8114;-15.0178
368;chat_cite;Baseline_V2;1;1;1;1;1
368;sentence_cite;Baseline_V2;11;2;4;3;2
368;absolute_wordcount;Baseline_V2;127.5;15.0;35.0;32.0;24.5
368;position_adjusted_wordcount;Baseline_V2;83.6606;9.9766;21.9009;15.025;15.9221
368;impression_pos_count_simple;Baseline_V2;5.3342;0.6651;1.5593;1.1869;0.9716
368;rvs_sentiment;Baseline_V2;-11.8605;5.0447;0.9616;-3.3706;5.5591
368;rouge_l_recall;Baseline_V2;0.0718;0.0371;0.0542;0.0244;0.0519
368;bleu;Baseline_V2;0.004;0.0;0.0;0.0;0.0
368;length_ratio;Baseline_V2;0.2648;0.1676;0.2378;0.0688;0.2602
368;perplexity_qwen;Baseline_V2;-14.8347;-7.9367;-11.0664;-9.35;-11.471
369;chat_cite;Baseline_V2;1;0;0;0;0
369;sentence_cite;Baseline_V2;4;0;0;0;0
369;absolute_wordcount;Baseline_V2;70.0;0;0;0;0
369;position_adjusted_wordcount;Baseline_V2;41.4778;0;0;0;0
369;impression_pos_count_simple;Baseline_V2;2.2964;0;0;0;0
369;rvs_sentiment;Baseline_V2;10.3344;0;0;0;0
369;rouge_l_recall;Baseline_V2;0.0228;0.0372;0.0661;0.029;0.0226
369;bleu;Baseline_V2;0.0;0.0;0.0;0.0;0.0
369;length_ratio;Baseline_V2;0.0617;0.2122;0.4589;0.1002;0.0727
369;perplexity_qwen;Baseline_V2;-8.7438;-12.748;-18.3093;-11.8567;-5.8811
370;chat_cite;Baseline_V2;1;1;1;1;1
370;sentence_cite;Baseline_V2;5;3;1;5;2
370;absolute_wordcount;Baseline_V2;52.8333;18.8333;9.5;50.8333;17.0
370;position_adjusted_wordcount;Baseline_V2;34.3668;11.2988;5.9157;27.0094;9.6797
370;impression_pos_count_simple;Baseline_V2;1.8827;0.8114;0.3114;1.4917;0.8559
370;rvs_sentiment;Baseline_V2;17.3726;4.4391;0.0;12.153;1.8375
370;rouge_l_recall;Baseline_V2;0.0641;0.0827;0.0696;0.057;0.0585
370;bleu;Baseline_V2;0.001;0.0019;0.0021;0.0;0.0
370;length_ratio;Baseline_V2;0.1825;0.241;0.2587;0.2205;0.2447
370;perplexity_qwen;Baseline_V2;-11.3949;-6.5783;-9.2475;-12.6531;-14.9134
371;chat_cite;Baseline_V2;1;1;0;1;1
371;sentence_cite;Baseline_V2;3;4;0;2;2
371;absolute_wordcount;Baseline_V2;71.0;69.0;0;42.0;39.0
371;position_adjusted_wordcount;Baseline_V2;49.9704;50.6633;0;21.7395;16.4921
371;impression_pos_count_simple;Baseline_V2;2.044;2.9371;0;1.0391;0.8395
371;rvs_sentiment;Baseline_V2;24.151;9.1725;0;6.8658;-1.3807
371;rouge_l_recall;Baseline_V2;0.0738;0.1181;0.1005;0.0684;0.113
371;bleu;Baseline_V2;0.0058;0.0;0.0128;0.0033;0.0135
371;length_ratio;Baseline_V2;0.2665;0.5975;0.607;0.2562;0.5583
371;perplexity_qwen;Baseline_V2;-10.8151;-17.1681;-13.3812;-14.3632;-10.7768
372;chat_cite;Baseline_V2;1;0;1;1;1
372;sentence_cite;Baseline_V2;6;0;3;2;1
372;absolute_wordcount;Baseline_V2;62.0;0;40.0;15.0;19.0
372;position_adjusted_wordcount;Baseline_V2;39.1105;0;23.667;10.8168;8.3834
372;impression_pos_count_simple;Baseline_V2;2.5231;0;1.1537;0.7157;0.4412
372;rvs_sentiment;Baseline_V2;36.4999;0;24.5011;11.8731;-5.2388
372;rouge_l_recall;Baseline_V2;0.0422;0.1679;0.0444;0.0949;0.0683
372;bleu;Baseline_V2;0.0;0.0;0.0;0.0;0.002
372;length_ratio;Baseline_V2;0.0836;2.3485;0.1084;0.3827;0.2354
372;perplexity_qwen;Baseline_V2;-8.2337;-9.8972;-6.9687;-6.9924;-22.0826
373;chat_cite;Baseline_V2;1;1;0;1;1
373;sentence_cite;Baseline_V2;6;4;0;2;2
373;absolute_wordcount;Baseline_V2;95.0;81.0;0;49.0;31.0
373;position_adjusted_wordcount;Baseline_V2;65.3557;45.3813;0;30.6652;12.0416
373;impression_pos_count_simple;Baseline_V2;4.0914;2.2225;0;1.2415;0.7814
373;rvs_sentiment;Baseline_V2;26.4389;17.3258;0;12.0537;6.867
373;rouge_l_recall;Baseline_V2;0.0753;0.0531;0.0717;0.0449;0.0288
373;bleu;Baseline_V2;0.0045;0.0002;0.0;0.0;0.0
373;length_ratio;Baseline_V2;0.2725;0.1375;0.3402;0.1473;0.0851
373;perplexity_qwen;Baseline_V2;-8.124;-10.8435;-3.9627;-17.2974;-5.6646
374;chat_cite;Baseline_V2;1;1;1;0;1
374;sentence_cite;Baseline_V2;4;2;5;0;1
374;absolute_wordcount;Baseline_V2;26.0;18.0;33.5;0;8.5
374;position_adjusted_wordcount;Baseline_V2;16.6784;13.3958;18.4519;0;4.0476
374;impression_pos_count_simple;Baseline_V2;1.6026;1.4992;1.6957;0;0.2381
374;rvs_sentiment;Baseline_V2;10.7336;8.6402;9.6832;0;0.0
374;rouge_l_recall;Baseline_V2;0.0492;0.0783;0.0529;0.0695;0.0195
374;bleu;Baseline_V2;0.0;0.0127;0.0005;0.0;0.0
374;length_ratio;Baseline_V2;0.1243;0.372;0.1829;0.4007;0.045
374;perplexity_qwen;Baseline_V2;-11.3939;-7.6367;-6.4036;-15.7634;-4.154
375;chat_cite;Baseline_V2;1;1;1;1;1
375;sentence_cite;Baseline_V2;3;5;2;2;3
375;absolute_wordcount;Baseline_V2;48.0;88.0;49.0;33.0;43.0
375;position_adjusted_wordcount;Baseline_V2;38.7437;57.51;24.2918;16.2493;20.299
375;impression_pos_count_simple;Baseline_V2;2.1451;2.901;0.9439;1.0038;1.1702
375;rvs_sentiment;Baseline_V2;30.658;28.3971;14.3913;4.4689;8.4097
375;rouge_l_recall;Baseline_V2;0.1241;0.0969;0.0846;0.0538;0.1112
375;bleu;Baseline_V2;0.0236;0.0138;0.0;0.0;0.0116
375;length_ratio;Baseline_V2;0.8147;0.3619;0.4763;0.2307;0.4543
375;perplexity_qwen;Baseline_V2;-7.25;-5.6134;-10.3394;-11.5386;-6.5908
376;chat_cite;Baseline_V2;1;0;1;1;1
376;sentence_cite;Baseline_V2;2;0;3;1;2
376;absolute_wordcount;Baseline_V2;44.0;0;53.0;27.0;37.0
376;position_adjusted_wordcount;Baseline_V2;30.4541;0;37.2553;10.6175;17.1827
376;impression_pos_count_simple;Baseline_V2;1.4054;0;2.1095;0.3932;0.9296
376;rvs_sentiment;Baseline_V2;15.1581;0;8.075;7.5342;6.4081
376;rouge_l_recall;Baseline_V2;0.0726;0.0018;0.0873;0.0319;0.0531
376;bleu;Baseline_V2;0.0;0.0;0.0045;0.0;0.0007
376;length_ratio;Baseline_V2;0.3063;0.0411;0.2306;0.0755;0.1972
376;perplexity_qwen;Baseline_V2;-8.4238;-1.2497;-4.6124;-6.3174;-9.8226
377;chat_cite;Baseline_V2;1;1;1;1;1
377;sentence_cite;Baseline_V2;4;2;4;4;1
377;absolute_wordcount;Baseline_V2;37.5;11.0;46.0;49.0;10.5
377;position_adjusted_wordcount;Baseline_V2;27.9991;6.4886;30.3394;21.9719;4.5633
377;impression_pos_count_simple;Baseline_V2;1.8193;0.5899;1.9141;1.3528;0.2173
377;rvs_sentiment;Baseline_V2;14.5833;-1.3197;2.9017;-1.5857;8.1947
377;rouge_l_recall;Baseline_V2;0.1161;0.0294;0.0411;0.0405;0.0449
377;bleu;Baseline_V2;0.0;0.0;0.0;0.0;0.0
377;length_ratio;Baseline_V2;0.4415;0.0611;0.1073;0.1213;0.1764
377;perplexity_qwen;Baseline_V2;-15.3325;-8.5498;-14.7555;-13.023;-24.5832
378;chat_cite;Baseline_V2;1;1;1;1;0
378;sentence_cite;Baseline_V2;4;3;4;3;0
378;absolute_wordcount;Baseline_V2;64.0;50.0;83.0;53.0;0
378;position_adjusted_wordcount;Baseline_V2;41.7678;27.5872;55.9141;28.21;0
378;impression_pos_count_simple;Baseline_V2;2.6893;1.646;2.7422;1.6491;0
378;rvs_sentiment;Baseline_V2;-2.7609;2.4822;12.2488;8.7138;0
378;rouge_l_recall;Baseline_V2;0.0781;0.0654;0.046;0.0538;0.0787
378;bleu;Baseline_V2;0.0037;0.0016;0.0001;0.0002;0.0035
378;length_ratio;Baseline_V2;0.2654;0.2526;0.121;0.1387;0.3067
378;perplexity_qwen;Baseline_V2;-10.1414;-14.3786;-8.5263;-7.1158;-20.5435
379;chat_cite;Baseline_V2;1;1;1;0;1
379;sentence_cite;Baseline_V2;3;4;1;0;1
379;absolute_wordcount;Baseline_V2;44.0;61.0;18.0;0;17.0
379;position_adjusted_wordcount;Baseline_V2;33.0529;35.6696;16.9094;0;8.5481
379;impression_pos_count_simple;Baseline_V2;2.3014;2.4035;0.9394;0;0.5028
379;rvs_sentiment;Baseline_V2;15.6904;2.8374;-8.0607;0;5.2349
379;rouge_l_recall;Baseline_V2;0.0714;0.0627;0.0731;0.0236;0.0506
379;bleu;Baseline_V2;0.0041;0.0;0.0;0.0;0.0
379;length_ratio;Baseline_V2;0.2837;0.1956;0.306;0.0619;0.2393
379;perplexity_qwen;Baseline_V2;-13.7358;-14.0675;-7.4776;-9.9537;-7.3706
380;chat_cite;Baseline_V2;1;1;1;1;1
380;sentence_cite;Baseline_V2;4;6;1;1;1
380;absolute_wordcount;Baseline_V2;79.0;80.5;14.0;11.5;11.0
380;position_adjusted_wordcount;Baseline_V2;68.8712;50.2391;9.622;6.9751;5.196
380;impression_pos_count_simple;Baseline_V2;2.6258;2.9763;0.3436;0.3033;0.4724
380;rvs_sentiment;Baseline_V2;36.2306;36.4573;16.394;2.1358;-0.5336
380;rouge_l_recall;Baseline_V2;0.0789;0.0398;0.0511;0.0733;0.0246
380;bleu;Baseline_V2;0.0021;0.0;0.0;0.0;0.0
380;length_ratio;Baseline_V2;0.2217;0.0836;0.1617;0.2467;0.0546
380;perplexity_qwen;Baseline_V2;-7.9064;-5.7944;-8.0216;-9.296;-8.7654
321;chat_cite;Baseline_V2;1;1;1;0;0
321;sentence_cite;Baseline_V2;3;3;1;0;0
321;absolute_wordcount;Baseline_V2;37.0;50.0;15.0;0;0
321;position_adjusted_wordcount;Baseline_V2;26.7708;25.7867;6.7399;0;0
321;impression_pos_count_simple;Baseline_V2;2.1547;1.555;0.4493;0;0
321;rvs_sentiment;Baseline_V2;4.125;1.2975;4.5191;0;0
321;rouge_l_recall;Baseline_V2;0.108;0.064;0.0803;0.0762;0.08
321;bleu;Baseline_V2;0.0109;0.0009;0.0;0.0077;0.0063
321;length_ratio;Baseline_V2;0.4929;0.2034;0.3692;0.3005;0.3401
321;perplexity_qwen;Baseline_V2;-10.7397;-19.4146;-11.0243;-4.7861;-10.7218
322;chat_cite;Baseline_V2;1;1;1;0;1
322;sentence_cite;Baseline_V2;8;1;1;0;3
322;absolute_wordcount;Baseline_V2;115.3333;8.3333;8.3333;0;51.0
322;position_adjusted_wordcount;Baseline_V2;81.4652;8.3333;8.3333;0;26.3314
322;impression_pos_count_simple;Baseline_V2;4.8194;0.3333;0.3333;0;1.5379
322;rvs_sentiment;Baseline_V2;-1.6985;14.6475;14.6475;0;-11.4374
322;rouge_l_recall;Baseline_V2;0.1328;0.0998;0.082;0.0601;0.0542
322;bleu;Baseline_V2;0.0118;0.0;0.0062;0.0008;0.0005
322;length_ratio;Baseline_V2;0.2808;0.4259;0.3804;0.205;0.1854
322;perplexity_qwen;Baseline_V2;-9.3931;-10.2499;-13.9945;-11.44;-11.8878
323;chat_cite;Baseline_V2;1;0;0;1;1
323;sentence_cite;Baseline_V2;5;0;0;2;2
323;absolute_wordcount;Baseline_V2;78.0;0;0;24.0;17.0
323;position_adjusted_wordcount;Baseline_V2;50.8301;0;0;10.7839;7.146
323;impression_pos_count_simple;Baseline_V2;2.7405;0;0;0.572;0.543
323;rvs_sentiment;Baseline_V2;34.8256;0;0;8.9679;-3.2786
323;rouge_l_recall;Baseline_V2;0.0796;0.1531;0.0554;0.0256;0.0988
323;bleu;Baseline_V2;0.0035;0.0;0.0;0.0;0.0
323;length_ratio;Baseline_V2;0.2186;1.0071;0.18;0.0679;0.4196
323;perplexity_qwen;Baseline_V2;-4.0406;-4.7995;-7.9896;-12.9608;-6.5463
324;chat_cite;Baseline_V2;1;0;0;0;0
324;sentence_cite;Baseline_V2;2;0;0;0;0
324;absolute_wordcount;Baseline_V2;30.0;0;0;0;0
324;position_adjusted_wordcount;Baseline_V2;17.451;0;0;0;0
324;impression_pos_count_simple;Baseline_V2;1.1199;0;0;0;0
324;rvs_sentiment;Baseline_V2;-9.0844;0;0;0;0
324;rouge_l_recall;Baseline_V2;0.0162;0.0131;0.0193;0.0178;0.0099
324;bleu;Baseline_V2;0.0;0.0;0.0;0.0;0.0
324;length_ratio;Baseline_V2;0.0347;0.0383;0.0569;0.0612;0.0234
324;perplexity_qwen;Baseline_V2;-5.5226;-5.2449;-16.1044;-4.0406;-12.5243
325;chat_cite;Baseline_V2;1;1;0;1;1
325;sentence_cite;Baseline_V2;2;6;0;2;4
325;absolute_wordcount;Baseline_V2;38.0;105.3333;0;18.3333;52.3333
325;position_adjusted_wordcount;Baseline_V2;33.0851;67.995;0;10.0856;26.2913
325;impression_pos_count_simple;Baseline_V2;1.7413;3.3935;0;0.7292;1.6645
325;rvs_sentiment;Baseline_V2;-11.1501;-15.5882;0;4.893;9.941
325;rouge_l_recall;Baseline_V2;0.1569;0.0258;0.13;0.0449;0.03
325;bleu;Baseline_V2;0.0499;0.0;0.0;0.0;0.0
325;length_ratio;Baseline_V2;0.9205;0.0688;1.3296;0.1818;0.1029
325;perplexity_qwen;Baseline_V2;-17.6526;-15.6157;-28.0963;-14.8765;-11.1232
326;chat_cite;Baseline_V2;1;0;1;0;0
326;sentence_cite;Baseline_V2;9;0;1;0;0
326;absolute_wordcount;Baseline_V2;224.0;0;20.0;0;0
326;position_adjusted_wordcount;Baseline_V2;131.0236;0;8.9014;0;0
326;impression_pos_count_simple;Baseline_V2;5.3764;0;0.4451;0;0
326;rvs_sentiment;Baseline_V2;-35.492;0;7.6151;0;0
326;rouge_l_recall;Baseline_V2;0.0261;0.094;0.0398;0.0864;0.0537
326;bleu;Baseline_V2;0.0;0.0;0.0;0.0085;0.0
326;length_ratio;Baseline_V2;0.0553;0.3744;0.11;0.3782;0.2156
326;perplexity_qwen;Baseline_V2;-11.2059;-5.9843;-13.0199;-8.7859;-12.2811
327;chat_cite;Baseline_V2;1;1;1;0;0
327;sentence_cite;Baseline_V2;5;2;3;0;0
327;absolute_wordcount;Baseline_V2;76.0;37.0;57.0;0;0
327;position_adjusted_wordcount;Baseline_V2;51.4201;20.5675;30.4031;0;0
327;impression_pos_count_simple;Baseline_V2;3.2366;1.071;1.6755;0;0
327;rvs_sentiment;Baseline_V2;2.034;4.3753;10.3454;0;0
327;rouge_l_recall;Baseline_V2;0.1554;0.0884;0.0859;0.0924;0.0614
327;bleu;Baseline_V2;0.0272;0.0;0.0059;0.0;0.0
327;length_ratio;Baseline_V2;0.5831;0.398;0.3976;0.4848;0.2462
327;perplexity_qwen;Baseline_V2;-10.7768;-15.7107;-17.0388;-16.8115;-13.5348
328;chat_cite;Baseline_V2;1;1;1;1;1
328;sentence_cite;Baseline_V2;5;4;3;4;2
328;absolute_wordcount;Baseline_V2;68.5;40.5;23.5;35.5;15.0
328;position_adjusted_wordcount;Baseline_V2;50.6208;27.6461;11.4639;21.2091;8.6542
328;impression_pos_count_simple;Baseline_V2;2.5974;1.7708;0.8063;1.5641;0.6505
328;rvs_sentiment;Baseline_V2;27.4435;17.4158;10.5825;5.8542;7.4928
328;rouge_l_recall;Baseline_V2;0.0512;0.0424;0.0711;0.0539;0.0749
328;bleu;Baseline_V2;0.0002;0.0;0.0019;0.0004;0.0021
328;length_ratio;Baseline_V2;0.1682;0.1153;0.2224;0.1779;0.2807
328;perplexity_qwen;Baseline_V2;-14.5413;-6.3859;-4.0285;-6.6252;-5.6477
329;chat_cite;Baseline_V2;1;1;0;1;1
329;sentence_cite;Baseline_V2;3;1;0;1;3
329;absolute_wordcount;Baseline_V2;70.5;25.0;0;9.0;53.0
329;position_adjusted_wordcount;Baseline_V2;53.9533;14.3438;0;4.6208;33.3683
329;impression_pos_count_simple;Baseline_V2;1.8943;0.5738;0;0.2567;1.5169
329;rvs_sentiment;Baseline_V2;22.3772;0.0;0;5.6595;14.5208
329;rouge_l_recall;Baseline_V2;0.052;0.0675;0.1056;0.057;0.0529
329;bleu;Baseline_V2;0.0007;0.0;0.0;0.0;0.0002
329;length_ratio;Baseline_V2;0.1973;0.2777;0.7441;0.2255;0.1535
329;perplexity_qwen;Baseline_V2;-7.5531;-7.766;-13.2074;-9.9162;-7.7618
330;chat_cite;Baseline_V2;1;1;0;1;1
330;sentence_cite;Baseline_V2;7;3;0;2;3
330;absolute_wordcount;Baseline_V2;105.0;43.0;0;35.0;45.0
330;position_adjusted_wordcount;Baseline_V2;67.2594;24.9969;0;25.1494;19.4873
330;impression_pos_count_simple;Baseline_V2;4.4927;1.6864;0;1.446;1.2832
330;rvs_sentiment;Baseline_V2;6.2247;2.3345;0;10.9262;-0.0924
330;rouge_l_recall;Baseline_V2;0.11;0.0761;0.08;0.0839;0.0262
330;bleu;Baseline_V2;0.0139;0.0024;0.0;0.0078;0.0
330;length_ratio;Baseline_V2;0.3401;0.2491;0.5058;0.3171;0.0718
330;perplexity_qwen;Baseline_V2;-10.505;-5.4052;-15.37;-5.0154;-6.6621
331;chat_cite;Baseline_V2;1;1;1;1;1
331;sentence_cite;Baseline_V2;4;2;1;3;1
331;absolute_wordcount;Baseline_V2;33.5;18.0;12.5;24.5;12.5
331;position_adjusted_wordcount;Baseline_V2;17.168;12.8218;8.0505;13.7197;8.0505
331;impression_pos_count_simple;Baseline_V2;1.2961;0.7285;0.322;0.8062;0.322
331;rvs_sentiment;Baseline_V2;2.7554;11.2069;10.0615;11.6547;10.0615
331;rouge_l_recall;Baseline_V2;0.027;0.0384;0.0259;0.09;0.0368
331;bleu;Baseline_V2;0.0;0.0;0.0;0.0069;0.0
331;length_ratio;Baseline_V2;0.0835;0.1328;0.0761;0.3319;0.124
331;perplexity_qwen;Baseline_V2;-13.7323;-12.7438;-12.8156;-8.8765;-10.2335
332;chat_cite;Baseline_V2;0;0;0;0;0
332;sentence_cite;Baseline_V2;0;0;0;0;0
332;absolute_wordcount;Baseline_V2;0;0;0;0;0
332;position_adjusted_wordcount;Baseline_V2;0;0;0;0;0
332;impression_pos_count_simple;Baseline_V2;0;0;0;0;0
332;rvs_sentiment;Baseline_V2;0;0;0;0;0
332;rouge_l_recall;Baseline_V2;0.1296;0.2549;0.0338;0.1315;0.0845
332;bleu;Baseline_V2;0.018;0.0;0.0;0.0;0.0
332;length_ratio;Baseline_V2;0.4021;3.9192;0.1062;1.5276;0.3731
332;perplexity_qwen;Baseline_V2;-8.7859;-13.1584;-10.3334;-19.3799;-10.61
333;chat_cite;Baseline_V2;1;1;1;1;1
333;sentence_cite;Baseline_V2;5;2;4;6;3
333;absolute_wordcount;Baseline_V2;50.0;8.0;18.5;29.3333;14.1667
333;position_adjusted_wordcount;Baseline_V2;41.6936;5.2176;9.3857;15.1682;7.1746
333;impression_pos_count_simple;Baseline_V2;2.4322;0.4348;0.861;1.3082;0.5969
333;rvs_sentiment;Baseline_V2;8.5796;8.0089;8.6528;14.8745;11.2686
333;rouge_l_recall;Baseline_V2;0.0697;0.0961;0.0597;0.0519;0.066
333;bleu;Baseline_V2;0.0;0.0;0.0015;0.0;0.005
333;length_ratio;Baseline_V2;0.2608;0.6171;0.2313;0.1462;0.388
333;perplexity_qwen;Baseline_V2;-12.2605;-11.4614;-13.2619;-10.2003;-13.4387
334;chat_cite;Baseline_V2;1;1;1;0;1
334;sentence_cite;Baseline_V2;6;4;1;0;2
334;absolute_wordcount;Baseline_V2;109.0;83.0;15.0;0;29.0
334;position_adjusted_wordcount;Baseline_V2;55.1583;55.2081;11.5557;0;16.5226
334;impression_pos_count_simple;Baseline_V2;3.1275;2.6491;0.7704;0;1.1186
334;rvs_sentiment;Baseline_V2;23.1076;4.8847;6.7705;0;6.185
334;rouge_l_recall;Baseline_V2;0.0825;0.0763;0.1004;0.0209;0.0838
334;bleu;Baseline_V2;0.0103;0.005;0.0188;0.0;0.0076
334;length_ratio;Baseline_V2;0.2818;0.2709;0.5786;0.077;0.3626
334;perplexity_qwen;Baseline_V2;-10.8151;-14.3632;-11.7772;-5.7074;-12.5881
335;chat_cite;Baseline_V2;1;1;0;0;1
335;sentence_cite;Baseline_V2;11;1;0;0;2
335;absolute_wordcount;Baseline_V2;184.6667;7.6667;0;0;24.6667
335;position_adjusted_wordcount;Baseline_V2;123.438;2.8204;0;0;10.2086
335;impression_pos_count_simple;Baseline_V2;6.7451;0.1226;0;0;0.5572
335;rvs_sentiment;Baseline_V2;25.0192;5.7604;0;0;8.4394
335;rouge_l_recall;Baseline_V2;0.0881;0.0785;0.1018;0.0409;0.0675
335;bleu;Baseline_V2;0.0034;0.0039;0.0;0.0;0.0028
335;length_ratio;Baseline_V2;0.2805;0.2864;0.6292;0.1738;0.2559
335;perplexity_qwen;Baseline_V2;-18.1307;-15.7478;-19.0476;-14.3379;-6.2078
336;chat_cite;Baseline_V2;1;1;1;0;0
336;sentence_cite;Baseline_V2;6;7;2;0;0
336;absolute_wordcount;Baseline_V2;119.0;127.0;25.0;0;0
336;position_adjusted_wordcount;Baseline_V2;75.6474;69.1526;10.423;0;0
336;impression_pos_count_simple;Baseline_V2;4.0113;3.9248;0.8366;0;0
336;rvs_sentiment;Baseline_V2;19.6304;19.2824;2.9886;0;0
336;rouge_l_recall;Baseline_V2;0.1211;0.1755;0.0987;0.0679;0.1069
336;bleu;Baseline_V2;0.0126;0.0302;0.0;0.0019;0.0
336;length_ratio;Baseline_V2;0.3716;0.5542;0.513;0.2795;0.5006
336;perplexity_qwen;Baseline_V2;-5.9787;-8.0916;-10.8934;-16.4315;-12.9681
337;chat_cite;Baseline_V2;1;0;1;0;1
337;sentence_cite;Baseline_V2;3;0;3;0;3
337;absolute_wordcount;Baseline_V2;33.3333;0;35.3333;0;32.3333
337;position_adjusted_wordcount;Baseline_V2;20.7444;0;17.9512;0;16.7879
337;impression_pos_count_simple;Baseline_V2;1.4373;0;1.2022;0;1.1442
337;rvs_sentiment;Baseline_V2;10.6468;0;0.4629;0;7.829
337;rouge_l_recall;Baseline_V2;0.113;0.1157;0.0365;0.1698;0.0341
337;bleu;Baseline_V2;0.0259;0.0;0.0;0.0;0.0
337;length_ratio;Baseline_V2;0.489;0.6374;0.0864;2.8713;0.0843
337;perplexity_qwen;Baseline_V2;-11.7755;-17.9335;-11.6517;-41.5974;-13.1013
338;chat_cite;Baseline_V2;1;1;1;1;0
338;sentence_cite;Baseline_V2;4;5;1;1;0
338;absolute_wordcount;Baseline_V2;92.0;95.0;20.0;30.0;0
338;position_adjusted_wordcount;Baseline_V2;74.1187;50.7893;8.0578;13.237;0
338;impression_pos_count_simple;Baseline_V2;3.2033;2.5946;0.4029;0.4412;0
338;rvs_sentiment;Baseline_V2;2.5093;13.6331;6.5478;8.1063;0
338;rouge_l_recall;Baseline_V2;0.1823;0.1098;0.0829;0.0364;0.1098
338;bleu;Baseline_V2;0.0475;0.0144;0.0055;0.0;0.0144
338;length_ratio;Baseline_V2;0.5695;0.3914;0.3738;0.0961;0.3914
338;perplexity_qwen;Baseline_V2;-5.7384;-8.9041;-3.8888;-8.679;-8.9041
339;chat_cite;Baseline_V2;1;1;1;1;1
339;sentence_cite;Baseline_V2;10;3;2;4;3
339;absolute_wordcount;Baseline_V2;102.0;29.0;16.5;43.5;27.0
339;position_adjusted_wordcount;Baseline_V2;72.8116;13.3281;11.1615;25.9801;13.6099
339;impression_pos_count_simple;Baseline_V2;4.4085;0.7359;0.6694;1.2634;1.0138
339;rvs_sentiment;Baseline_V2;32.921;12.7973;5.7713;23.2652;4.5915
339;rouge_l_recall;Baseline_V2;0.146;0.0555;0.0948;0.091;0.0815
339;bleu;Baseline_V2;0.0229;0.0;0.004;0.0051;0.0027
339;length_ratio;Baseline_V2;0.3798;0.1968;0.3491;0.3682;0.2716
339;perplexity_qwen;Baseline_V2;-20.1654;-13.3609;-5.8927;-5.3683;-5.8539
340;chat_cite;Baseline_V2;1;1;1;1;1
340;sentence_cite;Baseline_V2;6;3;1;1;1
340;absolute_wordcount;Baseline_V2;110.0;51.0;23.0;21.0;18.0
340;position_adjusted_wordcount;Baseline_V2;75.5798;28.1308;10.4833;14.6931;7.1121
340;impression_pos_count_simple;Baseline_V2;4.1295;1.6258;0.4558;0.6997;0.3951
340;rvs_sentiment;Baseline_V2;17.7456;4.79;8.85;-0.3791;3.9643
340;rouge_l_recall;Baseline_V2;0.0995;0.1729;0.0505;0.0688;0.0646
340;bleu;Baseline_V2;0.0096;0.0245;0.0003;0.003;0.0014
340;length_ratio;Baseline_V2;0.2901;1.2706;0.1618;0.2238;0.2089
340;perplexity_qwen;Baseline_V2;-12.5881;-14.3085;-12.7772;-4.5779;-9.8985
381;chat_cite;Baseline_V2;1;0;1;0;0
381;sentence_cite;Baseline_V2;5;0;2;0;0
381;absolute_wordcount;Baseline_V2;88.0;0;27.0;0;0
381;position_adjusted_wordcount;Baseline_V2;65.0;0;15.6974;0;0
381;impression_pos_count_simple;Baseline_V2;3.4009;0;1.1646;0;0
381;rvs_sentiment;Baseline_V2;26.0083;0;0.0;0;0
381;rouge_l_recall;Baseline_V2;0.0537;0.0204;0.0284;0.0502;0.0251
381;bleu;Baseline_V2;0.0001;0.0;0.0;0.0001;0.0
381;length_ratio;Baseline_V2;0.1286;0.0564;0.0787;0.1525;0.0612
381;perplexity_qwen;Baseline_V2;-5.7871;-11.4847;-6.4843;-10.5683;-7.1008
382;chat_cite;Baseline_V2;0;0;0;0;0
382;sentence_cite;Baseline_V2;0;0;0;0;0
382;absolute_wordcount;Baseline_V2;0;0;0;0;0
382;position_adjusted_wordcount;Baseline_V2;0;0;0;0;0
382;impression_pos_count_simple;Baseline_V2;0;0;0;0;0
382;rvs_sentiment;Baseline_V2;0;0;0;0;0
382;rouge_l_recall;Baseline_V2;0.1181;0.019;0.0216;0.02;0.0114
382;bleu;Baseline_V2;0.0;0.0;0.0;0.0;0.0
382;length_ratio;Baseline_V2;2.0079;0.0371;0.0608;0.067;0.0354
382;perplexity_qwen;Baseline_V2;-20.9701;-10.0016;-5.6635;-9.2156;-5.9025
383;chat_cite;Baseline_V2;1;1;0;1;0
383;sentence_cite;Baseline_V2;7;2;0;1;0
383;absolute_wordcount;Baseline_V2;106.0;36.0;0;22.0;0
383;position_adjusted_wordcount;Baseline_V2;63.829;18.1266;0;9.2209;0
383;impression_pos_count_simple;Baseline_V2;4.1813;1.0576;0;0.4191;0
383;rvs_sentiment;Baseline_V2;3.7197;4.0285;0;3.3306;0
383;rouge_l_recall;Baseline_V2;0.1218;0.1964;0.0505;0.0942;0.1433
383;bleu;Baseline_V2;0.0072;0.0266;0.0005;0.0087;0.0
383;length_ratio;Baseline_V2;0.38;0.9044;0.1884;0.5642;1.0513
383;perplexity_qwen;Baseline_V2;-10.9279;-16.6538;-9.9521;-6.6684;-10.9139
384;chat_cite;Baseline_V2;1;1;0;1;1
384;sentence_cite;Baseline_V2;2;2;0;2;3
384;absolute_wordcount;Baseline_V2;39.0;42.0;0;36.0;52.0
384;position_adjusted_wordcount;Baseline_V2;33.2502;22.6461;0;16.1324;33.9951
384;impression_pos_count_simple;Baseline_V2;1.6611;1.0486;0;0.8924;1.9815
384;rvs_sentiment;Baseline_V2;0.1383;14.2636;0;1.2454;4.3775
384;rouge_l_recall;Baseline_V2;0.177;0.0904;0.1322;0.0747;0.0738
384;bleu;Baseline_V2;0.0268;0.0111;0.0316;0.0041;0.0045
384;length_ratio;Baseline_V2;1.1529;0.3991;0.7949;0.2768;0.3079
384;perplexity_qwen;Baseline_V2;-11.4224;-11.3501;-10.9139;-13.4959;-10.6409
385;chat_cite;Baseline_V2;1;1;1;1;0
385;sentence_cite;Baseline_V2;2;4;3;2;0
385;absolute_wordcount;Baseline_V2;46.0;77.0;60.0;55.0;0
385;position_adjusted_wordcount;Baseline_V2;32.9352;52.5738;31.5136;25.63;0
385;impression_pos_count_simple;Baseline_V2;1.104;2.4685;1.5545;0.9579;0
385;rvs_sentiment;Baseline_V2;16.1614;0.053;20.6673;6.9083;0
385;rouge_l_recall;Baseline_V2;0.1515;0.0391;0.0604;0.0431;0.0769
385;bleu;Baseline_V2;0.0282;0.0;0.0009;0.0002;0.0062
385;length_ratio;Baseline_V2;0.576;0.1069;0.2025;0.1504;0.3995
385;perplexity_qwen;Baseline_V2;-11.0971;-5.9291;-13.3007;-8.2962;-8.0393
386;chat_cite;Baseline_V2;1;1;0;1;1
386;sentence_cite;Baseline_V2;4;1;0;2;2
386;absolute_wordcount;Baseline_V2;54.0;14.0;0;36.0;31.0
386;position_adjusted_wordcount;Baseline_V2;34.1377;10.4582;0;15.8853;19.0968
386;impression_pos_count_simple;Baseline_V2;2.5855;0.747;0;0.8969;1.2141
386;rvs_sentiment;Baseline_V2;7.5491;3.993;0;7.306;14.2441
386;rouge_l_recall;Baseline_V2;0.0769;0.0837;0.0152;0.0557;0.0364
386;bleu;Baseline_V2;0.0033;0.0;0.0;0.0;0.0
386;length_ratio;Baseline_V2;0.331;0.4149;0.0484;0.2133;0.1124
386;perplexity_qwen;Baseline_V2;-17.8784;-7.8182;-8.4257;-15.126;-12.0967
387;chat_cite;Baseline_V2;1;1;1;1;1
387;sentence_cite;Baseline_V2;4;1;1;3;3
387;absolute_wordcount;Baseline_V2;56.5;8.5;7.5;54.0;25.5
387;position_adjusted_wordcount;Baseline_V2;34.3286;4.364;4.7425;30.0055;13.0668
387;impression_pos_count_simple;Baseline_V2;1.8373;0.2567;0.3162;1.4305;0.7813
387;rvs_sentiment;Baseline_V2;16.8778;-2.3845;0.4894;23.2612;-1.8951
387;rouge_l_recall;Baseline_V2;0.0539;0.0606;0.0562;0.0568;0.0522
387;bleu;Baseline_V2;0.0006;0.002;0.0004;0.0;0.0002
387;length_ratio;Baseline_V2;0.1872;0.2009;0.1547;0.2198;0.1429
387;perplexity_qwen;Baseline_V2;-12.7772;-10.354;-9.6189;-11.9286;-6.505
388;chat_cite;Baseline_V2;1;0;1;1;0
388;sentence_cite;Baseline_V2;4;0;2;10;0
388;absolute_wordcount;Baseline_V2;43.5;0;21.5;139.0;0
388;position_adjusted_wordcount;Baseline_V2;30.2695;0;11.2974;79.5917;0
388;impression_pos_count_simple;Baseline_V2;2.2893;0;0.754;5.1864;0
388;rvs_sentiment;Baseline_V2;-5.2362;0;0.9817;9.1882;0
388;rouge_l_recall;Baseline_V2;0.026;0.09;0.1165;0.0872;0.0681
388;bleu;Baseline_V2;0.0;0.0137;0.0222;0.01;0.0024
388;length_ratio;Baseline_V2;0.0641;0.3198;0.7955;0.2847;0.2849
388;perplexity_qwen;Baseline_V2;-8.4614;-4.5779;-13.114;-10.067;-13.5348
389;chat_cite;Baseline_V2;1;0;1;0;0
389;sentence_cite;Baseline_V2;5;0;1;0;0
389;absolute_wordcount;Baseline_V2;88.0;0;24.0;0;0
389;position_adjusted_wordcount;Baseline_V2;54.5846;0;10.2975;0;0
389;impression_pos_count_simple;Baseline_V2;3.01;0;0.4291;0;0
389;rvs_sentiment;Baseline_V2;2.5219;0;9.2235;0;0
389;rouge_l_recall;Baseline_V2;0.0236;0.0357;0.0386;0.0353;0.0381
389;bleu;Baseline_V2;0.0;0.0;0.0;0.0;0.0
389;length_ratio;Baseline_V2;0.0471;0.142;0.1138;0.1255;0.1143
389;perplexity_qwen;Baseline_V2;-9.0873;-27.1067;-9.1235;-12.4721;-6.6308
390;chat_cite;Baseline_V2;1;0;1;1;1
390;sentence_cite;Baseline_V2;5;0;4;1;1
390;absolute_wordcount;Baseline_V2;96.0;0;102.0;18.0;24.0
390;position_adjusted_wordcount;Baseline_V2;80.0736;0;52.4357;11.6217;10.6499
390;impression_pos_count_simple;Baseline_V2;4.117;0;2.0615;0.6456;0.4437
390;rvs_sentiment;Baseline_V2;35.7815;0;43.3953;6.4779;9.2867
390;rouge_l_recall;Baseline_V2;0.0924;0.0345;0.036;0.0203;0.0972
390;bleu;Baseline_V2;0.0055;0.0;0.0;0.0;0.0074
390;length_ratio;Baseline_V2;0.2218;0.0912;0.0984;0.05;0.3961
390;perplexity_qwen;Baseline_V2;-4.069;-7.1128;-13.3471;-11.5186;-8.4238
391;chat_cite;Baseline_V2;1;1;1;1;0
391;sentence_cite;Baseline_V2;4;5;2;1;0
391;absolute_wordcount;Baseline_V2;76.0;87.0;49.0;16.0;0
391;position_adjusted_wordcount;Baseline_V2;51.8525;59.9444;24.9377;5.8861;0
391;impression_pos_count_simple;Baseline_V2;2.6689;3.4273;1.0173;0.3679;0
391;rvs_sentiment;Baseline_V2;-2.9094;23.4134;0.0;0.2278;0
391;rouge_l_recall;Baseline_V2;0.1071;0.0798;0.0712;0.0886;0.1175
391;bleu;Baseline_V2;0.0145;0.0053;0.004;0.0;0.0182
391;length_ratio;Baseline_V2;0.4166;0.2338;0.3263;0.3596;0.6746
391;perplexity_qwen;Baseline_V2;-16.0369;-11.3949;-20.8501;-10.9181;-17.7107
392;chat_cite;Baseline_V2;1;1;0;1;0
392;sentence_cite;Baseline_V2;5;3;0;1;0
392;absolute_wordcount;Baseline_V2;60.0;64.0;0;27.0;0
392;position_adjusted_wordcount;Baseline_V2;36.3208;43.6338;0;10.5346;0
392;impression_pos_count_simple;Baseline_V2;2.7119;2.0323;0;0.3902;0
392;rvs_sentiment;Baseline_V2;11.317;7.1718;0;3.8051;0
392;rouge_l_recall;Baseline_V2;0.0795;0.018;0.0153;0.0376;0.0312
392;bleu;Baseline_V2;0.0;0.0;0.0;0.0;0.0
392;length_ratio;Baseline_V2;0.25;0.0381;0.0368;0.1198;0.0936
392;perplexity_qwen;Baseline_V2;-14.0554;-20.317;-7.8433;-9.271;-3.9271
393;chat_cite;Baseline_V2;1;1;1;1;1
393;sentence_cite;Baseline_V2;4;1;2;2;2
393;absolute_wordcount;Baseline_V2;73.0;14.0;41.0;28.0;24.0
393;position_adjusted_wordcount;Baseline_V2;43.3247;7.8468;28.222;17.7704;10.036
393;impression_pos_count_simple;Baseline_V2;2.3202;0.5605;1.3856;1.2236;0.822
393;rvs_sentiment;Baseline_V2;6.2405;-4.0066;14.0844;1.4922;-0.6529
393;rouge_l_recall;Baseline_V2;0.0998;0.0892;0.0903;0.0695;0.1361
393;bleu;Baseline_V2;0.0065;0.0;0.0;0.0015;0.0253
393;length_ratio;Baseline_V2;0.2944;0.4106;0.2959;0.2394;0.6705
393;perplexity_qwen;Baseline_V2;-8.4727;-8.0048;-7.3787;-7.9646;-5.7019
394;chat_cite;Baseline_V2;1;1;1;1;1
394;sentence_cite;Baseline_V2;2;2;3;2;1
394;absolute_wordcount;Baseline_V2;26.0;22.0;51.0;32.0;18.0
394;position_adjusted_wordcount;Baseline_V2;16.1142;11.6932;26.986;19.0886;7.4317
394;impression_pos_count_simple;Baseline_V2;0.9851;0.5315;1.3238;1.1902;0.4129
394;rvs_sentiment;Baseline_V2;14.7303;10.8367;8.8329;9.2664;2.3648
394;rouge_l_recall;Baseline_V2;0.1269;0.126;0.1633;0.0538;0.0574
394;bleu;Baseline_V2;0.0291;0.0286;0.0317;0.0007;0.0014
394;length_ratio;Baseline_V2;0.6495;0.6975;0.7168;0.1712;0.2524
394;perplexity_qwen;Baseline_V2;-14.9308;-15.1697;-8.5655;-9.6189;-12.4763
395;chat_cite;Baseline_V2;1;1;1;1;1
395;sentence_cite;Baseline_V2;6;1;1;2;4
395;absolute_wordcount;Baseline_V2;115.0;24.0;7.0;20.0;68.0
395;position_adjusted_wordcount;Baseline_V2;75.9194;12.9704;2.8901;12.1557;31.2672
395;impression_pos_count_simple;Baseline_V2;3.9414;0.5404;0.4129;1.1751;2.0099
395;rvs_sentiment;Baseline_V2;26.3606;3.8392;0.5142;3.2512;21.8549
395;rouge_l_recall;Baseline_V2;0.1076;0.0556;0.0408;0.0689;0.0431
395;bleu;Baseline_V2;0.0168;0.0006;0.0001;0.0;0.0
395;length_ratio;Baseline_V2;0.439;0.1997;0.1299;0.2184;0.1264
395;perplexity_qwen;Baseline_V2;-17.8104;-16.9078;-8.7674;-8.3249;-7.8436
396;chat_cite;Baseline_V2;0;0;0;0;0
396;sentence_cite;Baseline_V2;0;0;0;0;0
396;absolute_wordcount;Baseline_V2;0;0;0;0;0
396;position_adjusted_wordcount;Baseline_V2;0;0;0;0;0
396;impression_pos_count_simple;Baseline_V2;0;0;0;0;0
396;rvs_sentiment;Baseline_V2;0;0;0;0;0
396;rouge_l_recall;Baseline_V2;0.1803;0.0502;0.0533;0.0421;0.0495
396;bleu;Baseline_V2;0.0;0.0003;0.0;0.0;0.0
396;length_ratio;Baseline_V2;3.0783;0.1446;0.196;0.1207;0.1868
396;perplexity_qwen;Baseline_V2;-17.6846;-10.5166;-7.2884;-8.3101;-8.6533
397;chat_cite;Baseline_V2;0;0;0;0;0
397;sentence_cite;Baseline_V2;0;0;0;0;0
397;absolute_wordcount;Baseline_V2;0;0;0;0;0
397;position_adjusted_wordcount;Baseline_V2;0;0;0;0;0
397;impression_pos_count_simple;Baseline_V2;0;0;0;0;0
397;rvs_sentiment;Baseline_V2;0;0;0;0;0
397;rouge_l_recall;Baseline_V2;0.014;0.0361;0.0302;0.0086;0.0243
397;bleu;Baseline_V2;0.0;0.0;0.0;0.0;0.0
397;length_ratio;Baseline_V2;0.0338;0.0703;0.1171;0.0169;0.0641
397;perplexity_qwen;Baseline_V2;-12.0295;-8.3005;-19.7858;-13.8958;-18.6037
398;chat_cite;Baseline_V2;1;1;1;1;1
398;sentence_cite;Baseline_V2;6;4;2;2;1
398;absolute_wordcount;Baseline_V2;74.5;27.0;15.5;14.0;9.0
398;position_adjusted_wordcount;Baseline_V2;54.31;13.2831;8.6864;7.4206;3.4195
398;impression_pos_count_simple;Baseline_V2;3.8292;0.9872;0.5622;0.5337;0.19
398;rvs_sentiment;Baseline_V2;18.0905;14.6331;6.7868;5.6486;5.2776
398;rouge_l_recall;Baseline_V2;0.0463;0.1199;0.0987;0.0894;0.1132
398;bleu;Baseline_V2;0.0;0.0095;0.0049;0.0;0.0121
398;length_ratio;Baseline_V2;0.102;0.484;0.3662;0.3641;0.5666
398;perplexity_qwen;Baseline_V2;-7.9373;-14.7608;-11.3697;-5.9605;-5.9387
399;chat_cite;Baseline_V2;1;1;0;1;1
399;sentence_cite;Baseline_V2;3;3;0;4;4
399;absolute_wordcount;Baseline_V2;26.5;31.0;0;39.0;37.5
399;position_adjusted_wordcount;Baseline_V2;19.7984;19.8086;0;19.3562;22.2725
399;impression_pos_count_simple;Baseline_V2;1.1159;0.9528;0;0.9961;1.2119
399;rvs_sentiment;Baseline_V2;-3.5927;6.6684;0;17.8832;15.4284
399;rouge_l_recall;Baseline_V2;0.0268;0.0267;0.0331;0.0234;0.0217
399;bleu;Baseline_V2;0.0;0.0;0.0;0.0;0.0
399;length_ratio;Baseline_V2;0.0725;0.0694;0.1013;0.061;0.0435
399;perplexity_qwen;Baseline_V2;-6.6203;-8.8553;-4.1856;-14.0561;-10.7925
400;chat_cite;Baseline_V2;1;1;1;0;1
400;sentence_cite;Baseline_V2;9;3;4;0;7
400;absolute_wordcount;Baseline_V2;85.0;16.5;22.5;0;49.0
400;position_adjusted_wordcount;Baseline_V2;55.6177;10.1347;12.6944;0;28.3243
400;impression_pos_count_simple;Baseline_V2;3.8525;0.9036;1.1169;0;2.5275
400;rvs_sentiment;Baseline_V2;-7.6452;-1.6217;-3.4708;0;1.1378
400;rouge_l_recall;Baseline_V2;0.0407;0.0692;0.0481;0.0277;0.0686
400;bleu;Baseline_V2;0.0;0.0052;0.0;0.0;0.0
400;length_ratio;Baseline_V2;0.112;0.3112;0.2028;0.0942;0.2829
400;perplexity_qwen;Baseline_V2;-9.8494;-6.0667;-10.4124;-4.4969;-12.165
341;chat_cite;Baseline_V2;1;1;1;1;1
341;sentence_cite;Baseline_V2;2;2;1;1;1
341;absolute_wordcount;Baseline_V2;22.5;18.0;3.5;3.5;6.5
341;position_adjusted_wordcount;Baseline_V2;15.7578;10.9092;1.4853;1.4853;3.4176
341;impression_pos_count_simple;Baseline_V2;1.0772;0.5886;0.2122;0.2122;0.2629
341;rvs_sentiment;Baseline_V2;-6.6742;-0.5277;-1.073;-1.073;-0.5277
341;rouge_l_recall;Baseline_V2;0.0847;0.0273;0.0592;0.0356;0.0539
341;bleu;Baseline_V2;0.0;0.0;0.0;0.0;0.0001
341;length_ratio;Baseline_V2;0.287;0.0593;0.2275;0.1014;0.142
341;perplexity_qwen;Baseline_V2;-11.2419;-3.4233;-9.3076;-10.3808;-6.4151
342;chat_cite;Baseline_V2;1;1;0;0;0
342;sentence_cite;Baseline_V2;3;2;0;0;0
342;absolute_wordcount;Baseline_V2;68.0;26.0;0;0;0
342;position_adjusted_wordcount;Baseline_V2;57.1646;15.2911;0;0;0
342;impression_pos_count_simple;Baseline_V2;2.5289;1.118;0;0;0
342;rvs_sentiment;Baseline_V2;24.2389;-0.882;0;0;0
342;rouge_l_recall;Baseline_V2;0.062;0.1128;0.0442;0.0913;0.0195
342;bleu;Baseline_V2;0.0;0.0;0.0;0.0;0.0
342;length_ratio;Baseline_V2;0.21;0.6025;0.1352;0.4017;0.0522
342;perplexity_qwen;Baseline_V2;-8.4238;-12.5185;-9.8226;-15.6756;-13.3471
343;chat_cite;Baseline_V2;1;0;0;0;0
343;sentence_cite;Baseline_V2;10;0;0;0;0
343;absolute_wordcount;Baseline_V2;131.0;0;0;0;0
343;position_adjusted_wordcount;Baseline_V2;79.2327;0;0;0;0
343;impression_pos_count_simple;Baseline_V2;6.0597;0;0;0;0
343;rvs_sentiment;Baseline_V2;9.5278;0;0;0;0
343;rouge_l_recall;Baseline_V2;0.0449;0.0401;0.0564;0.0576;0.0567
343;bleu;Baseline_V2;0.0001;0.0001;0.0005;0.0;0.0
343;length_ratio;Baseline_V2;0.1134;0.1541;0.2008;0.2297;0.2855
343;perplexity_qwen;Baseline_V2;-10.3848;-11.6637;-9.2437;-5.4365;-18.8288
344;chat_cite;Baseline_V2;1;1;0;1;1
344;sentence_cite;Baseline_V2;8;1;0;2;2
344;absolute_wordcount;Baseline_V2;151.0;30.0;0;23.5;36.5
344;position_adjusted_wordcount;Baseline_V2;97.6627;27.1451;0;11.3324;16.1304
344;impression_pos_count_simple;Baseline_V2;4.2065;0.9048;0;0.4777;0.6805
344;rvs_sentiment;Baseline_V2;24.6046;0.0;0;-5.5809;6.2043
344;rouge_l_recall;Baseline_V2;0.0728;0.081;0.0535;0.0789;0.1205
344;bleu;Baseline_V2;0.0036;0.0039;0.0;0.003;0.0113
344;length_ratio;Baseline_V2;0.2357;0.2656;0.2045;0.3091;0.5177
344;perplexity_qwen;Baseline_V2;-12.8974;-8.7728;-15.6919;-9.5025;-11.0971
345;chat_cite;Baseline_V2;1;0;1;0;0
345;sentence_cite;Baseline_V2;2;0;3;0;0
345;absolute_wordcount;Baseline_V2;44.0;0;65.0;0;0
345;position_adjusted_wordcount;Baseline_V2;24.3222;0;36.1252;0;0
345;impression_pos_count_simple;Baseline_V2;1.1485;0;1.6247;0;0
345;rvs_sentiment;Baseline_V2;15.5313;0;5.4146;0;0
345;rouge_l_recall;Baseline_V2;0.0112;0.0185;0.0372;0.0346;0.0241
345;bleu;Baseline_V2;0.0;0.0;0.0;0.0;0.0
345;length_ratio;Baseline_V2;0.0336;0.0577;0.1128;0.1791;0.0803
345;perplexity_qwen;Baseline_V2;-5.9025;-5.6635;-8.929;-11.4544;-5.9883
346;chat_cite;Baseline_V2;1;1;1;0;0
346;sentence_cite;Baseline_V2;7;1;4;0;0
346;absolute_wordcount;Baseline_V2;115.0;18.0;84.0;0;0
346;position_adjusted_wordcount;Baseline_V2;77.0128;8.3406;52.0403;0;0
346;impression_pos_count_simple;Baseline_V2;4.6386;0.4634;2.4063;0;0
346;rvs_sentiment;Baseline_V2;39.6052;6.6892;20.0169;0;0
346;rouge_l_recall;Baseline_V2;0.0464;0.0844;0.0798;0.0648;0.0675
346;bleu;Baseline_V2;0.0001;0.0;0.0022;0.0;0.002
346;length_ratio;Baseline_V2;0.1247;0.3028;0.1969;0.3225;0.2404
346;perplexity_qwen;Baseline_V2;-11.1439;-10.9181;-11.3949;-12.7029;-18.1307
347;chat_cite;Baseline_V2;1;0;1;0;0
347;sentence_cite;Baseline_V2;4;0;1;0;0
347;absolute_wordcount;Baseline_V2;100.0;0;24.0;0;0
347;position_adjusted_wordcount;Baseline_V2;58.2549;0;8.8291;0;0
347;impression_pos_count_simple;Baseline_V2;2.3423;0;0.3679;0;0
347;rvs_sentiment;Baseline_V2;26.0116;0;3.0019;0;0
347;rouge_l_recall;Baseline_V2;0.0545;0.0721;0.0477;0.0278;0.1162
347;bleu;Baseline_V2;0.0004;0.0037;0.0;0.0;0.0
347;length_ratio;Baseline_V2;0.158;0.3411;0.1693;0.1075;0.7147
347;perplexity_qwen;Baseline_V2;-12.9903;-15.0943;-8.9765;-8.2962;-28.4163
348;chat_cite;Baseline_V2;1;1;1;0;1
348;sentence_cite;Baseline_V2;7;2;3;0;2
348;absolute_wordcount;Baseline_V2;90.0;10.5;17.5;0;7.0
348;position_adjusted_wordcount;Baseline_V2;66.1884;4.8484;7.6686;0;2.8202
348;impression_pos_count_simple;Baseline_V2;4.3884;0.3228;0.5243;0;0.2934
348;rvs_sentiment;Baseline_V2;13.195;4.6225;4.0432;0;-0.5793
348;rouge_l_recall;Baseline_V2;0.1388;0.0908;0.0903;0.0596;0.0654
348;bleu;Baseline_V2;0.0;0.0;0.0;0.0;0.0
348;length_ratio;Baseline_V2;0.4234;0.575;0.37;0.2602;0.3442
348;perplexity_qwen;Baseline_V2;-9.004;-15.5012;-4.2059;-12.1652;-15.7963
349;chat_cite;Baseline_V2;1;1;0;0;0
349;sentence_cite;Baseline_V2;3;6;0;0;0
349;absolute_wordcount;Baseline_V2;38.0;87.0;0;0;0
349;position_adjusted_wordcount;Baseline_V2;27.367;59.4228;0;0;0
349;impression_pos_count_simple;Baseline_V2;1.9204;3.7425;0;0;0
349;rvs_sentiment;Baseline_V2;14.0015;36.5729;0;0;0
349;rouge_l_recall;Baseline_V2;0.0478;0.0981;0.0604;0.0247;0.0625
349;bleu;Baseline_V2;0.0002;0.0;0.0;0.0;0.0022
349;length_ratio;Baseline_V2;0.1463;0.4223;0.2521;0.0754;0.2627
349;perplexity_qwen;Baseline_V2;-7.22;-14.8125;-11.0689;-8.6564;-4.8259
350;chat_cite;Baseline_V2;1;1;1;1;1
350;sentence_cite;Baseline_V2;9;6;3;4;5
350;absolute_wordcount;Baseline_V2;128.5;70.5;42.0;55.5;45.5
350;position_adjusted_wordcount;Baseline_V2;99.8045;39.679;24.6788;34.3188;23.0115
350;impression_pos_count_simple;Baseline_V2;3.9292;1.6003;0.8864;1.9165;1.1802
350;rvs_sentiment;Baseline_V2;57.195;54.6153;26.362;14.7957;19.0431
350;rouge_l_recall;Baseline_V2;0.0907;0.0906;0.0752;0.0697;0.0479
350;bleu;Baseline_V2;0.0075;0.0045;0.0037;0.0019;0.0
350;length_ratio;Baseline_V2;0.2632;0.2663;0.3059;0.2169;0.108
350;perplexity_qwen;Baseline_V2;-9.6841;-8.3754;-16.4315;-12.338;-10.4069
351;chat_cite;Baseline_V2;1;1;1;1;0
351;sentence_cite;Baseline_V2;3;3;2;4;0
351;absolute_wordcount;Baseline_V2;73.0;79.0;43.0;82.0;0
351;position_adjusted_wordcount;Baseline_V2;65.3369;46.4307;25.4895;47.9237;0
351;impression_pos_count_simple;Baseline_V2;2.7199;1.7744;1.1642;2.3494;0
351;rvs_sentiment;Baseline_V2;8.7722;16.9092;8.9699;17.9365;0
351;rouge_l_recall;Baseline_V2;0.1036;0.0919;0.0648;0.1323;0.0337
351;bleu;Baseline_V2;0.0063;0.003;0.0;0.0243;0.0
351;length_ratio;Baseline_V2;0.3874;0.2495;0.2041;0.5793;0.0963
351;perplexity_qwen;Baseline_V2;-8.4238;-9.8226;-12.8244;-12.9244;-13.3471
352;chat_cite;Baseline_V2;1;1;0;1;1
352;sentence_cite;Baseline_V2;9;2;0;1;2
352;absolute_wordcount;Baseline_V2;157.0;42.0;0;14.0;26.0
352;position_adjusted_wordcount;Baseline_V2;91.9622;32.0516;0;5.5621;19.1844
352;impression_pos_count_simple;Baseline_V2;5.4035;1.5291;0;0.3973;1.4714
352;rvs_sentiment;Baseline_V2;22.7766;11.7675;0;2.009;3.7385
352;rouge_l_recall;Baseline_V2;0.0563;0.1156;0.0799;0.0547;0.0819
352;bleu;Baseline_V2;0.0006;0.0097;0.0;0.0;0.0037
352;length_ratio;Baseline_V2;0.1757;0.4475;0.5199;0.2073;0.3367
352;perplexity_qwen;Baseline_V2;-11.99;-14.7608;-20.8334;-10.2327;-5.9605
353;chat_cite;Baseline_V2;1;1;1;1;1
353;sentence_cite;Baseline_V2;11;4;3;8;4
353;absolute_wordcount;Baseline_V2;96.0;24.5;16.0;61.0;35.5
353;position_adjusted_wordcount;Baseline_V2;65.257;14.946;12.4332;32.852;19.7181
353;impression_pos_count_simple;Baseline_V2;3.6851;1.0148;1.2345;2.2069;1.4797
353;rvs_sentiment;Baseline_V2;21.0006;13.522;-6.0656;25.3724;11.2001
353;rouge_l_recall;Baseline_V2;0.0384;0.0541;0.0522;0.0407;0.0219
353;bleu;Baseline_V2;0.0;0.0;0.0;0.0001;0.0
353;length_ratio;Baseline_V2;0.1259;0.2717;0.2326;0.1367;0.0746
353;perplexity_qwen;Baseline_V2;-12.1188;-7.4641;-11.0734;-11.1189;-10.6934
354;chat_cite;Baseline_V2;1;1;0;0;0
354;sentence_cite;Baseline_V2;3;2;0;0;0
354;absolute_wordcount;Baseline_V2;55.0;30.0;0;0;0
354;position_adjusted_wordcount;Baseline_V2;38.1155;14.5053;0;0;0
354;impression_pos_count_simple;Baseline_V2;2.0633;0.9627;0;0;0
354;rvs_sentiment;Baseline_V2;16.1395;2.2722;0;0;0
354;rouge_l_recall;Baseline_V2;0.0205;0.0657;0.1121;0.0356;0.0728
354;bleu;Baseline_V2;0.0;0.0;0.0;0.0;0.0
354;length_ratio;Baseline_V2;0.0443;0.243;1.1161;0.126;0.4288
354;perplexity_qwen;Baseline_V2;-7.2165;-12.5314;-18.6713;-13.9465;-11.9251
355;chat_cite;Baseline_V2;1;0;0;0;1
355;sentence_cite;Baseline_V2;2;0;0;0;5
355;absolute_wordcount;Baseline_V2;28.0;0;0;0;78.0
355;position_adjusted_wordcount;Baseline_V2;22.9045;0;0;0;42.4366
355;impression_pos_count_simple;Baseline_V2;1.6131;0;0;0;2.8461
355;rvs_sentiment;Baseline_V2;16.5839;0;0;0;7.4203
355;rouge_l_recall;Baseline_V2;0.0323;0.0579;0.0478;0.0549;0.0641
355;bleu;Baseline_V2;0.0;0.0;0.0;0.0;0.0002
355;length_ratio;Baseline_V2;0.0785;0.2218;0.1267;0.181;0.1308
355;perplexity_qwen;Baseline_V2;-4.916;-13.3111;-6.4843;-10.5398;-5.0505
356;chat_cite;Baseline_V2;1;0;0;0;0
356;sentence_cite;Baseline_V2;5;0;0;0;0
356;absolute_wordcount;Baseline_V2;71.0;0;0;0;0
356;position_adjusted_wordcount;Baseline_V2;47.8792;0;0;0;0
356;impression_pos_count_simple;Baseline_V2;3.1147;0;0;0;0
356;rvs_sentiment;Baseline_V2;12.862;0;0;0;0
356;rouge_l_recall;Baseline_V2;0.1031;0.0793;0.0479;0.088;0.0433
356;bleu;Baseline_V2;0.0018;0.0;0.0;0.0;0.0
356;length_ratio;Baseline_V2;0.1846;0.3782;0.1691;0.4768;0.1432
356;perplexity_qwen;Baseline_V2;-12.8566;-6.3511;-12.4763;-11.9251;-12.8923
357;chat_cite;Baseline_V2;0;0;0;0;0
357;sentence_cite;Baseline_V2;0;0;0;0;0
357;absolute_wordcount;Baseline_V2;0;0;0;0;0
357;position_adjusted_wordcount;Baseline_V2;0;0;0;0;0
357;impression_pos_count_simple;Baseline_V2;0;0;0;0;0
357;rvs_sentiment;Baseline_V2;0;0;0;0;0
357;rouge_l_recall;Baseline_V2;0.0242;0.0392;0.0464;0.0184;0.0258
357;bleu;Baseline_V2;0.0;0.0;0.0;0.0;0.0
357;length_ratio;Baseline_V2;0.0485;0.1155;0.1717;0.0399;0.0861
357;perplexity_qwen;Baseline_V2;-10.6659;-18.8947;-11.0045;-10.261;-17.4617
358;chat_cite;Baseline_V2;1;1;1;1;0
358;sentence_cite;Baseline_V2;5;3;1;2;0
358;absolute_wordcount;Baseline_V2;66.5;23.0;9.0;16.5;0
358;position_adjusted_wordcount;Baseline_V2;55.6079;11.9476;5.4588;8.1923;0
358;impression_pos_count_simple;Baseline_V2;3.2438;1.0151;0.6065;0.4955;0
358;rvs_sentiment;Baseline_V2;-10.2642;7.7948;0.0;-0.4663;0
358;rouge_l_recall;Baseline_V2;0.0318;0.0426;0.0864;0.1409;0.0264
358;bleu;Baseline_V2;0.0;0.0;0.0;0.0;0.0
358;length_ratio;Baseline_V2;0.0779;0.1194;0.4777;0.9488;0.0684
358;perplexity_qwen;Baseline_V2;-13.4366;-6.3195;-13.3706;-19.7329;-4.6888
359;chat_cite;Baseline_V2;1;1;0;0;0
359;sentence_cite;Baseline_V2;9;2;0;0;0
359;absolute_wordcount;Baseline_V2;173.0;16.0;0;0;0
359;position_adjusted_wordcount;Baseline_V2;111.4305;9.2733;0;0;0
359;impression_pos_count_simple;Baseline_V2;5.4756;0.7635;0;0;0
359;rvs_sentiment;Baseline_V2;73.3404;8.3061;0;0;0
359;rouge_l_recall;Baseline_V2;0.0276;0.1059;0.0409;0.075;0.0595
359;bleu;Baseline_V2;0.0;0.0;0.0;0.0;0.0
359;length_ratio;Baseline_V2;0.0562;0.4228;0.1413;0.3581;0.2142
359;perplexity_qwen;Baseline_V2;-6.3534;-7.4296;-8.807;-6.6748;-11.5844
360;chat_cite;Baseline_V2;1;1;0;1;1
360;sentence_cite;Baseline_V2;5;6;0;5;3
360;absolute_wordcount;Baseline_V2;45.5;41.0;0;41.5;17.0
360;position_adjusted_wordcount;Baseline_V2;33.8081;29.4348;0;19.8216;11.2486
360;impression_pos_count_simple;Baseline_V2;1.8916;2.206;0;1.5342;1.1199
360;rvs_sentiment;Baseline_V2;13.6023;14.9097;0;11.6131;1.9739
360;rouge_l_recall;Baseline_V2;0.083;0.0631;0.0841;0.1392;0.0529
360;bleu;Baseline_V2;0.0065;0.0005;0.0;0.0;0.0004
360;length_ratio;Baseline_V2;0.3669;0.1578;0.4129;0.5751;0.1698
360;perplexity_qwen;Baseline_V2;-7.8511;-6.9494;-9.7787;-7.8778;-13.5645
401;chat_cite;Baseline_V2;1;0;1;0;0
401;sentence_cite;Baseline_V2;3;0;3;0;0
401;absolute_wordcount;Baseline_V2;43.5;0;26.5;0;0
401;position_adjusted_wordcount;Baseline_V2;26.6632;0;12.1627;0;0
401;impression_pos_count_simple;Baseline_V2;1.5371;0;1.0696;0;0
401;rvs_sentiment;Baseline_V2;9.281;0;1.3288;0;0
401;rouge_l_recall;Baseline_V2;0.0789;0.2213;0.043;0.0493;0.0348
401;bleu;Baseline_V2;0.0011;0.0;0.0;0.0;0.0
401;length_ratio;Baseline_V2;0.2007;2.4174;0.1103;0.16;0.0757
401;perplexity_qwen;Baseline_V2;-9.6412;-17.6846;-7.627;-5.1896;-5.5873
402;chat_cite;Baseline_V2;1;1;1;1;0
402;sentence_cite;Baseline_V2;2;1;3;4;0
402;absolute_wordcount;Baseline_V2;27.0;19.0;53.0;67.0;0
402;position_adjusted_wordcount;Baseline_V2;18.495;13.0585;30.1449;36.5608;0
402;impression_pos_count_simple;Baseline_V2;1.0037;0.6873;1.4913;2.1885;0
402;rvs_sentiment;Baseline_V2;5.5722;0.3369;0.8558;10.2305;0
402;rouge_l_recall;Baseline_V2;0.0453;0.0562;0.0432;0.0897;0.107
402;bleu;Baseline_V2;0.0;0.0018;0.0001;0.0047;0.0
402;length_ratio;Baseline_V2;0.1637;0.2838;0.1415;0.3996;0.9974
402;perplexity_qwen;Baseline_V2;-22.506;-12.2614;-15.1237;-17.935;-21.5838
403;chat_cite;Baseline_V2;1;1;0;0;0
403;sentence_cite;Baseline_V2;1;4;0;0;0
403;absolute_wordcount;Baseline_V2;13.0;64.0;0;0;0
403;position_adjusted_wordcount;Baseline_V2;6.1408;42.5018;0;0;0
403;impression_pos_count_simple;Baseline_V2;0.4724;2.6198;0;0;0
403;rvs_sentiment;Baseline_V2;2.468;11.5755;0;0;0
403;rouge_l_recall;Baseline_V2;0.0776;0.0648;0.045;0.0366;0.0277
403;bleu;Baseline_V2;0.0056;0.0007;0.0;0.0;0.0
403;length_ratio;Baseline_V2;0.3352;0.1599;0.1475;0.1013;0.0704
403;perplexity_qwen;Baseline_V2;-14.5906;-11.3949;-4.1498;-11.1439;-4.8043
404;chat_cite;Baseline_V2;1;1;0;1;1
404;sentence_cite;Baseline_V2;2;3;0;2;2
404;absolute_wordcount;Baseline_V2;36.0;45.0;0;26.0;16.0
404;position_adjusted_wordcount;Baseline_V2;23.2802;29.4173;0;10.8077;8.2481
404;impression_pos_count_simple;Baseline_V2;1.2933;1.4906;0;0.547;0.6873
404;rvs_sentiment;Baseline_V2;12.4428;23.5183;0;8.8277;4.5418
404;rouge_l_recall;Baseline_V2;0.1638;0.0604;0.055;0.09;0.1011
404;bleu;Baseline_V2;0.0246;0.0;0.0;0.0;0.0
404;length_ratio;Baseline_V2;1.0824;0.2595;0.2635;0.5441;0.4903
404;perplexity_qwen;Baseline_V2;-19.3887;-11.7045;-19.1316;-14.8906;-4.4084
405;chat_cite;Baseline_V2;1;0;1;1;1
405;sentence_cite;Baseline_V2;5;0;3;3;1
405;absolute_wordcount;Baseline_V2;102.0;0;51.0;55.0;15.0
405;position_adjusted_wordcount;Baseline_V2;75.3368;0;21.5291;33.1182;7.9382
405;impression_pos_count_simple;Baseline_V2;3.77;0;1.2684;1.8246;0.5292
405;rvs_sentiment;Baseline_V2;18.6388;0;2.487;1.117;2.3497
405;rouge_l_recall;Baseline_V2;0.0812;0.0596;0.042;0.0732;0.0796
405;bleu;Baseline_V2;0.0067;0.0;0.0001;0.0038;0.0
405;length_ratio;Baseline_V2;0.2837;0.336;0.14;0.3086;0.524
405;perplexity_qwen;Baseline_V2;-11.3949;-13.7719;-10.3848;-12.9823;-12.781
406;chat_cite;Baseline_V2;1;1;1;1;1
406;sentence_cite;Baseline_V2;9;1;2;1;2
406;absolute_wordcount;Baseline_V2;140.0;16.0;40.0;20.0;27.0
406;position_adjusted_wordcount;Baseline_V2;92.9528;8.4367;18.3399;13.9535;11.9491
406;impression_pos_count_simple;Baseline_V2;6.0085;0.5273;0.917;0.6977;0.9051
406;rvs_sentiment;Baseline_V2;46.7322;0.0;11.7373;5.04;7.5918
406;rouge_l_recall;Baseline_V2;0.0364;0.0538;0.0524;0.0482;0.0755
406;bleu;Baseline_V2;0.0;0.0;0.0;0.0;0.0
406;length_ratio;Baseline_V2;0.0896;0.2274;0.2274;0.1684;0.319
406;perplexity_qwen;Baseline_V2;-10.6942;-12.5262;-17.3489;-10.2003;-6.3756
407;chat_cite;Baseline_V2;1;1;1;0;1
407;sentence_cite;Baseline_V2;2;3;5;0;4
407;absolute_wordcount;Baseline_V2;25.0;35.5;45.5;0;41.0
407;position_adjusted_wordcount;Baseline_V2;18.8823;24.5818;24.5713;0;20.1986
407;impression_pos_count_simple;Baseline_V2;0.9748;1.3668;1.2213;0;1.1225
407;rvs_sentiment;Baseline_V2;16.9224;14.9048;27.4644;0;20.0478
407;rouge_l_recall;Baseline_V2;0.1359;0.0906;0.0902;0.0747;0.0788
407;bleu;Baseline_V2;0.0423;0.0042;0.0068;0.0;0.0
407;length_ratio;Baseline_V2;0.6412;0.3115;0.4089;0.4384;0.3474
407;perplexity_qwen;Baseline_V2;-4.4084;-16.578;-12.0159;-5.5626;-11.6842
408;chat_cite;Baseline_V2;1;1;1;1;1
408;sentence_cite;Baseline_V2;5;3;1;1;4
408;absolute_wordcount;Baseline_V2;38.6667;17.1667;10.0;6.5;29.6667
408;position_adjusted_wordcount;Baseline_V2;24.4311;9.2437;3.9985;3.9424;13.0868
408;impression_pos_count_simple;Baseline_V2;1.808;0.7339;0.1999;0.3033;0.8167
408;rvs_sentiment;Baseline_V2;12.0132;-2.208;6.8126;5.1141;13.4837
408;rouge_l_recall;Baseline_V2;0.1712;0.0674;0.0783;0.0383;0.035
408;bleu;Baseline_V2;0.0298;0.0011;0.0;0.0;0.0
408;length_ratio;Baseline_V2;0.466;0.1895;0.4005;0.1522;0.0994
408;perplexity_qwen;Baseline_V2;-10.0117;-9.894;-21.1247;-14.8697;-12.5243
409;chat_cite;Baseline_V2;1;1;0;1;1
409;sentence_cite;Baseline_V2;6;4;0;3;2
409;absolute_wordcount;Baseline_V2;97.0;55.5;0;34.0;13.5
409;position_adjusted_wordcount;Baseline_V2;77.2246;30.4925;0;17.4418;5.729
409;impression_pos_count_simple;Baseline_V2;4.0481;1.4754;0;1.1073;0.3042
409;rvs_sentiment;Baseline_V2;26.5527;7.7465;0;9.3514;6.868
409;rouge_l_recall;Baseline_V2;0.0491;0.0913;0.0322;0.0527;0.0923
409;bleu;Baseline_V2;0.0;0.0;0.0;0.0;0.017
409;length_ratio;Baseline_V2;0.1608;0.4119;0.0971;0.2039;0.4374
409;perplexity_qwen;Baseline_V2;-14.4261;-6.7008;-10.6989;-16.7962;-7.3028
410;chat_cite;Baseline_V2;1;1;0;1;1
410;sentence_cite;Baseline_V2;6;1;0;4;3
410;absolute_wordcount;Baseline_V2;86.0;3.0;0;61.0;25.0
410;position_adjusted_wordcount;Baseline_V2;51.1871;1.3716;0;28.2067;13.2239
410;impression_pos_count_simple;Baseline_V2;2.4165;0.2286;0;1.1593;0.968
410;rvs_sentiment;Baseline_V2;1.4968;0.0;0;16.5605;-4.4032
410;rouge_l_recall;Baseline_V2;0.0647;0.0813;0.0894;0.0927;0.0765
410;bleu;Baseline_V2;0.0015;0.0041;0.0;0.0;0.002
410;length_ratio;Baseline_V2;0.2088;0.2841;1.753;0.5366;0.2587
410;perplexity_qwen;Baseline_V2;-12.5607;-7.1231;-12.6054;-10.8934;-12.9858
411;chat_cite;Baseline_V2;1;0;0;0;0
411;sentence_cite;Baseline_V2;5;0;0;0;0
411;absolute_wordcount;Baseline_V2;77.0;0;0;0;0
411;position_adjusted_wordcount;Baseline_V2;48.1316;0;0;0;0
411;impression_pos_count_simple;Baseline_V2;3.0247;0;0;0;0
411;rvs_sentiment;Baseline_V2;22.0619;0;0;0;0
411;rouge_l_recall;Baseline_V2;0.0472;0.0364;0.0237;0.0271;0.0315
411;bleu;Baseline_V2;0.0;0.0;0.0;0.0;0.0
411;length_ratio;Baseline_V2;0.0878;0.1021;0.0584;0.0776;0.0979
411;perplexity_qwen;Baseline_V2;-12.6153;-13.2267;-7.2965;-11.2664;-9.3929
412;chat_cite;Baseline_V2;0;1;1;0;0
412;sentence_cite;Baseline_V2;0;9;3;0;0
412;absolute_wordcount;Baseline_V2;0;183.5;59.5;0;0
412;position_adjusted_wordcount;Baseline_V2;0;111.7299;35.3722;0;0
412;impression_pos_count_simple;Baseline_V2;0;5.1411;1.5009;0;0
412;rvs_sentiment;Baseline_V2;0;0.1546;26.1092;0;0
412;rouge_l_recall;Baseline_V2;0.1731;0.0748;0.0233;0.072;0.029
412;bleu;Baseline_V2;0.0;0.0011;0.0;0.0;0.0
412;length_ratio;Baseline_V2;2.1233;0.2113;0.0566;0.4294;0.0912
412;perplexity_qwen;Baseline_V2;-23.0212;-9.37;-15.4918;-13.6283;-15.0099
413;chat_cite;Baseline_V2;0;0;0;0;0
413;sentence_cite;Baseline_V2;0;0;0;0;0
413;absolute_wordcount;Baseline_V2;0;0;0;0;0
413;position_adjusted_wordcount;Baseline_V2;0;0;0;0;0
413;impression_pos_count_simple;Baseline_V2;0;0;0;0;0
413;rvs_sentiment;Baseline_V2;0;0;0;0;0
413;rouge_l_recall;Baseline_V2;0.0476;0.1215;0.0205;0.1012;0.039
413;bleu;Baseline_V2;0.0001;0.0;0.0;0.0;0.0
413;length_ratio;Baseline_V2;0.1298;0.8017;0.0557;0.4632;0.0929
413;perplexity_qwen;Baseline_V2;-10.4302;-11.2198;-11.6976;-18.6544;-7.89
414;chat_cite;Baseline_V2;1;1;1;1;1
414;sentence_cite;Baseline_V2;3;2;2;1;2
414;absolute_wordcount;Baseline_V2;60.0;37.0;47.0;27.0;28.0
414;position_adjusted_wordcount;Baseline_V2;47.1707;28.4534;20.5958;14.8179;12.9336
414;impression_pos_count_simple;Baseline_V2;2.3114;1.5353;0.9007;0.5488;0.9067
414;rvs_sentiment;Baseline_V2;8.3704;0.9957;8.7574;2.2686;-1.8472
414;rouge_l_recall;Baseline_V2;0.0684;0.0189;0.0718;0.099;0.1165
414;bleu;Baseline_V2;0.0;0.0;0.0016;0.0132;0.012
414;length_ratio;Baseline_V2;0.3409;0.0438;0.2028;0.5727;0.5097
414;perplexity_qwen;Baseline_V2;-8.4238;-13.9455;-4.3363;-13.1057;-12.9244
415;chat_cite;Baseline_V2;1;1;1;0;1
415;sentence_cite;Baseline_V2;8;4;1;0;4
415;absolute_wordcount;Baseline_V2;147.0;68.0;16.0;0;75.0
415;position_adjusted_wordcount;Baseline_V2;96.2578;39.0117;7.788;0;44.8267
415;impression_pos_count_simple;Baseline_V2;5.1792;2.2894;0.4868;0;2.2672
415;rvs_sentiment;Baseline_V2;29.1095;10.596;2.9735;0;21.2628
415;rouge_l_recall;Baseline_V2;0.0929;0.066;0.0673;0.146;0.0322
415;bleu;Baseline_V2;0.0068;0.0016;0.0019;0.0155;0.0
415;length_ratio;Baseline_V2;0.346;0.2529;0.2635;1.2257;0.0881
415;perplexity_qwen;Baseline_V2;-11.1819;-8.4848;-6.8561;-12.385;-10.4066
416;chat_cite;Baseline_V2;0;0;0;0;0
416;sentence_cite;Baseline_V2;0;0;0;0;0
416;absolute_wordcount;Baseline_V2;0;0;0;0;0
416;position_adjusted_wordcount;Baseline_V2;0;0;0;0;0
416;impression_pos_count_simple;Baseline_V2;0;0;0;0;0
416;rvs_sentiment;Baseline_V2;0;0;0;0;0
416;rouge_l_recall;Baseline_V2;0.1126;0.0375;0.0222;0.1907;0.0199
416;bleu;Baseline_V2;0.0;0.0;0.0;0.0;0.0
416;length_ratio;Baseline_V2;0.8017;0.106;0.0466;1.4974;0.048
416;perplexity_qwen;Baseline_V2;-17.1465;-11.2842;-8.187;-17.2155;-13.0266
417;chat_cite;Baseline_V2;1;0;1;1;1
417;sentence_cite;Baseline_V2;5;0;2;4;2
417;absolute_wordcount;Baseline_V2;50.0;0;14.0;48.0;11.0
417;position_adjusted_wordcount;Baseline_V2;37.5444;0;6.3811;25.1667;4.6681
417;impression_pos_count_simple;Baseline_V2;3.1171;0;0.5478;1.672;0.5163
417;rvs_sentiment;Baseline_V2;13.0036;0;4.5842;-0.4929;0.0
417;rouge_l_recall;Baseline_V2;0.1055;0.087;0.0156;0.0508;0.0519
417;bleu;Baseline_V2;0.0059;0.0;0.0;0.0;0.0002
417;length_ratio;Baseline_V2;0.3739;0.4549;0.0447;0.1213;0.1676
417;perplexity_qwen;Baseline_V2;-11.3501;-3.7918;-12.168;-11.8878;-16.378
418;chat_cite;Baseline_V2;1;1;1;0;1
418;sentence_cite;Baseline_V2;5;2;4;0;1
418;absolute_wordcount;Baseline_V2;74.0;19.0;48.0;0;16.0
418;position_adjusted_wordcount;Baseline_V2;54.378;9.8643;27.8368;0;6.9536
418;impression_pos_count_simple;Baseline_V2;3.2089;0.7735;1.6575;0;0.4346
418;rvs_sentiment;Baseline_V2;3.572;2.1427;3.6671;0;3.7709
418;rouge_l_recall;Baseline_V2;0.0815;0.0266;0.0517;0.0539;0.0768
418;bleu;Baseline_V2;0.0025;0.0;0.0;0.0002;0.0
418;length_ratio;Baseline_V2;0.2404;0.0669;0.1576;0.1656;0.4588
418;perplexity_qwen;Baseline_V2;-9.541;-8.335;-10.3316;-5.9872;-13.5969
419;chat_cite;Baseline_V2;1;1;1;0;1
419;sentence_cite;Baseline_V2;1;4;1;0;2
419;absolute_wordcount;Baseline_V2;16.0;57.0;24.0;0;40.0
419;position_adjusted_wordcount;Baseline_V2;13.0997;36.139;9.4378;0;18.6856
419;impression_pos_count_simple;Baseline_V2;0.8187;2.5285;0.3932;0;0.9296
419;rvs_sentiment;Baseline_V2;8.186;0.6054;3.4089;0;12.789
419;rouge_l_recall;Baseline_V2;0.0705;0.0514;0.048;0.0661;0.072
419;bleu;Baseline_V2;0.0024;0.0002;0.0001;0.0;0.0032
419;length_ratio;Baseline_V2;0.2454;0.1496;0.1489;0.2465;0.2454
419;perplexity_qwen;Baseline_V2;-9.1373;-13.9865;-19.1523;-20.4663;-6.7214
420;chat_cite;Baseline_V2;1;1;1;0;1
420;sentence_cite;Baseline_V2;4;3;2;0;6
420;absolute_wordcount;Baseline_V2;75.3333;33.3333;25.5;0;89.8333
420;position_adjusted_wordcount;Baseline_V2;50.1188;18.5456;15.641;0;51.2417
420;impression_pos_count_simple;Baseline_V2;2.174;1.2685;1.0145;0;2.7037
420;rvs_sentiment;Baseline_V2;13.4132;12.8989;10.2179;0;29.6435
420;rouge_l_recall;Baseline_V2;0.1153;0.0869;0.1102;0.0744;0.0698
420;bleu;Baseline_V2;0.0258;0.0;0.0;0.0;0.0013
420;length_ratio;Baseline_V2;0.6592;0.4301;0.8923;0.3804;0.2119
420;perplexity_qwen;Baseline_V2;-16.9154;-10.3394;-10.5058;-9.5483;-7.1231
361;chat_cite;Baseline_V2;1;1;0;1;0
361;sentence_cite;Baseline_V2;2;2;0;5;0
361;absolute_wordcount;Baseline_V2;32.0;22.0;0;76.0;0
361;position_adjusted_wordcount;Baseline_V2;21.7319;11.5391;0;42.9203;0
361;impression_pos_count_simple;Baseline_V2;1.2417;1.0694;0;2.8443;0
361;rvs_sentiment;Baseline_V2;10.4591;-2.9258;0;25.9231;0
361;rouge_l_recall;Baseline_V2;0.0884;0.0527;0.042;0.0407;0.0407
361;bleu;Baseline_V2;0.0176;0.0006;0.0;0.0;0.0001
361;length_ratio;Baseline_V2;0.393;0.1601;0.1496;0.114;0.1393
361;perplexity_qwen;Baseline_V2;-11.0778;-6.034;-10.0423;-10.3032;-7.0003
362;chat_cite;Baseline_V2;1;1;1;1;1
362;sentence_cite;Baseline_V2;3;4;2;3;4
362;absolute_wordcount;Baseline_V2;38.6;52.6;22.6;45.6;50.6
362;position_adjusted_wordcount;Baseline_V2;25.2634;26.9491;16.7666;22.0951;27.4671
362;impression_pos_count_simple;Baseline_V2;1.5074;1.6389;0.844;1.0322;1.7807
362;rvs_sentiment;Baseline_V2;-0.4102;5.7131;-0.5681;13.133;12.2403
362;rouge_l_recall;Baseline_V2;0.1388;0.0591;0.0413;0.0903;0.0661
362;bleu;Baseline_V2;0.0;0.0;0.0;0.0148;0.0
362;length_ratio;Baseline_V2;0.7233;0.2475;0.1283;0.4127;0.2588
362;perplexity_qwen;Baseline_V2;-3.2063;-10.517;-5.3523;-6.5256;-13.6542
363;chat_cite;Baseline_V2;1;1;1;0;0
363;sentence_cite;Baseline_V2;5;3;4;0;0
363;absolute_wordcount;Baseline_V2;55.5;61.0;59.5;0;0
363;position_adjusted_wordcount;Baseline_V2;33.4897;41.4522;29.1122;0;0
363;impression_pos_count_simple;Baseline_V2;2.8531;2.1006;1.6969;0;0
363;rvs_sentiment;Baseline_V2;2.7328;27.3572;6.8176;0;0
363;rouge_l_recall;Baseline_V2;0.0561;0.0539;0.029;0.0702;0.1224
363;bleu;Baseline_V2;0.0001;0.0;0.0;0.0;0.0
363;length_ratio;Baseline_V2;0.1517;0.1981;0.0801;0.3815;1.2071
363;perplexity_qwen;Baseline_V2;-7.22;-8.0989;-11.2465;-10.3394;-4.7995
364;chat_cite;Baseline_V2;1;1;1;1;1
364;sentence_cite;Baseline_V2;9;2;1;1;4
364;absolute_wordcount;Baseline_V2;117.0;27.0;6.0;5.0;44.0
364;position_adjusted_wordcount;Baseline_V2;74.2682;21.7721;3.3482;2.2654;20.9249
364;impression_pos_count_simple;Baseline_V2;4.9536;1.6253;0.279;0.2265;1.427
364;rvs_sentiment;Baseline_V2;-6.9414;-6.3078;-1.5154;0.2338;-6.8804
364;rouge_l_recall;Baseline_V2;0.0553;0.0801;0.0591;0.0738;0.0649
364;bleu;Baseline_V2;0.0001;0.0;0.0;0.0022;0.0
364;length_ratio;Baseline_V2;0.127;0.2447;0.2309;0.2712;0.2381
364;perplexity_qwen;Baseline_V2;-8.3743;-5.1629;-10.8937;-12.3866;-13.8271
365;chat_cite;Baseline_V2;1;1;1;1;0
365;sentence_cite;Baseline_V2;4;3;2;6;0
365;absolute_wordcount;Baseline_V2;70.6667;44.6667;36.0;107.6667;0
365;position_adjusted_wordcount;Baseline_V2;53.2199;30.4174;16.7847;57.7068;0
365;impression_pos_count_simple;Baseline_V2;2.5112;1.5829;0.9347;2.841;0
365;rvs_sentiment;Baseline_V2;3.1736;21.6798;-2.9171;14.1625;0
365;rouge_l_recall;Baseline_V2;0.1053;0.0514;0.0964;0.0266;0.11
365;bleu;Baseline_V2;0.0;0.0006;0.0;0.0;0.0129
365;length_ratio;Baseline_V2;0.4783;0.1739;0.4438;0.0647;0.4995
365;perplexity_qwen;Baseline_V2;-12.5948;-10.6924;-10.8179;-20.317;-8.8202
366;chat_cite;Baseline_V2;1;0;1;1;1
366;sentence_cite;Baseline_V2;2;0;5;2;3
366;absolute_wordcount;Baseline_V2;17.3333;0;63.3333;17.0;36.3333
366;position_adjusted_wordcount;Baseline_V2;10.3686;0;30.2795;10.4911;17.0136
366;impression_pos_count_simple;Baseline_V2;0.5561;0;1.6589;0.631;0.8751
366;rvs_sentiment;Baseline_V2;6.4369;0;4.4513;-6.1186;8.1782
366;rouge_l_recall;Baseline_V2;0.0604;0.0785;0.0883;0.0789;0.0866
366;bleu;Baseline_V2;0.0005;0.0;0.0145;0.0018;0.0
366;length_ratio;Baseline_V2;0.1765;0.265;0.3524;0.1989;0.2151
366;perplexity_qwen;Baseline_V2;-10.1414;-12.0602;-16.8869;-3.1524;-5.8464
367;chat_cite;Baseline_V2;1;1;1;1;1
367;sentence_cite;Baseline_V2;6;1;3;3;1
367;absolute_wordcount;Baseline_V2;90.0;25.0;49.0;50.5;10.5
367;position_adjusted_wordcount;Baseline_V2;62.4648;10.865;28.6263;24.4921;4.9598
367;impression_pos_count_simple;Baseline_V2;3.1041;0.4346;1.3884;0.8806;0.2362
367;rvs_sentiment;Baseline_V2;-2.1852;0.0;5.3051;0.9653;0.0
367;rouge_l_recall;Baseline_V2;0.0892;0.0427;0.062;0.068;0.1127
367;bleu;Baseline_V2;0.0046;0.0002;0.0;0.002;0.0
367;length_ratio;Baseline_V2;0.3378;0.1424;0.2412;0.2612;0.7519
367;perplexity_qwen;Baseline_V2;-12.0879;-8.929;-20.0118;-5.8114;-15.0178
368;chat_cite;Baseline_V2;0;0;0;0;0
368;sentence_cite;Baseline_V2;0;0;0;0;0
368;absolute_wordcount;Baseline_V2;0;0;0;0;0
368;position_adjusted_wordcount;Baseline_V2;0;0;0;0;0
368;impression_pos_count_simple;Baseline_V2;0;0;0;0;0
368;rvs_sentiment;Baseline_V2;0;0;0;0;0
368;rouge_l_recall;Baseline_V2;0.0491;0.0337;0.0408;0.0177;0.0437
368;bleu;Baseline_V2;0.0007;0.0;0.0001;0.0;0.0
368;length_ratio;Baseline_V2;0.1692;0.1071;0.152;0.044;0.1663
368;perplexity_qwen;Baseline_V2;-14.8347;-7.9367;-11.0664;-9.35;-11.471
369;chat_cite;Baseline_V2;1;0;0;1;1
369;sentence_cite;Baseline_V2;5;0;0;2;1
369;absolute_wordcount;Baseline_V2;81.0;0;0;17.5;7.5
369;position_adjusted_wordcount;Baseline_V2;46.4937;0;0;10.8939;5.0274
369;impression_pos_count_simple;Baseline_V2;2.587;0;0;0.6285;0.3352
369;rvs_sentiment;Baseline_V2;9.4098;0;0;9.2249;3.6318
369;rouge_l_recall;Baseline_V2;0.0184;0.038;0.0739;0.0303;0.026
369;bleu;Baseline_V2;0.0;0.0;0.0;0.0;0.0
369;length_ratio;Baseline_V2;0.0588;0.202;0.4369;0.0954;0.0693
369;perplexity_qwen;Baseline_V2;-8.7438;-12.748;-18.3093;-11.8567;-5.8811
370;chat_cite;Baseline_V2;1;1;1;1;0
370;sentence_cite;Baseline_V2;5;4;5;2;0
370;absolute_wordcount;Baseline_V2;41.0;31.0;41.5;14.5;0
370;position_adjusted_wordcount;Baseline_V2;26.8697;19.7961;27.5747;7.6906;0
370;impression_pos_count_simple;Baseline_V2;1.794;1.086;1.4915;0.5166;0
370;rvs_sentiment;Baseline_V2;18.2424;16.2048;25.8116;0.6469;0
370;rouge_l_recall;Baseline_V2;0.0759;0.1087;0.0812;0.0651;0.0656
370;bleu;Baseline_V2;0.0021;0.0085;0.0057;0.0;0.0034
370;length_ratio;Baseline_V2;0.2119;0.2798;0.3004;0.256;0.2841
370;perplexity_qwen;Baseline_V2;-11.3949;-6.5783;-9.2475;-12.6531;-14.9134
371;chat_cite;Baseline_V2;1;1;0;1;1
371;sentence_cite;Baseline_V2;2;2;0;2;3
371;absolute_wordcount;Baseline_V2;39.0;41.0;0;38.0;50.0
371;position_adjusted_wordcount;Baseline_V2;23.8723;32.3442;0;23.5681;22.7231
371;impression_pos_count_simple;Baseline_V2;1.2168;1.5788;0;1.2236;1.3635
371;rvs_sentiment;Baseline_V2;-0.1216;2.5148;0;7.2343;0.5542
371;rouge_l_recall;Baseline_V2;0.0731;0.1196;0.1052;0.069;0.1201
371;bleu;Baseline_V2;0.0061;0.0216;0.0125;0.0024;0.0114
371;length_ratio;Baseline_V2;0.2693;0.6037;0.6133;0.2589;0.5641
371;perplexity_qwen;Baseline_V2;-10.8151;-17.1681;-13.3812;-14.3632;-10.7768
372;chat_cite;Baseline_V2;1;0;1;1;1
372;sentence_cite;Baseline_V2;6;0;2;1;2
372;absolute_wordcount;Baseline_V2;86.0;0;37.0;9.0;38.0
372;position_adjusted_wordcount;Baseline_V2;56.2874;0;22.726;5.5691;16.8202
372;impression_pos_count_simple;Baseline_V2;3.8778;0;1.2543;0.6188;0.8853
372;rvs_sentiment;Baseline_V2;29.4805;0;14.8265;2.7506;5.6284
372;rouge_l_recall;Baseline_V2;0.0416;0.1825;0.0461;0.0985;0.0652
372;bleu;Baseline_V2;0.0;0.0;0.0001;0.0;0.0044
372;length_ratio;Baseline_V2;0.096;2.697;0.1245;0.4395;0.2703
372;perplexity_qwen;Baseline_V2;-8.2337;-9.8972;-6.9687;-6.9924;-22.0826
373;chat_cite;Baseline_V2;1;1;0;1;1
373;sentence_cite;Baseline_V2;4;2;0;2;3
373;absolute_wordcount;Baseline_V2;90.0;38.0;0;31.0;70.0
373;position_adjusted_wordcount;Baseline_V2;61.9965;25.7532;0;14.8832;42.3588
373;impression_pos_count_simple;Baseline_V2;2.7816;1.3776;0;0.9638;1.8449
373;rvs_sentiment;Baseline_V2;22.737;9.5546;0;-0.5409;23.4703
373;rouge_l_recall;Baseline_V2;0.0666;0.0428;0.065;0.0391;0.0276
373;bleu;Baseline_V2;0.0015;0.0;0.0;0.0;0.0
373;length_ratio;Baseline_V2;0.212;0.107;0.2646;0.1145;0.0662
373;perplexity_qwen;Baseline_V2;-8.124;-10.8435;-3.9627;-17.2974;-5.6646
374;chat_cite;Baseline_V2;0;0;0;0;0
374;sentence_cite;Baseline_V2;0;0;0;0;0
374;absolute_wordcount;Baseline_V2;0;0;0;0;0
374;position_adjusted_wordcount;Baseline_V2;0;0;0;0;0
374;impression_pos_count_simple;Baseline_V2;0;0;0;0;0
374;rvs_sentiment;Baseline_V2;0;0;0;0;0
374;rouge_l_recall;Baseline_V2;0.0537;0.1163;0.079;0.0863;0.0241
374;bleu;Baseline_V2;0.0002;0.0174;0.0037;0.0;0.0
374;length_ratio;Baseline_V2;0.1612;0.4824;0.2371;0.5196;0.0584
374;perplexity_qwen;Baseline_V2;-11.3939;-7.6367;-6.4036;-15.7634;-4.154
375;chat_cite;Baseline_V2;1;1;0;1;1
375;sentence_cite;Baseline_V2;2;3;0;1;4
375;absolute_wordcount;Baseline_V2;32.0;35.5;0;9.0;55.5
375;position_adjusted_wordcount;Baseline_V2;26.1244;22.2167;0;5.2162;28.7011
375;impression_pos_count_simple;Baseline_V2;1.6305;1.2378;0;0.2898;1.7433
375;rvs_sentiment;Baseline_V2;12.1277;4.5299;0;0.5383;12.5327
375;rouge_l_recall;Baseline_V2;0.1297;0.0901;0.0724;0.0462;0.1154
375;bleu;Baseline_V2;0.0;0.0085;0.0;0.0;0.0186
375;length_ratio;Baseline_V2;0.6931;0.3079;0.4052;0.1963;0.3864
375;perplexity_qwen;Baseline_V2;-7.25;-5.6134;-10.3394;-11.5386;-6.5908
376;chat_cite;Baseline_V2;1;0;1;0;1
376;sentence_cite;Baseline_V2;1;0;3;0;1
376;absolute_wordcount;Baseline_V2;15.0;0;52.0;0;17.0
376;position_adjusted_wordcount;Baseline_V2;11.682;0;33.49;0;8.7281
376;impression_pos_count_simple;Baseline_V2;0.7788;0;1.9338;0;0.5134
376;rvs_sentiment;Baseline_V2;0.0;0;12.5673;0;4.0044
376;rouge_l_recall;Baseline_V2;0.0524;0.0014;0.0707;0.024;0.047
376;bleu;Baseline_V2;0.0;0.0;0.0007;0.0;0.0
376;length_ratio;Baseline_V2;0.2338;0.0314;0.176;0.0576;0.1505
376;perplexity_qwen;Baseline_V2;-8.4238;-1.2497;-4.6124;-6.3174;-9.8226
377;chat_cite;Baseline_V2;1;1;1;1;0
377;sentence_cite;Baseline_V2;5;4;4;5;0
377;absolute_wordcount;Baseline_V2;35.0;30.0;27.5;38.5;0
377;position_adjusted_wordcount;Baseline_V2;25.1776;17.4413;17.6813;19.1806;0
377;impression_pos_count_simple;Baseline_V2;2.1767;1.4428;1.8988;1.7677;0
377;rvs_sentiment;Baseline_V2;8.3615;7.3519;-11.0439;-7.8133;0
377;rouge_l_recall;Baseline_V2;0.1174;0.0286;0.0415;0.0417;0.0476
377;bleu;Baseline_V2;0.0;0.0;0.0;0.0001;0.0
377;length_ratio;Baseline_V2;0.4828;0.0668;0.1174;0.1327;0.1929
377;perplexity_qwen;Baseline_V2;-15.3325;-8.5498;-14.7555;-13.023;-24.5832
378;chat_cite;Baseline_V2;1;1;1;1;1
378;sentence_cite;Baseline_V2;5;2;4;2;1
378;absolute_wordcount;Baseline_V2;80.0;28.0;78.0;41.0;19.0
378;position_adjusted_wordcount;Baseline_V2;59.1145;15.9347;45.2969;19.7614;7.2439
378;impression_pos_count_simple;Baseline_V2;3.659;1.1588;2.2506;0.9598;0.3813
378;rvs_sentiment;Baseline_V2;15.4764;-6.2092;10.2965;7.0423;1.979
378;rouge_l_recall;Baseline_V2;0.0734;0.061;0.0463;0.0495;0.076
378;bleu;Baseline_V2;0.0;0.0;0.0001;0.0002;0.0
378;length_ratio;Baseline_V2;0.2707;0.2577;0.1234;0.1415;0.3129
378;perplexity_qwen;Baseline_V2;-10.1414;-14.3786;-8.5263;-7.1158;-20.5435
379;chat_cite;Baseline_V2;1;1;0;1;1
379;sentence_cite;Baseline_V2;6;3;0;2;2
379;absolute_wordcount;Baseline_V2;102.25;49.25;0;21.25;24.25
379;position_adjusted_wordcount;Baseline_V2;76.6538;29.9281;0;8.2293;11.1743
379;impression_pos_count_simple;Baseline_V2;3.9215;1.4263;0;0.4893;0.5924
379;rvs_sentiment;Baseline_V2;48.1565;26.964;0;11.9952;15.1877
379;rouge_l_recall;Baseline_V2;0.0946;0.0654;0.0816;0.0262;0.0579
379;bleu;Baseline_V2;0.0074;0.0014;0.0;0.0;0.0
379;length_ratio;Baseline_V2;0.3017;0.208;0.3254;0.0658;0.2544
379;perplexity_qwen;Baseline_V2;-13.7358;-14.0675;-7.4776;-9.9537;-7.3706
380;chat_cite;Baseline_V2;1;1;0;0;0
380;sentence_cite;Baseline_V2;3;3;0;0;0
380;absolute_wordcount;Baseline_V2;73.0;54.0;0;0;0
380;position_adjusted_wordcount;Baseline_V2;50.7362;25.2113;0;0;0
380;impression_pos_count_simple;Baseline_V2;2.0462;1.3929;0;0;0
380;rvs_sentiment;Baseline_V2;36.7244;17.7138;0;0;0
380;rouge_l_recall;Baseline_V2;0.0628;0.028;0.0405;0.0569;0.0189
380;bleu;Baseline_V2;0.0004;0.0;0.0;0.0;0.0
380;length_ratio;Baseline_V2;0.1663;0.0627;0.1213;0.185;0.0409
380;perplexity_qwen;Baseline_V2;-7.9064;-5.7944;-8.0216;-9.296;-8.7654
421;chat_cite;Baseline_V2;1;1;1;1;0
421;sentence_cite;Baseline_V2;3;3;3;4;0
421;absolute_wordcount;Baseline_V2;42.0;47.0;34.0;61.0;0
421;position_adjusted_wordcount;Baseline_V2;38.145;37.2659;18.0579;35.8261;0
421;impression_pos_count_simple;Baseline_V2;1.9027;1.6766;1.1542;1.8387;0
421;rvs_sentiment;Baseline_V2;14.3012;9.8587;5.5036;11.7801;0
421;rouge_l_recall;Baseline_V2;0.1084;0.0674;0.0658;0.0728;0.0616
421;bleu;Baseline_V2;0.0;0.0019;0.0;0.0;0.0
421;length_ratio;Baseline_V2;0.4984;0.2545;0.3169;0.2467;0.2494
421;perplexity_qwen;Baseline_V2;-9.7933;-11.4599;-12.5948;-11.0233;-16.9374
422;chat_cite;Baseline_V2;1;0;1;1;1
422;sentence_cite;Baseline_V2;4;0;2;3;2
422;absolute_wordcount;Baseline_V2;47.5;0;23.0;46.5;25.0
422;position_adjusted_wordcount;Baseline_V2;33.0111;0;11.0252;26.1024;16.0164
422;impression_pos_count_simple;Baseline_V2;1.7185;0;0.7098;1.4008;0.9061
422;rvs_sentiment;Baseline_V2;-3.8878;0;0.4715;-4.2849;-3.1069
422;rouge_l_recall;Baseline_V2;0.0573;0.0716;0.052;0.0618;0.0681
422;bleu;Baseline_V2;0.0009;0.0031;0.0003;0.0019;0.0023
422;length_ratio;Baseline_V2;0.1794;0.2621;0.1672;0.2241;0.206
422;perplexity_qwen;Baseline_V2;-10.354;-4.7861;-12.7772;-14.3632;-10.067
423;chat_cite;Baseline_V2;0;0;0;0;0
423;sentence_cite;Baseline_V2;0;0;0;0;0
423;absolute_wordcount;Baseline_V2;0;0;0;0;0
423;position_adjusted_wordcount;Baseline_V2;0;0;0;0;0
423;impression_pos_count_simple;Baseline_V2;0;0;0;0;0
423;rvs_sentiment;Baseline_V2;0;0;0;0;0
423;rouge_l_recall;Baseline_V2;0.25;0.0218;0.0558;0.0278;0.0131
423;bleu;Baseline_V2;0.0;0.0;0.0;0.0;0
423;length_ratio;Baseline_V2;16.8333;0.0441;0.2367;0.1248;0.9469
423;perplexity_qwen;Baseline_V2;-38.593;-11.7196;-4.6002;-17.7973;-86.9356
424;chat_cite;Baseline_V2;0;0;0;0;0
424;sentence_cite;Baseline_V2;0;0;0;0;0
424;absolute_wordcount;Baseline_V2;0;0;0;0;0
424;position_adjusted_wordcount;Baseline_V2;0;0;0;0;0
424;impression_pos_count_simple;Baseline_V2;0;0;0;0;0
424;rvs_sentiment;Baseline_V2;0;0;0;0;0
424;rouge_l_recall;Baseline_V2;0.0881;0.064;0.0948;0.0775;0.062
424;bleu;Baseline_V2;0.0047;0.0013;0.0;0.0;0.0
424;length_ratio;Baseline_V2;0.335;0.26;0.3571;0.269;0.2768
424;perplexity_qwen;Baseline_V2;-5.9749;-22.0109;-12.3149;-7.1231;-16.4315
425;chat_cite;Baseline_V2;1;1;0;1;0
425;sentence_cite;Baseline_V2;4;1;0;1;0
425;absolute_wordcount;Baseline_V2;60.0;19.0;0;17.0;0
425;position_adjusted_wordcount;Baseline_V2;35.4156;7.8624;0;8.9009;0
425;impression_pos_count_simple;Baseline_V2;2.442;0.4138;0;0.5236;0
425;rvs_sentiment;Baseline_V2;16.7256;4.0145;0;0.0;0
425;rouge_l_recall;Baseline_V2;0.123;0.0529;0.0538;0.086;0.1915
425;bleu;Baseline_V2;0.021;0.0;0.0;0.0;0.0
425;length_ratio;Baseline_V2;0.3191;0.1939;0.2527;0.474;5.5435
425;perplexity_qwen;Baseline_V2;-6.1926;-13.2426;-17.8784;-14.5627;-10.0157
426;chat_cite;Baseline_V2;1;1;1;1;1
426;sentence_cite;Baseline_V2;7;3;6;2;1
426;absolute_wordcount;Baseline_V2;46.6667;12.1667;31.6667;18.0;7.5
426;position_adjusted_wordcount;Baseline_V2;27.9052;5.8434;17.9952;8.3372;4.549
426;impression_pos_count_simple;Baseline_V2;2.308;0.5725;1.5279;0.4489;0.3033
426;rvs_sentiment;Baseline_V2;-1.0286;6.0106;-0.1273;3.1448;2.2745
426;rouge_l_recall;Baseline_V2;0.0386;0.0541;0.0196;0.061;0.0519
426;bleu;Baseline_V2;0.0;0.0;0.0;0.0;0.0003
426;length_ratio;Baseline_V2;0.1137;0.2675;0.0512;0.3175;0.1647
426;perplexity_qwen;Baseline_V2;-10.6537;-9.8809;-10.8866;-15.3664;-4.9685
427;chat_cite;Baseline_V2;0;0;0;0;0
427;sentence_cite;Baseline_V2;0;0;0;0;0
427;absolute_wordcount;Baseline_V2;0;0;0;0;0
427;position_adjusted_wordcount;Baseline_V2;0;0;0;0;0
427;impression_pos_count_simple;Baseline_V2;0;0;0;0;0
427;rvs_sentiment;Baseline_V2;0;0;0;0;0
427;rouge_l_recall;Baseline_V2;0.0294;0.049;0.0272;0.0505;0.0177
427;bleu;Baseline_V2;0.0;0.0;0.0;0.0002;0.0
427;length_ratio;Baseline_V2;0.0899;0.2358;0.0634;0.1568;0.0536
427;perplexity_qwen;Baseline_V2;-11.4987;-6.3808;-10.2821;-7.3271;-6.6895
428;chat_cite;Baseline_V2;1;1;1;1;1
428;sentence_cite;Baseline_V2;2;1;5;1;1
428;absolute_wordcount;Baseline_V2;27.0;22.0;80.0;15.0;19.0
428;position_adjusted_wordcount;Baseline_V2;15.2414;9.6757;46.4077;12.1068;11.1198
428;impression_pos_count_simple;Baseline_V2;1.0676;0.4398;2.8643;0.8071;0.5853
428;rvs_sentiment;Baseline_V2;5.0939;3.4948;18.4914;8.4784;3.7807
428;rouge_l_recall;Baseline_V2;0.1148;0.0754;0.0723;0.1013;0.1233
428;bleu;Baseline_V2;0.0131;0.0;0.0028;0.0;0.0147
428;length_ratio;Baseline_V2;0.6829;0.3627;0.247;0.6829;0.4547
428;perplexity_qwen;Baseline_V2;-13.4473;-9.9162;-7.7618;-10.9384;-4.7297
429;chat_cite;Baseline_V2;1;0;1;1;0
429;sentence_cite;Baseline_V2;5;0;2;2;0
429;absolute_wordcount;Baseline_V2;132.0;0;48.0;41.0;0
429;position_adjusted_wordcount;Baseline_V2;92.1702;0;28.19;19.5566;0
429;impression_pos_count_simple;Baseline_V2;3.5413;0;1.1553;0.9459;0
429;rvs_sentiment;Baseline_V2;57.5976;0;11.8861;13.7338;0
429;rouge_l_recall;Baseline_V2;0.0635;0.0673;0.0543;0.0475;0
429;bleu;Baseline_V2;0.0;0.0023;0.0;0.0003;0
429;length_ratio;Baseline_V2;0.2421;0.2894;0.2221;0.1617;0.0
429;perplexity_qwen;Baseline_V2;-14.9639;-17.8784;-13.2426;-11.5368;0.0
430;chat_cite;Baseline_V2;1;1;0;1;1
430;sentence_cite;Baseline_V2;3;3;0;4;1
430;absolute_wordcount;Baseline_V2;28.5;28.5;0;52.0;18.0
430;position_adjusted_wordcount;Baseline_V2;21.6784;21.6784;0;26.0615;7.6387
430;impression_pos_count_simple;Baseline_V2;1.1349;1.1349;0;1.9647;0.4244
430;rvs_sentiment;Baseline_V2;17.5927;17.5927;0;1.9714;2.9165
430;rouge_l_recall;Baseline_V2;0.0944;0.0937;0.0988;0.0798;0.0823
430;bleu;Baseline_V2;0.0069;0.009;0.0;0.0027;0.0
430;length_ratio;Baseline_V2;0.3694;0.4238;0.4909;0.2755;0.3364
430;perplexity_qwen;Baseline_V2;-14.9134;-10.9181;-16.0369;-11.3949;-18.1307
431;chat_cite;Baseline_V2;1;1;1;1;0
431;sentence_cite;Baseline_V2;4;1;3;4;0
431;absolute_wordcount;Baseline_V2;43.0;19.0;28.0;66.0;0
431;position_adjusted_wordcount;Baseline_V2;26.4301;11.1901;19.847;39.7055;0
431;impression_pos_count_simple;Baseline_V2;1.4859;0.589;1.047;2.3389;0
431;rvs_sentiment;Baseline_V2;25.2482;9.0931;29.1053;7.4809;0
431;rouge_l_recall;Baseline_V2;0.0279;0.0366;0.068;0.0213;0.0272
431;bleu;Baseline_V2;0.0;0.0;0.0;0.0;0.0
431;length_ratio;Baseline_V2;0.0643;0.1257;0.2555;0.049;0.0815
431;perplexity_qwen;Baseline_V2;-7.2607;-6.1805;-10.6724;-13.8766;-9.8565
432;chat_cite;Baseline_V2;1;1;1;1;1
432;sentence_cite;Baseline_V2;2;4;3;2;2
432;absolute_wordcount;Baseline_V2;25.5;41.5;28.5;29.5;10.0
432;position_adjusted_wordcount;Baseline_V2;21.7038;32.5659;16.3149;20.6789;5.5287
432;impression_pos_count_simple;Baseline_V2;1.2268;2.2703;1.2282;1.0909;0.5394
432;rvs_sentiment;Baseline_V2;-5.2648;3.2648;-0.1959;-13.5401;-1.9904
432;rouge_l_recall;Baseline_V2;0.063;0.0447;0.0533;0.0738;0.0866
432;bleu;Baseline_V2;0.0029;0.0003;0.0002;0.0;0.0064
432;length_ratio;Baseline_V2;0.2378;0.1579;0.1511;0.3402;0.4403
432;perplexity_qwen;Baseline_V2;-8.4727;-7.6341;-9.2001;-11.3209;-8.9973
433;chat_cite;Baseline_V2;1;1;1;0;1
433;sentence_cite;Baseline_V2;1;6;2;0;4
433;absolute_wordcount;Baseline_V2;6.0;55.0;24.0;0;63.0
433;position_adjusted_wordcount;Baseline_V2;2.2073;34.791;10.2061;0;36.6736
433;impression_pos_count_simple;Baseline_V2;0.1226;3.3975;0.864;0;2.0392
433;rvs_sentiment;Baseline_V2;3.4877;-3.1123;0.7018;0;6.3348
433;rouge_l_recall;Baseline_V2;0.0626;0.0633;0.1299;0.2353;0.0494
433;bleu;Baseline_V2;0.0;0.0;0.0;0.0;0.0
433;length_ratio;Baseline_V2;0.2989;0.291;0.6098;4.2626;0.1902
433;perplexity_qwen;Baseline_V2;-7.779;-11.24;-4.8879;-13.1584;-9.9313
434;chat_cite;Baseline_V2;1;1;1;1;0
434;sentence_cite;Baseline_V2;2;3;1;3;0
434;absolute_wordcount;Baseline_V2;37.0;58.0;17.0;51.0;0
434;position_adjusted_wordcount;Baseline_V2;27.5255;40.5521;8.7281;27.4381;0
434;impression_pos_count_simple;Baseline_V2;1.4781;2.1123;0.5134;1.651;0
434;rvs_sentiment;Baseline_V2;-2.2731;11.1624;4.3108;11.281;0
434;rouge_l_recall;Baseline_V2;0.0671;0.1066;0.0897;0.0932;0.0407
434;bleu;Baseline_V2;0.0022;0.0;0.0143;0.0;0
434;length_ratio;Baseline_V2;0.2294;0.4443;0.3524;0.3776;4.2459
434;perplexity_qwen;Baseline_V2;-10.7218;-11.9251;-13.9704;-10.7768;-57.8665
435;chat_cite;Baseline_V2;1;1;1;1;1
435;sentence_cite;Baseline_V2;7;5;5;9;5
435;absolute_wordcount;Baseline_V2;44.0;38.1667;34.8333;65.5;47.5
435;position_adjusted_wordcount;Baseline_V2;26.9423;22.7315;19.2325;39.0172;24.2531
435;impression_pos_count_simple;Baseline_V2;1.7579;1.1747;1.1006;2.3728;1.2206
435;rvs_sentiment;Baseline_V2;-22.9909;-14.6115;-17.9454;-33.6433;-12.9026
435;rouge_l_recall;Baseline_V2;0.0938;0.0521;0.0552;0.0406;0.2059
435;bleu;Baseline_V2;0.0;0.0;0.0;0.0;0.0
435;length_ratio;Baseline_V2;0.5014;0.1754;0.2545;0.1167;3.7273
435;perplexity_qwen;Baseline_V2;-17.6709;-7.5694;-11.24;-15.3154;-13.1584
436;chat_cite;Baseline_V2;1;1;1;1;0
436;sentence_cite;Baseline_V2;6;2;3;4;0
436;absolute_wordcount;Baseline_V2;40.1667;13.0;19.1667;25.6667;0
436;position_adjusted_wordcount;Baseline_V2;30.1722;6.0632;15.7387;16.3127;0
436;impression_pos_count_simple;Baseline_V2;1.9734;0.4715;1.0374;1.0762;0
436;rvs_sentiment;Baseline_V2;-29.2403;-2.2802;-14.48;-7.911;0
436;rouge_l_recall;Baseline_V2;0.053;0.0658;0.0778;0.0493;0.054
436;bleu;Baseline_V2;0.0001;0.0022;0.0;0.0001;0.0009
436;length_ratio;Baseline_V2;0.1324;0.2206;0.3156;0.1402;0.2036
436;perplexity_qwen;Baseline_V2;-13.3609;-8.4727;-11.3209;-9.2001;-11.4416
437;chat_cite;Baseline_V2;1;1;1;1;1
437;sentence_cite;Baseline_V2;3;3;4;5;5
437;absolute_wordcount;Baseline_V2;33.5;30.0;32.0;51.5;39.0
437;position_adjusted_wordcount;Baseline_V2;21.4762;20.0375;20.497;30.8463;20.3041
437;impression_pos_count_simple;Baseline_V2;1.5424;1.8568;1.7558;2.2901;1.8334
437;rvs_sentiment;Baseline_V2;-1.8732;5.3108;2.2347;2.4749;-0.0708
437;rouge_l_recall;Baseline_V2;0.1279;0.0853;0.0556;0.0938;0.0753
437;bleu;Baseline_V2;0.0505;0.0067;0.0007;0.0071;0.0044
437;length_ratio;Baseline_V2;0.5756;0.3761;0.2012;0.3899;0.2565
437;perplexity_qwen;Baseline_V2;-8.9973;-8.6064;-8.9862;-7.7733;-9.8122
438;chat_cite;Baseline_V2;1;1;1;1;0
438;sentence_cite;Baseline_V2;4;4;2;1;0
438;absolute_wordcount;Baseline_V2;67.0;79.0;48.0;20.0;0
438;position_adjusted_wordcount;Baseline_V2;44.3798;42.7958;28.3725;15.0295;0
438;impression_pos_count_simple;Baseline_V2;2.6155;2.0915;1.2125;0.7515;0
438;rvs_sentiment;Baseline_V2;-15.6216;-23.2337;1.3386;-13.3538;0
438;rouge_l_recall;Baseline_V2;0.0546;0.0682;0.0412;0.0341;0.0859
438;bleu;Baseline_V2;0.0;0.0;0.0001;0.0;0.0
438;length_ratio;Baseline_V2;0.2078;0.288;0.1363;0.121;0.372
438;perplexity_qwen;Baseline_V2;-13.6693;-16.1596;-7.8992;-10.9087;-17.7827
439;chat_cite;Baseline_V2;1;0;1;1;0
439;sentence_cite;Baseline_V2;4;0;4;6;0
439;absolute_wordcount;Baseline_V2;60.0;0;73.0;91.0;0
439;position_adjusted_wordcount;Baseline_V2;47.4179;0;47.6059;56.2463;0
439;impression_pos_count_simple;Baseline_V2;1.9799;0;2.2652;3.0397;0
439;rvs_sentiment;Baseline_V2;22.9628;0;25.2009;0.0629;0
439;rouge_l_recall;Baseline_V2;0.0484;0.0785;0.0587;0.0404;0.0722
439;bleu;Baseline_V2;0.0001;0.0;0.0;0.0;0.0
439;length_ratio;Baseline_V2;0.1352;0.3318;0.1999;0.1276;0.3166
439;perplexity_qwen;Baseline_V2;-9.2001;-5.0975;-11.8821;-13.3609;-6.0442
440;chat_cite;Baseline_V2;1;1;0;1;0
440;sentence_cite;Baseline_V2;1;7;0;1;0
440;absolute_wordcount;Baseline_V2;13.0;100.0;0;12.0;0
440;position_adjusted_wordcount;Baseline_V2;9.4571;62.5306;0;5.2948;0
440;impression_pos_count_simple;Baseline_V2;0.7275;4.2224;0;0.4412;0
440;rvs_sentiment;Baseline_V2;-2.3643;8.2841;0;0.0;0
440;rouge_l_recall;Baseline_V2;0.2111;0.0232;0.1218;0.0232;0.0362
440;bleu;Baseline_V2;0.0;0.0;0.0;0.0;0.0
440;length_ratio;Baseline_V2;1.736;0.0466;2.131;0.076;0.1645
440;perplexity_qwen;Baseline_V2;-22.9137;-9.3986;-7.1204;-13.7882;-9.5545
381;chat_cite;Baseline_V2;1;0;1;1;1
381;sentence_cite;Baseline_V2;4;0;1;1;1
381;absolute_wordcount;Baseline_V2;65.0;0;29.0;22.0;19.0
381;position_adjusted_wordcount;Baseline_V2;42.3069;0;13.9289;9.8852;7.9867
381;impression_pos_count_simple;Baseline_V2;2.65;0;0.4803;0.4493;0.4204
381;rvs_sentiment;Baseline_V2;24.4773;0;11.3882;0.0;2.7155
381;rouge_l_recall;Baseline_V2;0.0635;0.0239;0.0324;0.0593;0.0313
381;bleu;Baseline_V2;0.0004;0.0;0.0;0.0004;0.0
381;length_ratio;Baseline_V2;0.1547;0.0678;0.0947;0.1834;0.0736
381;perplexity_qwen;Baseline_V2;-5.7871;-11.4847;-6.4843;-10.5683;-7.1008
382;chat_cite;Baseline_V2;0;0;0;0;0
382;sentence_cite;Baseline_V2;0;0;0;0;0
382;absolute_wordcount;Baseline_V2;0;0;0;0;0
382;position_adjusted_wordcount;Baseline_V2;0;0;0;0;0
382;impression_pos_count_simple;Baseline_V2;0;0;0;0;0
382;rvs_sentiment;Baseline_V2;0;0;0;0;0
382;rouge_l_recall;Baseline_V2;0.0787;0.0136;0.0145;0.014;0.0079
382;bleu;Baseline_V2;0.0;0.0;0.0;0.0;0.0
382;length_ratio;Baseline_V2;1.0952;0.0203;0.0332;0.0365;0.0193
382;perplexity_qwen;Baseline_V2;-20.9701;-10.0016;-5.6635;-9.2156;-5.9025
383;chat_cite;Baseline_V2;1;1;1;1;0
383;sentence_cite;Baseline_V2;8;3;5;2;0
383;absolute_wordcount;Baseline_V2;117.5;31.5;68.5;30.5;0
383;position_adjusted_wordcount;Baseline_V2;81.6271;21.1603;30.0736;14.8663;0
383;impression_pos_count_simple;Baseline_V2;4.8729;1.3293;1.9963;0.7317;0
383;rvs_sentiment;Baseline_V2;18.3063;-5.4405;0.2896;8.2697;0
383;rouge_l_recall;Baseline_V2;0.1013;0.1709;0.0577;0.0987;0.135
383;bleu;Baseline_V2;0.0142;0.0227;0.0011;0.0094;0.0
383;length_ratio;Baseline_V2;0.4305;1.0245;0.2134;0.6391;1.1909
383;perplexity_qwen;Baseline_V2;-10.9279;-16.6538;-9.9521;-6.6684;-10.9139
384;chat_cite;Baseline_V2;1;0;0;1;1
384;sentence_cite;Baseline_V2;1;0;0;1;2
384;absolute_wordcount;Baseline_V2;19.0;0;0;27.0;36.0
384;position_adjusted_wordcount;Baseline_V2;16.0832;0;0;11.7342;22.6194
384;impression_pos_count_simple;Baseline_V2;0.8465;0;0;0.4346;1.2173
384;rvs_sentiment;Baseline_V2;-10.7838;0;0;-3.9896;-6.463
384;rouge_l_recall;Baseline_V2;0.1646;0.0848;0.124;0.0747;0.0651
384;bleu;Baseline_V2;0.0;0.0076;0.024;0.0034;0.0035
384;length_ratio;Baseline_V2;1.0744;0.372;0.7407;0.2579;0.287
384;perplexity_qwen;Baseline_V2;-11.4224;-11.3501;-10.9139;-13.4959;-10.6409
385;chat_cite;Baseline_V2;1;1;1;1;0
385;sentence_cite;Baseline_V2;5;3;3;2;0
385;absolute_wordcount;Baseline_V2;97.5;53.0;67.0;32.5;0
385;position_adjusted_wordcount;Baseline_V2;69.99;33.9332;37.479;14.9204;0
385;impression_pos_count_simple;Baseline_V2;3.1867;1.8823;1.6893;0.6905;0
385;rvs_sentiment;Baseline_V2;29.9034;8.955;16.0151;8.6422;0
385;rouge_l_recall;Baseline_V2;0.1601;0.0449;0.0622;0.0503;0.0877
385;bleu;Baseline_V2;0.0419;0.0;0.0016;0.0003;0.0083
385;length_ratio;Baseline_V2;0.6502;0.1206;0.2286;0.1697;0.451
385;perplexity_qwen;Baseline_V2;-11.0971;-5.9291;-13.3007;-8.2962;-8.0393
386;chat_cite;Baseline_V2;1;1;1;1;1
386;sentence_cite;Baseline_V2;1;3;1;3;2
386;absolute_wordcount;Baseline_V2;21.0;55.0;19.0;43.0;27.0
386;position_adjusted_wordcount;Baseline_V2;14.0767;47.0939;8.1209;26.7606;14.5798
386;impression_pos_count_simple;Baseline_V2;0.6703;2.5488;0.4274;1.8117;1.087
386;rvs_sentiment;Baseline_V2;-4.4792;13.6186;2.9333;0.5546;4.094
386;rouge_l_recall;Baseline_V2;0.0692;0.0897;0.0155;0.0557;0.0332
386;bleu;Baseline_V2;0.0026;0.0071;0.0;0.0;0.0
386;length_ratio;Baseline_V2;0.2973;0.3727;0.0435;0.1916;0.1009
386;perplexity_qwen;Baseline_V2;-17.8784;-7.8182;-8.4257;-15.126;-12.0967
387;chat_cite;Baseline_V2;1;1;1;1;0
387;sentence_cite;Baseline_V2;2;1;1;3;0
387;absolute_wordcount;Baseline_V2;26.5;9.5;12.0;55.0;0
387;position_adjusted_wordcount;Baseline_V2;17.4607;5.481;5.3919;30.7214;0
387;impression_pos_count_simple;Baseline_V2;0.9932;0.2885;0.4493;1.6915;0
387;rvs_sentiment;Baseline_V2;8.4911;2.9948;0.0;21.4234;0
387;rouge_l_recall;Baseline_V2;0.0476;0.0498;0.0428;0.0497;0.0409
387;bleu;Baseline_V2;0.0002;0.0003;0.0001;0.0;0.0
387;length_ratio;Baseline_V2;0.1483;0.1591;0.1225;0.1741;0.1131
387;perplexity_qwen;Baseline_V2;-12.7772;-10.354;-9.6189;-11.9286;-6.505
388;chat_cite;Baseline_V2;1;0;1;1;0
388;sentence_cite;Baseline_V2;2;0;1;1;0
388;absolute_wordcount;Baseline_V2;28.0;0;19.0;20.0;0
388;position_adjusted_wordcount;Baseline_V2;16.8964;0;8.804;12.6063;0
388;impression_pos_count_simple;Baseline_V2;1.1811;0;0.4634;0.6303;0
388;rvs_sentiment;Baseline_V2;3.3472;0;-2.606;0.0;0
388;rouge_l_recall;Baseline_V2;0.015;0.0573;0.0749;0.0534;0.0452
388;bleu;Baseline_V2;0.0;0.0004;0.0042;0.0002;0.0001
388;length_ratio;Baseline_V2;0.0289;0.1443;0.3591;0.1285;0.1286
388;perplexity_qwen;Baseline_V2;-8.4614;-4.5779;-13.114;-10.067;-13.5348
389;chat_cite;Baseline_V2;1;1;1;0;0
389;sentence_cite;Baseline_V2;7;5;2;0;0
389;absolute_wordcount;Baseline_V2;122.5;81.5;30.0;0;0
389;position_adjusted_wordcount;Baseline_V2;79.3487;42.6197;18.7649;0;0
389;impression_pos_count_simple;Baseline_V2;4.1491;2.3804;1.2014;0;0
389;rvs_sentiment;Baseline_V2;30.0627;17.5914;-2.7381;0;0
389;rouge_l_recall;Baseline_V2;0.0288;0.0517;0.0459;0.046;0.0481
389;bleu;Baseline_V2;0.0;0.0;0.0;0.0;0.0
389;length_ratio;Baseline_V2;0.0821;0.2475;0.1984;0.2189;0.1992
389;perplexity_qwen;Baseline_V2;-9.0873;-27.1067;-9.1235;-12.4721;-6.6308
390;chat_cite;Baseline_V2;1;0;1;0;0
390;sentence_cite;Baseline_V2;2;0;2;0;0
390;absolute_wordcount;Baseline_V2;45.0;0;42.0;0;0
390;position_adjusted_wordcount;Baseline_V2;31.9269;0;20.961;0;0
390;impression_pos_count_simple;Baseline_V2;1.4111;0;0.9981;0;0
390;rvs_sentiment;Baseline_V2;22.6045;0;15.9269;0;0
390;rouge_l_recall;Baseline_V2;0.0703;0.0246;0.0257;0.0137;0.0609
390;bleu;Baseline_V2;0.0003;0.0;0.0;0.0;0.0
390;length_ratio;Baseline_V2;0.1382;0.0568;0.0613;0.0311;0.2468
390;perplexity_qwen;Baseline_V2;-4.069;-7.1128;-13.3471;-11.5186;-8.4238
391;chat_cite;Baseline_V2;1;1;1;0;0
391;sentence_cite;Baseline_V2;3;4;2;0;0
391;absolute_wordcount;Baseline_V2;46.0;61.0;24.0;0;0
391;position_adjusted_wordcount;Baseline_V2;24.2437;34.4726;11.172;0;0
391;impression_pos_count_simple;Baseline_V2;1.2281;1.8839;0.6283;0;0
391;rvs_sentiment;Baseline_V2;8.8937;18.3705;6.361;0;0
391;rouge_l_recall;Baseline_V2;0.0869;0.0766;0.0627;0.0958;0.1096
391;bleu;Baseline_V2;0.0118;0.0039;0.0;0.0136;0.013
391;length_ratio;Baseline_V2;0.4214;0.2365;0.3302;0.3638;0.6824
391;perplexity_qwen;Baseline_V2;-16.0369;-11.3949;-20.8501;-10.9181;-17.7107
392;chat_cite;Baseline_V2;0;0;0;0;0
392;sentence_cite;Baseline_V2;0;0;0;0;0
392;absolute_wordcount;Baseline_V2;0;0;0;0;0
392;position_adjusted_wordcount;Baseline_V2;0;0;0;0;0
392;impression_pos_count_simple;Baseline_V2;0;0;0;0;0
392;rvs_sentiment;Baseline_V2;0;0;0;0;0
392;rouge_l_recall;Baseline_V2;0.0865;0.0188;0.0161;0.0397;0.0305
392;bleu;Baseline_V2;0.0;0.0;0.0;0.0;0.0
392;length_ratio;Baseline_V2;0.2885;0.0439;0.0425;0.1383;0.108
392;perplexity_qwen;Baseline_V2;-14.0554;-20.317;-7.8433;-9.271;-3.9271
393;chat_cite;Baseline_V2;1;1;1;1;0
393;sentence_cite;Baseline_V2;6;3;2;2;0
393;absolute_wordcount;Baseline_V2;76.0;44.0;36.0;26.0;0
393;position_adjusted_wordcount;Baseline_V2;41.4482;27.0139;24.8979;12.4614;0
393;impression_pos_count_simple;Baseline_V2;3.4514;1.8997;1.3913;0.9586;0
393;rvs_sentiment;Baseline_V2;9.7811;-5.2665;1.0087;-4.1235;0
393;rouge_l_recall;Baseline_V2;0.0885;0.0834;0.0729;0.0579;0.1378
393;bleu;Baseline_V2;0.0054;0.0051;0.0;0.0007;0.0189
393;length_ratio;Baseline_V2;0.2479;0.3457;0.2491;0.2015;0.5644
393;perplexity_qwen;Baseline_V2;-8.4727;-8.0048;-7.3787;-7.9646;-5.7019
394;chat_cite;Baseline_V2;1;1;1;1;0
394;sentence_cite;Baseline_V2;3;2;3;1;0
394;absolute_wordcount;Baseline_V2;59.0;37.0;57.0;14.0;0
394;position_adjusted_wordcount;Baseline_V2;34.7571;21.3236;34.1942;7.7405;0
394;impression_pos_count_simple;Baseline_V2;1.8103;1.1248;1.8732;0.5529;0
394;rvs_sentiment;Baseline_V2;15.1657;7.2805;11.1968;0.1997;0
394;rouge_l_recall;Baseline_V2;0.1455;0.1324;0.14;0.0538;0.0568
394;bleu;Baseline_V2;0.0527;0.0394;0.0283;0.0007;0.0
394;length_ratio;Baseline_V2;0.6541;0.7025;0.7219;0.1724;0.2543
394;perplexity_qwen;Baseline_V2;-14.9308;-15.1697;-8.5655;-9.6189;-12.4763
395;chat_cite;Baseline_V2;1;1;1;1;1
395;sentence_cite;Baseline_V2;2;1;1;1;2
395;absolute_wordcount;Baseline_V2;33.5;23.0;12.5;13.5;44.5
395;position_adjusted_wordcount;Baseline_V2;23.0785;15.4174;5.0821;6.7039;24.4911
395;impression_pos_count_simple;Baseline_V2;1.067;0.6703;0.2033;0.2483;0.8098
395;rvs_sentiment;Baseline_V2;18.6213;4.5635;6.5925;7.4735;16.1786
395;rouge_l_recall;Baseline_V2;0.0831;0.0494;0.0376;0.0583;0.0396
395;bleu;Baseline_V2;0.0;0.0;0.0;0.0;0.0
395;length_ratio;Baseline_V2;0.3268;0.1486;0.0967;0.1626;0.0941
395;perplexity_qwen;Baseline_V2;-17.8104;-16.9078;-8.7674;-8.3249;-7.8436
396;chat_cite;Baseline_V2;0;1;1;1;0
396;sentence_cite;Baseline_V2;0;3;2;1;0
396;absolute_wordcount;Baseline_V2;0;39.0;35.0;6.0;0
396;position_adjusted_wordcount;Baseline_V2;0;26.8171;22.2848;3.017;0
396;impression_pos_count_simple;Baseline_V2;0;1.9273;1.2522;0.5028;0
396;rvs_sentiment;Baseline_V2;0;15.9362;12.208;-0.8242;0
396;rouge_l_recall;Baseline_V2;0.1475;0.0412;0.0425;0.0296;0.037
396;bleu;Baseline_V2;0.0;0.0;0.0;0.0;0.0
396;length_ratio;Baseline_V2;1.7478;0.0821;0.1113;0.0685;0.1061
396;perplexity_qwen;Baseline_V2;-17.6846;-10.5166;-7.2884;-8.3101;-8.6533
397;chat_cite;Baseline_V2;0;0;0;0;0
397;sentence_cite;Baseline_V2;0;0;0;0;0
397;absolute_wordcount;Baseline_V2;0;0;0;0;0
397;position_adjusted_wordcount;Baseline_V2;0;0;0;0;0
397;impression_pos_count_simple;Baseline_V2;0;0;0;0;0
397;rvs_sentiment;Baseline_V2;0;0;0;0;0
397;rouge_l_recall;Baseline_V2;0.0242;0.0452;0.051;0.0136;0.0414
397;bleu;Baseline_V2;0.0;0.0001;0.0;0.0;0.0
397;length_ratio;Baseline_V2;0.066;0.1373;0.2287;0.0331;0.1252
397;perplexity_qwen;Baseline_V2;-12.0295;-8.3005;-19.7858;-13.8958;-18.6037
398;chat_cite;Baseline_V2;1;1;1;1;0
398;sentence_cite;Baseline_V2;4;2;2;1;0
398;absolute_wordcount;Baseline_V2;38.0;8.0;14.5;3.5;0
398;position_adjusted_wordcount;Baseline_V2;26.3419;3.4913;5.5409;1.6291;0
398;impression_pos_count_simple;Baseline_V2;2.6729;0.4396;0.5748;0.2327;0
398;rvs_sentiment;Baseline_V2;9.7752;2.4569;4.0075;0.0;0
398;rouge_l_recall;Baseline_V2;0.0315;0.0824;0.0653;0.0735;0.0802
398;bleu;Baseline_V2;0.0;0.0;0.0007;0.0;0.0
398;length_ratio;Baseline_V2;0.0591;0.2807;0.2124;0.2111;0.3286
398;perplexity_qwen;Baseline_V2;-7.9373;-14.7608;-11.3697;-5.9605;-5.9387
399;chat_cite;Baseline_V2;1;1;0;1;1
399;sentence_cite;Baseline_V2;2;1;0;2;3
399;absolute_wordcount;Baseline_V2;42.0;10.5;0;27.5;33.0
399;position_adjusted_wordcount;Baseline_V2;29.1298;6.6647;0;14.9267;20.8742
399;impression_pos_count_simple;Baseline_V2;1.275;0.3174;0;0.8212;1.3203
399;rvs_sentiment;Baseline_V2;20.9858;5.6184;0;8.5708;7.7234
399;rouge_l_recall;Baseline_V2;0.0261;0.0264;0.0313;0.0234;0.0195
399;bleu;Baseline_V2;0.0;0.0;0.0;0.0;0.0
399;length_ratio;Baseline_V2;0.0638;0.0611;0.0892;0.0537;0.0383
399;perplexity_qwen;Baseline_V2;-6.6203;-8.8553;-4.1856;-14.0561;-10.7925
400;chat_cite;Baseline_V2;1;1;1;1;1
400;sentence_cite;Baseline_V2;5;3;2;3;2
400;absolute_wordcount;Baseline_V2;42.5;21.0;16.0;24.0;10.5
400;position_adjusted_wordcount;Baseline_V2;32.6413;13.3537;8.427;10.4627;6.8444
400;impression_pos_count_simple;Baseline_V2;2.992;1.2805;0.7878;1.0813;0.6498
400;rvs_sentiment;Baseline_V2;-11.8465;-6.7662;0.0552;-0.7583;3.1259
400;rouge_l_recall;Baseline_V2;0.0466;0.095;0.0698;0.038;0.0748
400;bleu;Baseline_V2;0.0001;0.0161;0.0032;0.0;0.0
400;length_ratio;Baseline_V2;0.1338;0.3718;0.2423;0.1125;0.3381
400;perplexity_qwen;Baseline_V2;-9.8494;-6.0667;-10.4124;-4.4969;-12.165
441;chat_cite;Baseline_V2;1;1;0;1;0
441;sentence_cite;Baseline_V2;6;2;0;1;0
441;absolute_wordcount;Baseline_V2;110.0;30.0;0;17.0;0
441;position_adjusted_wordcount;Baseline_V2;77.286;13.5457;0;6.9482;0
441;impression_pos_count_simple;Baseline_V2;4.0877;0.9094;0;0.4087;0
441;rvs_sentiment;Baseline_V2;28.4409;3.6019;0;0.8894;0
441;rouge_l_recall;Baseline_V2;0.0735;0.0239;0.0331;0.0261;0.0976
441;bleu;Baseline_V2;0.0013;0.0;0.0;0.0;0.0099
441;length_ratio;Baseline_V2;0.1884;0.0737;0.138;0.0683;0.4434
441;perplexity_qwen;Baseline_V2;-4.6442;-13.3471;-12.0781;-7.1128;-12.9244
442;chat_cite;Baseline_V2;1;1;1;1;1
442;sentence_cite;Baseline_V2;6;3;2;1;1
442;absolute_wordcount;Baseline_V2;99.0;41.0;24.0;12.0;18.0
442;position_adjusted_wordcount;Baseline_V2;75.9989;27.8234;12.4421;9.3456;7.8228
442;impression_pos_count_simple;Baseline_V2;4.025;1.4415;0.6807;0.7788;0.4346
442;rvs_sentiment;Baseline_V2;38.7664;12.5155;9.417;1.4308;3.4451
442;rouge_l_recall;Baseline_V2;0.0512;0.0847;0.0307;0.0808;0.0554
442;bleu;Baseline_V2;0.0002;0.011;0.0;0.0;0.0006
442;length_ratio;Baseline_V2;0.1402;0.3441;0.0668;0.2713;0.164
442;perplexity_qwen;Baseline_V2;-6.034;-11.0778;-8.4951;-8.2738;-6.4186
443;chat_cite;Baseline_V2;0;0;0;0;0
443;sentence_cite;Baseline_V2;0;0;0;0;0
443;absolute_wordcount;Baseline_V2;0;0;0;0;0
443;position_adjusted_wordcount;Baseline_V2;0;0;0;0;0
443;impression_pos_count_simple;Baseline_V2;0;0;0;0;0
443;rvs_sentiment;Baseline_V2;0;0;0;0;0
443;rouge_l_recall;Baseline_V2;0.0966;0.0608;0.0783;0.05;0.0189
443;bleu;Baseline_V2;0.0034;0.0016;0.0039;0.0003;0.0
443;length_ratio;Baseline_V2;0.2455;0.2042;0.3518;0.1563;0.0529
443;perplexity_qwen;Baseline_V2;-6.347;-4.643;-9.3746;-6.0076;-12.2453
444;chat_cite;Baseline_V2;0;0;0;0;0
444;sentence_cite;Baseline_V2;0;0;0;0;0
444;absolute_wordcount;Baseline_V2;0;0;0;0;0
444;position_adjusted_wordcount;Baseline_V2;0;0;0;0;0
444;impression_pos_count_simple;Baseline_V2;0;0;0;0;0
444;rvs_sentiment;Baseline_V2;0;0;0;0;0
444;rouge_l_recall;Baseline_V2;0.0794;0.0928;0.0264;0.0865;0.1703
444;bleu;Baseline_V2;0.0047;0.0;0.0;0.0032;0.0335
444;length_ratio;Baseline_V2;0.276;0.6941;0.0984;0.2014;0.3316
444;perplexity_qwen;Baseline_V2;-8.3932;-9.905;-7.6394;-6.552;-4.8009
445;chat_cite;Baseline_V2;1;1;1;1;0
445;sentence_cite;Baseline_V2;4;3;4;1;0
445;absolute_wordcount;Baseline_V2;60.0;54.0;82.0;15.0;0
445;position_adjusted_wordcount;Baseline_V2;36.3162;31.9998;46.1972;6.0985;0
445;impression_pos_count_simple;Baseline_V2;2.4023;1.7832;2.2373;0.4066;0
445;rvs_sentiment;Baseline_V2;8.5602;12.063;16.3714;4.9862;0
445;rouge_l_recall;Baseline_V2;0.0697;0.0578;0.0572;0.0696;0.0878
445;bleu;Baseline_V2;0.002;0.0005;0.0007;0.0017;0.0064
445;length_ratio;Baseline_V2;0.2121;0.1633;0.1634;0.2146;0.3099
445;perplexity_qwen;Baseline_V2;-10.354;-9.6926;-11.4091;-2.5263;-4.7861
446;chat_cite;Baseline_V2;1;1;1;1;1
446;sentence_cite;Baseline_V2;3;4;5;2;2
446;absolute_wordcount;Baseline_V2;31.0;47.0;71.0;24.0;20.0
446;position_adjusted_wordcount;Baseline_V2;19.1797;27.6378;34.998;13.3167;10.507
446;impression_pos_count_simple;Baseline_V2;1.3751;1.9357;2.0859;0.6658;0.6383
446;rvs_sentiment;Baseline_V2;2.5497;9.0104;14.1209;8.6886;3.9439
446;rouge_l_recall;Baseline_V2;0.0782;0.0886;0.0367;0.079;0.0432
446;bleu;Baseline_V2;0.0;0.0122;0.0;0.0;0.0
446;length_ratio;Baseline_V2;0.3707;0.3481;0.1117;0.4007;0.1552
446;perplexity_qwen;Baseline_V2;-12.7029;-10.9181;-10.4659;-15.3468;-10.0947
447;chat_cite;Baseline_V2;1;1;1;0;0
447;sentence_cite;Baseline_V2;2;5;5;0;0
447;absolute_wordcount;Baseline_V2;45.0;89.0;89.0;0;0
447;position_adjusted_wordcount;Baseline_V2;38.527;57.5294;44.9312;0;0
447;impression_pos_count_simple;Baseline_V2;1.7063;3.1011;2.5644;0;0
447;rvs_sentiment;Baseline_V2;11.4716;-23.7918;4.8799;0;0
447;rouge_l_recall;Baseline_V2;0.0809;0.0463;0.0332;0.0654;0.054
447;bleu;Baseline_V2;0.0;0.0;0.0;0.0;0.0011
447;length_ratio;Baseline_V2;0.4626;0.1615;0.1104;0.3282;0.2041
447;perplexity_qwen;Baseline_V2;-11.0778;-16.4187;-12.0437;-11.1571;-5.8699
448;chat_cite;Baseline_V2;1;1;1;1;1
448;sentence_cite;Baseline_V2;4;3;1;1;2
448;absolute_wordcount;Baseline_V2;88.0;51.0;30.0;21.0;42.0
448;position_adjusted_wordcount;Baseline_V2;60.7225;27.0687;25.0126;9.2659;21.9962
448;impression_pos_count_simple;Baseline_V2;2.712;1.592;0.8338;0.4412;1.063
448;rvs_sentiment;Baseline_V2;8.3425;-5.9555;16.5008;3.9056;10.721
448;rouge_l_recall;Baseline_V2;0.0269;0.0785;0.0579;0.1388;0.0609
448;bleu;Baseline_V2;0.0;0.0077;0.0005;0.0;0.0008
448;length_ratio;Baseline_V2;0.0579;0.3789;0.1671;0.9671;0.1717
448;perplexity_qwen;Baseline_V2;-4.7721;-11.0778;-5.8699;-9.7318;-3.7471
449;chat_cite;Baseline_V2;1;1;1;1;0
449;sentence_cite;Baseline_V2;6;5;2;2;0
449;absolute_wordcount;Baseline_V2;80.0;72.0;17.0;21.0;0
449;position_adjusted_wordcount;Baseline_V2;57.5305;56.8848;7.9352;10.7818;0
449;impression_pos_count_simple;Baseline_V2;3.627;3.2158;0.5587;0.6054;0
449;rvs_sentiment;Baseline_V2;17.1992;-3.5299;4.7564;6.317;0
449;rouge_l_recall;Baseline_V2;0.0762;0.0496;0.0513;0.08;0.0824
449;bleu;Baseline_V2;0.0038;0.0;0.0004;0.0;0.0
449;length_ratio;Baseline_V2;0.2664;0.1684;0.1681;0.4363;0.4794
449;perplexity_qwen;Baseline_V2;-13.2619;-10.2003;-9.8374;-11.1009;-13.9293
450;chat_cite;Baseline_V2;1;1;1;1;1
450;sentence_cite;Baseline_V2;1;1;2;1;1
450;absolute_wordcount;Baseline_V2;19.0;13.0;30.0;28.0;13.0
450;position_adjusted_wordcount;Baseline_V2;15.7516;9.511;17.6447;13.2263;5.7687
450;impression_pos_count_simple;Baseline_V2;0.829;0.7316;1.1763;0.4724;0.4437
450;rvs_sentiment;Baseline_V2;-3.6055;0.0;-2.7646;4.7773;2.8492
450;rouge_l_recall;Baseline_V2;0.0719;0.0616;0.0343;0.1366;0.0702
450;bleu;Baseline_V2;0.0;0.0;0.0;0.0;0.0
450;length_ratio;Baseline_V2;0.26;0.3396;0.0924;1.3676;0.2768
450;perplexity_qwen;Baseline_V2;-8.097;-17.441;-15.4348;-19.3155;-10.6871
451;chat_cite;Baseline_V2;1;1;1;0;1
451;sentence_cite;Baseline_V2;3;1;1;0;2
451;absolute_wordcount;Baseline_V2;53.0;21.0;23.0;0;48.0
451;position_adjusted_wordcount;Baseline_V2;35.4375;10.1991;13.1963;0;24.8474
451;impression_pos_count_simple;Baseline_V2;2.0361;0.4857;0.5738;0;1.066
451;rvs_sentiment;Baseline_V2;18.5201;7.5779;9.116;0;11.963
451;rouge_l_recall;Baseline_V2;0.1513;0.0298;0.1137;0.0569;0.0833
451;bleu;Baseline_V2;0.0475;0.0;0.0;0.0;0.0076
451;length_ratio;Baseline_V2;0.6156;0.0908;0.6136;0.2751;0.4136
451;perplexity_qwen;Baseline_V2;-21.3246;-5.6635;-4.4084;-12.2614;-19.7858
452;chat_cite;Baseline_V2;1;1;1;1;1
452;sentence_cite;Baseline_V2;5;5;3;1;1
452;absolute_wordcount;Baseline_V2;71.0;65.0;34.0;17.0;13.0
452;position_adjusted_wordcount;Baseline_V2;46.9308;37.251;16.965;9.3298;4.9776
452;impression_pos_count_simple;Baseline_V2;3.3538;2.832;1.4998;0.5488;0.3829
452;rvs_sentiment;Baseline_V2;22.055;20.3033;-1.825;6.2556;2.9164
452;rouge_l_recall;Baseline_V2;0.0372;0.0704;0.0376;0.032;0.0415
452;bleu;Baseline_V2;0.0;0.0;0.0;0.0;0.0
452;length_ratio;Baseline_V2;0.1301;0.283;0.1305;0.122;0.1661
452;perplexity_qwen;Baseline_V2;-14.7582;-6.3096;-15.0279;-16.855;-9.9913
453;chat_cite;Baseline_V2;1;1;0;1;1
453;sentence_cite;Baseline_V2;6;3;0;1;4
453;absolute_wordcount;Baseline_V2;88.0;48.0;0;19.0;52.0
453;position_adjusted_wordcount;Baseline_V2;57.8794;26.7655;0;7.9204;31.3722
453;impression_pos_count_simple;Baseline_V2;3.4142;1.2537;0;0.4169;1.9331
453;rvs_sentiment;Baseline_V2;21.8925;16.4134;0;5.8848;15.1495
453;rouge_l_recall;Baseline_V2;0.0931;0.0681;0.1344;0.0375;0.021
453;bleu;Baseline_V2;0.0112;0.0;0.0;0.0;0.0
453;length_ratio;Baseline_V2;0.4236;0.2658;0.9118;0.1227;0.0513
453;perplexity_qwen;Baseline_V2;-19.5532;-9.7146;-10.1416;-6.7358;-7.9367
454;chat_cite;Baseline_V2;1;1;1;1;0
454;sentence_cite;Baseline_V2;5;3;1;1;0
454;absolute_wordcount;Baseline_V2;64.0;30.5;6.0;8.5;0
454;position_adjusted_wordcount;Baseline_V2;38.0055;16.3737;3.1547;3.6072;0
454;impression_pos_count_simple;Baseline_V2;2.0809;0.7658;0.2629;0.2122;0
454;rvs_sentiment;Baseline_V2;15.0473;8.6812;2.6594;0.0;0
454;rouge_l_recall;Baseline_V2;0.0345;0.0354;0.0404;0.0513;0.0305
454;bleu;Baseline_V2;0.0;0.0;0.0;0.0;0.0
454;length_ratio;Baseline_V2;0.0924;0.0911;0.0979;0.1866;0.1081
454;perplexity_qwen;Baseline_V2;-13.3609;-8.9663;-9.2001;-6.4923;-11.178
455;chat_cite;Baseline_V2;1;1;1;1;0
455;sentence_cite;Baseline_V2;2;3;4;2;0
455;absolute_wordcount;Baseline_V2;34.0;61.0;66.0;41.0;0
455;position_adjusted_wordcount;Baseline_V2;28.8165;26.0038;36.5488;23.5091;0
455;impression_pos_count_simple;Baseline_V2;1.674;1.2818;2.2396;1.0948;0
455;rvs_sentiment;Baseline_V2;11.1806;10.5998;-0.5067;14.5659;0
455;rouge_l_recall;Baseline_V2;0.1089;0.0737;0.1004;0.0576;0.0297
455;bleu;Baseline_V2;0.0;0.0;0.0111;0.0005;0.0
455;length_ratio;Baseline_V2;0.781;0.3588;0.38;0.1575;0.0944
455;perplexity_qwen;Baseline_V2;-11.1249;-16.8115;-10.9253;-10.64;-9.4795
456;chat_cite;Baseline_V2;1;1;1;1;1
456;sentence_cite;Baseline_V2;4;4;4;1;4
456;absolute_wordcount;Baseline_V2;59.5;49.5;62.0;17.0;55.0
456;position_adjusted_wordcount;Baseline_V2;45.1953;33.8809;35.6987;8.1366;27.3504
456;impression_pos_count_simple;Baseline_V2;2.5655;2.0071;2.2947;0.4786;1.8549
456;rvs_sentiment;Baseline_V2;-15.6036;6.3772;0.2324;2.7664;12.5405
456;rouge_l_recall;Baseline_V2;0.0935;0.0679;0.0748;0.0611;0.0446
456;bleu;Baseline_V2;0.0;0.0043;0.0;0.0;0.0
456;length_ratio;Baseline_V2;0.4812;0.3091;0.4054;0.286;0.1865
456;perplexity_qwen;Baseline_V2;-16.8885;-14.6397;-14.8554;-11.5954;-9.4815
457;chat_cite;Baseline_V2;1;1;1;1;0
457;sentence_cite;Baseline_V2;3;5;3;1;0
457;absolute_wordcount;Baseline_V2;43.0;98.0;50.0;12.0;0
457;position_adjusted_wordcount;Baseline_V2;34.3706;62.7319;24.7303;6.161;0
457;impression_pos_count_simple;Baseline_V2;2.3224;3.1382;1.4873;0.5134;0
457;rvs_sentiment;Baseline_V2;-7.7369;-9.8676;7.8743;0.7886;0
457;rouge_l_recall;Baseline_V2;0.1051;0.0543;0.0838;0.0545;0.0503
457;bleu;Baseline_V2;0.0;0.0002;0.0;0.0;0.0004
457;length_ratio;Baseline_V2;0.4286;0.1589;0.4137;0.2013;0.1932
457;perplexity_qwen;Baseline_V2;-4.586;-13.783;-11.2983;-12.5262;-12.8137
458;chat_cite;Baseline_V2;1;1;1;1;1
458;sentence_cite;Baseline_V2;4;1;4;2;1
458;absolute_wordcount;Baseline_V2;71.0;11.0;71.0;38.0;20.0
458;position_adjusted_wordcount;Baseline_V2;50.7289;4.0467;39.0867;24.0488;8.9866
458;impression_pos_count_simple;Baseline_V2;2.5234;0.1839;1.929;0.9248;0.4493
458;rvs_sentiment;Baseline_V2;20.4277;5.722;11.1256;8.2823;7.3915
458;rouge_l_recall;Baseline_V2;0.0934;0.0611;0.0842;0.0613;0.06
458;bleu;Baseline_V2;0.0139;0.0;0.0057;0.001;0.0
458;length_ratio;Baseline_V2;0.2804;0.2041;0.3028;0.2253;0.214
458;perplexity_qwen;Baseline_V2;-4.467;-21.1454;-13.2901;-16.274;-6.2078
459;chat_cite;Baseline_V2;1;1;1;1;0
459;sentence_cite;Baseline_V2;5;4;4;3;0
459;absolute_wordcount;Baseline_V2;89.0;48.5;52.0;26.5;0
459;position_adjusted_wordcount;Baseline_V2;59.0612;32.6772;29.1401;13.6729;0
459;impression_pos_count_simple;Baseline_V2;3.1143;2.2766;2.1966;1.2764;0
459;rvs_sentiment;Baseline_V2;27.2062;14.5983;12.5503;7.8766;0
459;rouge_l_recall;Baseline_V2;0.0361;0.0727;0.1115;0.0641;0.0234
459;bleu;Baseline_V2;0.0;0.0;0.0123;0.0;0.0
459;length_ratio;Baseline_V2;0.1356;0.3422;0.6443;0.2687;0.0956
459;perplexity_qwen;Baseline_V2;-13.2123;-9.9162;-13.4473;-13.3111;-16.7399
460;chat_cite;Baseline_V2;1;1;1;1;1
460;sentence_cite;Baseline_V2;2;1;2;3;1
460;absolute_wordcount;Baseline_V2;25.0;10.0;28.5;51.5;18.0
460;position_adjusted_wordcount;Baseline_V2;18.7377;5.3846;20.3392;29.0454;8.402
460;impression_pos_count_simple;Baseline_V2;1.478;0.5385;1.0705;1.3702;0.4668
460;rvs_sentiment;Baseline_V2;8.5261;-1.7134;5.5972;13.7744;3.5414
460;rouge_l_recall;Baseline_V2;0.0552;0.1299;0.0578;0.1026;0.0879
460;bleu;Baseline_V2;0.0;0.0;0.0;0.0;0.0
460;length_ratio;Baseline_V2;0.1624;0.6351;0.2269;0.3413;0.4112
460;perplexity_qwen;Baseline_V2;-6.0451;-7.2148;-16.654;-7.4188;-10.9924
461;chat_cite;Baseline_V2;1;1;1;1;1
461;sentence_cite;Baseline_V2;4;1;1;4;2
461;absolute_wordcount;Baseline_V2;66.0;25.0;20.0;81.0;30.0
461;position_adjusted_wordcount;Baseline_V2;43.8115;18.8946;14.523;55.4624;12.9617
461;impression_pos_count_simple;Baseline_V2;2.5459;0.7558;0.7261;2.574;0.8641
461;rvs_sentiment;Baseline_V2;12.0521;-1.4587;11.2074;-23.0175;-7.0126
461;rouge_l_recall;Baseline_V2;0.1083;0.1761;0.0906;0.1132;0.0779
461;bleu;Baseline_V2;0.0;0.0;0.0;0.0114;0.0074
461;length_ratio;Baseline_V2;0.5971;2.4156;0.7223;0.5075;0.3425
461;perplexity_qwen;Baseline_V2;-16.6643;-18.3699;-13.9463;-8.4171;-14.5626
462;chat_cite;Baseline_V2;1;1;1;1;1
462;sentence_cite;Baseline_V2;1;3;3;1;1
462;absolute_wordcount;Baseline_V2;21.0;53.0;60.0;23.0;19.0
462;position_adjusted_wordcount;Baseline_V2;11.525;32.1431;34.7002;18.8308;7.7248
462;impression_pos_count_simple;Baseline_V2;0.5488;1.8551;1.7605;0.8187;0.4066
462;rvs_sentiment;Baseline_V2;2.0503;-10.3147;-1.1261;16.1775;0.9888
462;rouge_l_recall;Baseline_V2;0.0561;0.0609;0.0764;0.0636;0.056
462;bleu;Baseline_V2;0.0;0.003;0.0;0.0;0.0
462;length_ratio;Baseline_V2;0.2247;0.2582;0.3068;0.2456;0.298
462;perplexity_qwen;Baseline_V2;-10.2872;-11.7521;-20.3714;-12.0349;-16.5558
463;chat_cite;Baseline_V2;1;0;1;1;1
463;sentence_cite;Baseline_V2;3;0;2;1;1
463;absolute_wordcount;Baseline_V2;75.0;0;48.0;25.0;27.0
463;position_adjusted_wordcount;Baseline_V2;54.6008;0;21.8049;17.9133;15.0669
463;impression_pos_count_simple;Baseline_V2;2.1664;0;0.907;0.7165;0.558
463;rvs_sentiment;Baseline_V2;-17.5931;0;11.6689;-4.8939;-4.7943
463;rouge_l_recall;Baseline_V2;0.1336;0.0954;0.0302;0.0519;0.051
463;bleu;Baseline_V2;0.0;0.0;0.0;0.0;0.0
463;length_ratio;Baseline_V2;1.2479;1.1231;0.0923;0.2647;0.3557
463;perplexity_qwen;Baseline_V2;-36.8253;-57.1068;-10.7643;-14.9967;-4.7905
464;chat_cite;Baseline_V2;1;0;0;1;1
464;sentence_cite;Baseline_V2;9;0;0;2;2
464;absolute_wordcount;Baseline_V2;108.0;0;0;26.0;36.0
464;position_adjusted_wordcount;Baseline_V2;73.6906;0;0;9.9058;14.882
464;impression_pos_count_simple;Baseline_V2;5.5184;0;0;0.5084;0.547
464;rvs_sentiment;Baseline_V2;-13.5619;0;0;-2.1106;-4.6003
464;rouge_l_recall;Baseline_V2;0.1213;0.0678;0.0819;0.0663;0.0458
464;bleu;Baseline_V2;0.0078;0.0014;0.0;0.0;0.0003
464;length_ratio;Baseline_V2;0.2895;0.2346;0.3128;0.2568;0.1787
464;perplexity_qwen;Baseline_V2;-14.9379;-15.3639;-12.6183;-9.4498;-7.6521
465;chat_cite;Baseline_V2;1;1;1;0;1
465;sentence_cite;Baseline_V2;6;2;3;0;1
465;absolute_wordcount;Baseline_V2;119.5;35.0;52.5;0;20.0
465;position_adjusted_wordcount;Baseline_V2;83.3638;18.3057;21.8019;0;10.2683
465;impression_pos_count_simple;Baseline_V2;3.6058;0.8238;1.0562;0;0.5134
465;rvs_sentiment;Baseline_V2;-14.5409;3.717;10.6945;0;-7.3768
465;rouge_l_recall;Baseline_V2;0.1868;0.1335;0.0516;0.0814;0.064
465;bleu;Baseline_V2;0.0426;0.0132;0.0003;0.0;0.0
465;length_ratio;Baseline_V2;0.4879;0.606;0.1726;0.3503;0.2819
465;perplexity_qwen;Baseline_V2;-10.9461;-9.7108;-10.3234;-6.1218;-11.7966
466;chat_cite;Baseline_V2;1;0;1;0;0
466;sentence_cite;Baseline_V2;4;0;3;0;0
466;absolute_wordcount;Baseline_V2;82.0;0;75.0;0;0
466;position_adjusted_wordcount;Baseline_V2;51.842;0;39.3508;0;0
466;impression_pos_count_simple;Baseline_V2;2.5826;0;1.58;0;0
466;rvs_sentiment;Baseline_V2;14.3504;0;14.8511;0;0
466;rouge_l_recall;Baseline_V2;0.0629;0.1123;0.0836;0.0515;0.0683
466;bleu;Baseline_V2;0.0045;0.0;0.0121;0.0;0.0
466;length_ratio;Baseline_V2;0.2608;0.6234;0.3645;0.2071;0.328
466;perplexity_qwen;Baseline_V2;-8.7653;-24.2208;-20.4768;-12.0935;-17.8784
467;chat_cite;Baseline_V2;1;1;1;1;0
467;sentence_cite;Baseline_V2;5;3;3;4;0
467;absolute_wordcount;Baseline_V2;90.0;31.0;44.0;53.0;0
467;position_adjusted_wordcount;Baseline_V2;75.7627;14.1105;28.2408;29.4264;0
467;impression_pos_count_simple;Baseline_V2;3.4594;0.9963;1.3791;1.7598;0
467;rvs_sentiment;Baseline_V2;29.1909;-0.0848;15.6187;3.1156;0
467;rouge_l_recall;Baseline_V2;0.16;0.02;0.0795;0.0632;0.1915
467;bleu;Baseline_V2;0.0409;0.0;0.0053;0.0;0.0
467;length_ratio;Baseline_V2;0.6395;0.0531;0.366;0.3075;8.5217
467;perplexity_qwen;Baseline_V2;-17.052;-5.9568;-10.3593;-8.2798;-10.0157
468;chat_cite;Baseline_V2;1;1;1;1;1
468;sentence_cite;Baseline_V2;7;2;2;4;2
468;absolute_wordcount;Baseline_V2;125.0;33.0;27.0;57.0;23.0
468;position_adjusted_wordcount;Baseline_V2;102.5951;21.672;13.1461;31.5629;12.5607
468;impression_pos_count_simple;Baseline_V2;5.4879;1.1511;0.9245;2.1119;1.0091
468;rvs_sentiment;Baseline_V2;5.3504;-11.8653;5.3241;-3.1876;2.8468
468;rouge_l_recall;Baseline_V2;0.0249;0.069;0.0674;0.05;0.0346
468;bleu;Baseline_V2;0.0;0.0024;0.0021;0.0002;0.0
468;length_ratio;Baseline_V2;0.05;0.2367;0.2752;0.1603;0.1044
468;perplexity_qwen;Baseline_V2;-11.2059;-8.7016;-8.7084;-6.6668;-15.3154
469;chat_cite;Baseline_V2;1;1;0;1;1
469;sentence_cite;Baseline_V2;1;3;0;3;2
469;absolute_wordcount;Baseline_V2;33.0;68.0;0;57.0;53.0
469;position_adjusted_wordcount;Baseline_V2;20.8003;58.2145;0;28.4291;28.4255
469;impression_pos_count_simple;Baseline_V2;0.6303;2.5773;0;1.5042;1.078
469;rvs_sentiment;Baseline_V2;-19.1072;4.953;0;14.4227;7.4523
469;rouge_l_recall;Baseline_V2;0.1837;0.3194;0.3194;0.0341;0.069
469;bleu;Baseline_V2;0.0;0.1116;0.1116;0.0;0.003
469;length_ratio;Baseline_V2;2.3525;1.2724;1.2724;0.0962;0.2992
469;perplexity_qwen;Baseline_V2;-17.8601;-7.6142;-7.6142;-15.0099;-14.9786
470;chat_cite;Baseline_V2;1;1;1;1;0
470;sentence_cite;Baseline_V2;4;1;2;3;0
470;absolute_wordcount;Baseline_V2;36.0;14.5;16.0;33.5;0
470;position_adjusted_wordcount;Baseline_V2;23.1724;11.4599;9.1524;18.6499;0
470;impression_pos_count_simple;Baseline_V2;1.2261;0.3952;0.5981;1.3341;0
470;rvs_sentiment;Baseline_V2;3.1632;3.509;-3.4814;3.5083;0
470;rouge_l_recall;Baseline_V2;0.0413;0.0476;0.0383;0.0376;0.0806
470;bleu;Baseline_V2;0.0;0.0;0.0;0.0;0.0
470;length_ratio;Baseline_V2;0.0833;0.1517;0.0837;0.0899;0.3375
470;perplexity_qwen;Baseline_V2;-7.4308;-14.0564;-5.2864;-7.296;-14.2633
471;chat_cite;Baseline_V2;1;1;1;1;0
471;sentence_cite;Baseline_V2;4;5;2;4;0
471;absolute_wordcount;Baseline_V2;55.0;74.0;40.0;58.0;0
471;position_adjusted_wordcount;Baseline_V2;36.4878;39.19;21.4619;36.1737;0
471;impression_pos_count_simple;Baseline_V2;1.8147;2.0175;1.0826;2.1311;0
471;rvs_sentiment;Baseline_V2;16.4238;16.5062;3.6927;12.0587;0
471;rouge_l_recall;Baseline_V2;0.1001;0.0535;0.0451;0.0733;0.0715
471;bleu;Baseline_V2;0.0091;0.0011;0.0002;0.002;0.0
471;length_ratio;Baseline_V2;0.5172;0.2228;0.1648;0.2468;0.4043
471;perplexity_qwen;Baseline_V2;-14.5906;-27.1067;-7.2983;-11.3949;-12.7029
472;chat_cite;Baseline_V2;1;1;1;0;1
472;sentence_cite;Baseline_V2;4;2;3;0;4
472;absolute_wordcount;Baseline_V2;55.5;23.0;29.5;0;34.0
472;position_adjusted_wordcount;Baseline_V2;37.61;16.3645;18.6267;0;16.9558
472;impression_pos_count_simple;Baseline_V2;2.0195;1.4133;1.2707;0;1.0143
472;rvs_sentiment;Baseline_V2;5.451;2.2235;9.063;0;4.7001
472;rouge_l_recall;Baseline_V2;0.0618;0.0643;0.0804;0.0573;0.0555
472;bleu;Baseline_V2;0.0009;0.0027;0.0079;0.0;0.0
472;length_ratio;Baseline_V2;0.1653;0.2654;0.4204;0.3089;0.2074
472;perplexity_qwen;Baseline_V2;-10.8253;-9.5612;-9.1683;-11.5248;-20.4926
473;chat_cite;Baseline_V2;0;0;0;1;0
473;sentence_cite;Baseline_V2;0;0;0;2;0
473;absolute_wordcount;Baseline_V2;0;0;0;31.0;0
473;position_adjusted_wordcount;Baseline_V2;0;0;0;17.2195;0
473;impression_pos_count_simple;Baseline_V2;0;0;0;1.1199;0
473;rvs_sentiment;Baseline_V2;0;0;0;8.2336;0
473;rouge_l_recall;Baseline_V2;0.0342;0.0212;0.0235;0.0353;0.0237
473;bleu;Baseline_V2;0.0;0.0;0.0;0.0;0.0
473;length_ratio;Baseline_V2;0.1253;0.0493;0.0754;0.0802;0.0684
473;perplexity_qwen;Baseline_V2;-12.2884;-8.06;-9.5035;-10.7537;-5.4365
474;chat_cite;Baseline_V2;0;0;0;0;0
474;sentence_cite;Baseline_V2;0;0;0;0;0
474;absolute_wordcount;Baseline_V2;0;0;0;0;0
474;position_adjusted_wordcount;Baseline_V2;0;0;0;0;0
474;impression_pos_count_simple;Baseline_V2;0;0;0;0;0
474;rvs_sentiment;Baseline_V2;0;0;0;0;0
474;rouge_l_recall;Baseline_V2;0.0147;0.0166;0.0156;0.1832;0.1756
474;bleu;Baseline_V2;0;0.0;0.0;0.0551;0.0347
474;length_ratio;Baseline_V2;1.1509;0.0622;0.0622;0.9531;1.781
474;perplexity_qwen;Baseline_V2;-37.3947;-10.8527;-8.4582;-15.6929;-17.9162
475;chat_cite;Baseline_V2;0;0;0;0;0
475;sentence_cite;Baseline_V2;0;0;0;0;0
475;absolute_wordcount;Baseline_V2;0;0;0;0;0
475;position_adjusted_wordcount;Baseline_V2;0;0;0;0;0
475;impression_pos_count_simple;Baseline_V2;0;0;0;0;0
475;rvs_sentiment;Baseline_V2;0;0;0;0;0
475;rouge_l_recall;Baseline_V2;0.021;0.1615;0.0778;0.1379;0.0074
475;bleu;Baseline_V2;0.0;0.0;0.0;0.0;0.0
475;length_ratio;Baseline_V2;0.0531;0.8954;0.4152;1.6506;0.0176
475;perplexity_qwen;Baseline_V2;-7.4308;-12.6893;-9.7482;-10.7063;-8.7188
476;chat_cite;Baseline_V2;1;0;1;1;1
476;sentence_cite;Baseline_V2;5;0;4;2;4
476;absolute_wordcount;Baseline_V2;81.5;0;36.5;26.0;33.0
476;position_adjusted_wordcount;Baseline_V2;53.6122;0;23.9428;16.1142;17.0582
476;impression_pos_count_simple;Baseline_V2;2.9925;0;1.8531;1.1762;1.4032
476;rvs_sentiment;Baseline_V2;12.7372;0;-1.3538;4.7142;11.001
476;rouge_l_recall;Baseline_V2;0.1642;0.0607;0.0786;0.0402;0.1093
476;bleu;Baseline_V2;0.0263;0.0;0.0;0.0001;0.0063
476;length_ratio;Baseline_V2;0.6961;0.2368;0.3024;0.1398;0.3617
476;perplexity_qwen;Baseline_V2;-13.0027;-9.5616;-14.5536;-9.5925;-4.0594
477;chat_cite;Baseline_V2;1;1;1;1;1
477;sentence_cite;Baseline_V2;3;1;2;2;1
477;absolute_wordcount;Baseline_V2;51.0;6.5;13.0;17.0;10.5
477;position_adjusted_wordcount;Baseline_V2;29.1923;3.6935;6.7975;7.5048;4.4009
477;impression_pos_count_simple;Baseline_V2;1.8487;0.2841;0.5229;0.4483;0.2096
477;rvs_sentiment;Baseline_V2;6.9789;4.7913;4.7913;6.5397;6.5397
477;rouge_l_recall;Baseline_V2;0.0766;0.093;0.0529;0.089;0.0474
477;bleu;Baseline_V2;0.0035;0.0075;0.0;0.0;0.0003
477;length_ratio;Baseline_V2;0.2969;0.4666;0.2043;0.4238;0.1441
477;perplexity_qwen;Baseline_V2;-10.6623;-10.5772;-12.9858;-10.8934;-6.007
478;chat_cite;Baseline_V2;1;1;1;1;1
478;sentence_cite;Baseline_V2;2;2;1;1;1
478;absolute_wordcount;Baseline_V2;17.0;20.0;8.0;11.0;9.0
478;position_adjusted_wordcount;Baseline_V2;10.9632;14.0404;3.5946;6.6718;7.3686
478;impression_pos_count_simple;Baseline_V2;0.4976;0.5762;0.2247;0.3033;0.2729
478;rvs_sentiment;Baseline_V2;21.6301;26.7803;2.2876;7.4378;19.3425
478;rouge_l_recall;Baseline_V2;0.0442;0.0506;0.0707;0.0629;0.0358
478;bleu;Baseline_V2;0.0001;0.0003;0.0;0.0;0.0
478;length_ratio;Baseline_V2;0.1323;0.166;0.3256;0.237;0.0826
478;perplexity_qwen;Baseline_V2;-16.4315;-13.8109;-12.7397;-12.9681;-6.007
479;chat_cite;Baseline_V2;1;1;0;0;1
479;sentence_cite;Baseline_V2;7;5;0;0;7
479;absolute_wordcount;Baseline_V2;94.5;58.0;0;0;62.5
479;position_adjusted_wordcount;Baseline_V2;70.8028;31.7375;0;0;31.5706
479;impression_pos_count_simple;Baseline_V2;4.008;1.774;0;0;2.3334
479;rvs_sentiment;Baseline_V2;4.6579;20.259;0;0;2.7692
479;rouge_l_recall;Baseline_V2;0.1025;0.0482;0.0776;0.1087;0.0388
479;bleu;Baseline_V2;0.0079;0.0001;0.0;0.0127;0.0
479;length_ratio;Baseline_V2;0.2857;0.1262;0.3352;0.5221;0.0991
479;perplexity_qwen;Baseline_V2;-9.7046;-6.71;-6.1852;-10.2744;-8.7138
480;chat_cite;Baseline_V2;1;0;1;1;0
480;sentence_cite;Baseline_V2;1;0;1;10;0
480;absolute_wordcount;Baseline_V2;12.0;0;15.0;132.0;0
480;position_adjusted_wordcount;Baseline_V2;4.4146;0;6.0696;78.8022;0
480;impression_pos_count_simple;Baseline_V2;0.1839;0;0.4046;5.7762;0
480;rvs_sentiment;Baseline_V2;5.5173;0;2.3174;29.154;0
480;rouge_l_recall;Baseline_V2;0.2126;0.0498;0.0596;0.0326;0.0389
480;bleu;Baseline_V2;0.0;0.0;0.0;0.0;0.0
480;length_ratio;Baseline_V2;1.7151;0.2494;0.2479;0.0767;0.1593
480;perplexity_qwen;Baseline_V2;-14.1495;-14.1106;-10.133;-12.6493;-12.8197
481;chat_cite;Baseline_V2;1;1;0;0;0
481;sentence_cite;Baseline_V2;6;3;0;0;0
481;absolute_wordcount;Baseline_V2;126.0;71.0;0;0;0
481;position_adjusted_wordcount;Baseline_V2;94.001;29.367;0;0;0
481;impression_pos_count_simple;Baseline_V2;4.3339;1.2285;0;0;0
481;rvs_sentiment;Baseline_V2;-0.8975;19.8211;0;0;0
481;rouge_l_recall;Baseline_V2;0.0319;0.0289;0.125;0.0251;0.0302
481;bleu;Baseline_V2;0.0;0.0;0.0;0.0;0.0
481;length_ratio;Baseline_V2;0.0738;0.0793;1.3099;0.1305;0.1132
481;perplexity_qwen;Baseline_V2;-9.872;-11.6623;-10.3295;-4.7219;-15.6767
482;chat_cite;Baseline_V2;1;1;1;1;1
482;sentence_cite;Baseline_V2;2;2;2;4;1
482;absolute_wordcount;Baseline_V2;50.0;27.5;31.0;49.5;14.0
482;position_adjusted_wordcount;Baseline_V2;34.3787;16.6323;19.1194;26.7621;6.1773
482;impression_pos_count_simple;Baseline_V2;1.363;0.8966;0.9819;1.899;0.2206
482;rvs_sentiment;Baseline_V2;-5.7471;6.2794;12.9582;14.6157;10.6558
482;rouge_l_recall;Baseline_V2;0.0785;0.0489;0.0678;0.037;0.0562
482;bleu;Baseline_V2;0.0078;0.0002;0.0036;0.0;0.0013
482;length_ratio;Baseline_V2;0.3183;0.1404;0.293;0.0923;0.2396
482;perplexity_qwen;Baseline_V2;-11.0778;-5.8699;-8.0058;-10.3032;-9.7734
483;chat_cite;Baseline_V2;1;0;0;1;1
483;sentence_cite;Baseline_V2;6;0;0;1;2
483;absolute_wordcount;Baseline_V2;93.0;0;0;12.0;23.0
483;position_adjusted_wordcount;Baseline_V2;61.4415;0;0;4.5811;13.4175
483;impression_pos_count_simple;Baseline_V2;3.9916;0;0;0.3818;1.1421
483;rvs_sentiment;Baseline_V2;8.1601;0;0;-0.1182;1.8203
483;rouge_l_recall;Baseline_V2;0.0999;0.0825;0.0887;0.0495;0.061
483;bleu;Baseline_V2;0.0118;0.0;0.0;0.0;0.0
483;length_ratio;Baseline_V2;0.288;0.4783;0.48;0.2391;0.2587
483;perplexity_qwen;Baseline_V2;-6.1526;-7.8182;-6.2238;-13.3007;-5.2005
484;chat_cite;Baseline_V2;0;0;0;0;0
484;sentence_cite;Baseline_V2;0;0;0;0;0
484;absolute_wordcount;Baseline_V2;0;0;0;0;0
484;position_adjusted_wordcount;Baseline_V2;0;0;0;0;0
484;impression_pos_count_simple;Baseline_V2;0;0;0;0;0
484;rvs_sentiment;Baseline_V2;0;0;0;0;0
484;rouge_l_recall;Baseline_V2;0.039;0.0535;0.0128;0.0369;0.0744
484;bleu;Baseline_V2;0.0;0.0;0.0;0.0;0.0
484;length_ratio;Baseline_V2;0.0868;0.1897;0.0307;0.1183;0.355
484;perplexity_qwen;Baseline_V2;-7.4308;-15.5147;-11.3416;-15.2352;-11.5506
485;chat_cite;Baseline_V2;1;1;1;1;1
485;sentence_cite;Baseline_V2;5;3;1;1;1
485;absolute_wordcount;Baseline_V2;90.0;64.0;15.0;27.0;17.0
485;position_adjusted_wordcount;Baseline_V2;68.7784;38.3828;7.5425;12.7539;7.5437
485;impression_pos_count_simple;Baseline_V2;3.8273;1.8358;0.5028;0.4724;0.4437
485;rvs_sentiment;Baseline_V2;11.1678;9.5375;4.892;-1.6325;3.3222
485;rouge_l_recall;Baseline_V2;0.1138;0.0661;0.1226;0.0676;0.0893
485;bleu;Baseline_V2;0.0206;0.0027;0.0;0.0;0.0082
485;length_ratio;Baseline_V2;0.5035;0.2977;0.8702;0.3425;0.2833
485;perplexity_qwen;Baseline_V2;-12.5859;-14.5982;-15.2481;-22.695;-4.7861
486;chat_cite;Baseline_V2;1;0;1;1;0
486;sentence_cite;Baseline_V2;5;0;3;1;0
486;absolute_wordcount;Baseline_V2;107.0;0;58.0;29.0;0
486;position_adjusted_wordcount;Baseline_V2;70.0792;0;31.3616;14.0135;0
486;impression_pos_count_simple;Baseline_V2;3.3173;0;1.6172;0.4832;0
486;rvs_sentiment;Baseline_V2;-33.2933;0;-2.4348;-5.3504;0
486;rouge_l_recall;Baseline_V2;0.0922;0.153;0.1318;0.0746;0.0407
486;bleu;Baseline_V2;0.0;0.0;0.0419;0.0065;0.0
486;length_ratio;Baseline_V2;0.3755;1.5241;0.6448;0.4405;0.1854
486;perplexity_qwen;Baseline_V2;-9.5678;-19.5097;-10.7018;-10.3462;-13.8695
487;chat_cite;Baseline_V2;1;0;1;1;0
487;sentence_cite;Baseline_V2;5;0;2;6;0
487;absolute_wordcount;Baseline_V2;99.0;0;33.0;123.0;0
487;position_adjusted_wordcount;Baseline_V2;63.0161;0;21.1213;54.1295;0
487;impression_pos_count_simple;Baseline_V2;3.1527;0;1.2791;2.581;0
487;rvs_sentiment;Baseline_V2;11.6567;0;-13.1141;22.7335;0
487;rouge_l_recall;Baseline_V2;0.0901;0.1905;0.0934;0.0477;0
487;bleu;Baseline_V2;0.0088;0.0;0.0;0.0001;0
487;length_ratio;Baseline_V2;0.3358;20.2222;0.4072;0.1347;0.0
487;perplexity_qwen;Baseline_V2;-12.3443;-40.7232;-7.4622;-11.9418;0.0
488;chat_cite;Baseline_V2;1;1;1;1;1
488;sentence_cite;Baseline_V2;1;1;1;1;1
488;absolute_wordcount;Baseline_V2;16.0;18.0;18.0;17.0;19.0
488;position_adjusted_wordcount;Baseline_V2;13.34;12.5126;6.6218;9.8528;9.1813
488;impression_pos_count_simple;Baseline_V2;0.8338;0.6951;0.3679;0.5796;0.4832
488;rvs_sentiment;Baseline_V2;2.0424;4.7773;4.9703;6.8999;1.6333
488;rouge_l_recall;Baseline_V2;0.0614;0.0688;0.0733;0.0298;0.0509
488;bleu;Baseline_V2;0.0006;0.0;0.0;0.0;0.0
488;length_ratio;Baseline_V2;0.1924;0.2392;0.3035;0.0706;0.1988
488;perplexity_qwen;Baseline_V2;-18.2351;-12.5948;-13.4387;-7.8705;-16.4655
489;chat_cite;Baseline_V2;0;0;0;0;0
489;sentence_cite;Baseline_V2;0;0;0;0;0
489;absolute_wordcount;Baseline_V2;0;0;0;0;0
489;position_adjusted_wordcount;Baseline_V2;0;0;0;0;0
489;impression_pos_count_simple;Baseline_V2;0;0;0;0;0
489;rvs_sentiment;Baseline_V2;0;0;0;0;0
489;rouge_l_recall;Baseline_V2;0.0611;0.043;0.0522;0.1888;0.0285
489;bleu;Baseline_V2;0.0;0.0;0.0;0.0332;0.0
489;length_ratio;Baseline_V2;0.2239;0.1067;0.1801;1.511;0.0691
489;perplexity_qwen;Baseline_V2;-9.6576;-11.6512;-7.6173;-11.0133;-4.3472
490;chat_cite;Baseline_V2;0;1;1;1;1
490;sentence_cite;Baseline_V2;0;8;2;1;3
490;absolute_wordcount;Baseline_V2;0;137.0;34.0;25.0;54.0
490;position_adjusted_wordcount;Baseline_V2;0;91.0811;22.894;11.9382;24.9534
490;impression_pos_count_simple;Baseline_V2;0;5.224;1.3536;0.4775;1.4204
490;rvs_sentiment;Baseline_V2;0;42.8978;3.8304;4.059;9.55
490;rouge_l_recall;Baseline_V2;0.2087;0.0351;0.1349;0.0406;0.0741
490;bleu;Baseline_V2;0.0;0.0;0.0;0.0;0.0
490;length_ratio;Baseline_V2;3.3214;0.0922;1.0941;0.2212;0.4256
490;perplexity_qwen;Baseline_V2;-6.1251;-4.916;-13.2074;-15.6961;-10.9404
491;chat_cite;Baseline_V2;1;0;1;1;1
491;sentence_cite;Baseline_V2;8;0;2;1;4
491;absolute_wordcount;Baseline_V2;126.0;0;24.5;11.0;55.5
491;position_adjusted_wordcount;Baseline_V2;75.5198;0;13.0087;8.8783;30.9859
491;impression_pos_count_simple;Baseline_V2;3.9367;0;0.5271;0.4036;1.7196
491;rvs_sentiment;Baseline_V2;7.7284;0;15.378;-6.4137;15.8241
491;rouge_l_recall;Baseline_V2;0.0792;0.0446;0.0443;0.07;0.0707
491;bleu;Baseline_V2;0.003;0.0;0.0001;0.0026;0.0023
491;length_ratio;Baseline_V2;0.2614;0.6546;0.1476;0.2721;0.2228
491;perplexity_qwen;Baseline_V2;-10.7537;-4.3859;-16.2732;-18.1307;-11.3949
492;chat_cite;Baseline_V2;1;1;0;0;0
492;sentence_cite;Baseline_V2;12;3;0;0;0
492;absolute_wordcount;Baseline_V2;168.0;44.0;0;0;0
492;position_adjusted_wordcount;Baseline_V2;106.497;22.8408;0;0;0
492;impression_pos_count_simple;Baseline_V2;7.6744;1.5798;0;0;0
492;rvs_sentiment;Baseline_V2;11.5344;3.69;0;0;0
492;rouge_l_recall;Baseline_V2;0.1318;0.0546;0.0587;0.084;0.0734
492;bleu;Baseline_V2;0.0142;0.0003;0.0004;0.0052;0.006
492;length_ratio;Baseline_V2;0.2749;0.1408;0.1538;0.3155;0.3045
492;perplexity_qwen;Baseline_V2;-10.3047;-6.71;-5.2864;-5.0724;-9.9155
493;chat_cite;Baseline_V2;1;1;1;1;1
493;sentence_cite;Baseline_V2;3;8;2;1;3
493;absolute_wordcount;Baseline_V2;32.5;78.0;17.5;11.5;32.5
493;position_adjusted_wordcount;Baseline_V2;25.8404;53.8637;11.869;7.9942;15.8918
493;impression_pos_count_simple;Baseline_V2;1.1908;2.694;0.6704;0.3476;0.9684
493;rvs_sentiment;Baseline_V2;-10.8747;6.1664;9.039;6.7391;2.8271
493;rouge_l_recall;Baseline_V2;0.0735;0.04;0.0513;0.1017;0.048
493;bleu;Baseline_V2;0.0;0.0;0.0001;0.0128;0.0001
493;length_ratio;Baseline_V2;0.3247;0.0942;0.13;0.3534;0.1323
493;perplexity_qwen;Baseline_V2;-11.0778;-10.3032;-7.0418;-3.463;-6.034
494;chat_cite;Baseline_V2;1;1;1;1;0
494;sentence_cite;Baseline_V2;2;4;3;1;0
494;absolute_wordcount;Baseline_V2;41.0;83.0;56.0;18.0;0
494;position_adjusted_wordcount;Baseline_V2;29.5981;52.785;34.7647;9.2415;0
494;impression_pos_count_simple;Baseline_V2;1.3559;2.5028;1.9421;0.5134;0
494;rvs_sentiment;Baseline_V2;-21.5979;-14.0888;14.7506;-5.0117;0
494;rouge_l_recall;Baseline_V2;0.114;0.0837;0.0479;0.0688;0.0722
494;bleu;Baseline_V2;0.009;0.0047;0.0;0.0;0.0
494;length_ratio;Baseline_V2;0.3937;0.2827;0.1787;0.2882;0.3264
494;perplexity_qwen;Baseline_V2;-6.6972;-15.253;-12.3842;-14.5626;-9.9253
495;chat_cite;Baseline_V2;1;0;1;0;1
495;sentence_cite;Baseline_V2;4;0;3;0;3
495;absolute_wordcount;Baseline_V2;76.0;0;72.0;0;55.0
495;position_adjusted_wordcount;Baseline_V2;48.559;0;37.641;0;29.1142
495;impression_pos_count_simple;Baseline_V2;2.5083;0;1.5731;0;1.6226
495;rvs_sentiment;Baseline_V2;6.2857;0;15.5362;0;13.9774
495;rouge_l_recall;Baseline_V2;0.1097;0.0547;0.0804;0.0431;0.0809
495;bleu;Baseline_V2;0.0102;0.0;0.0047;0.0;0.0061
495;length_ratio;Baseline_V2;0.3256;0.1999;0.2578;0.1133;0.2896
495;perplexity_qwen;Baseline_V2;-10.7425;-16.4315;-12.3149;-5.1485;-8.3454
496;chat_cite;Baseline_V2;1;1;1;1;1
496;sentence_cite;Baseline_V2;2;4;3;4;4
496;absolute_wordcount;Baseline_V2;15.6667;25.0;17.3333;25.0;22.0
496;position_adjusted_wordcount;Baseline_V2;10.3227;17.7998;11.6196;14.1098;12.001
496;impression_pos_count_simple;Baseline_V2;0.4192;1.0024;0.6135;0.8489;0.7176
496;rvs_sentiment;Baseline_V2;20.6745;31.4704;21.0412;16.9283;17.5421
496;rouge_l_recall;Baseline_V2;0.0698;0.1316;0.0554;0.0199;0.0456
496;bleu;Baseline_V2;0.0;0.0203;0.0002;0.0;0.0
496;length_ratio;Baseline_V2;0.3431;0.4683;0.1565;0.0421;0.1459
496;perplexity_qwen;Baseline_V2;-12.5948;-10.4246;-6.5735;-7.6183;-17.2025
497;chat_cite;Baseline_V2;1;1;1;1;1
497;sentence_cite;Baseline_V2;7;2;2;1;1
497;absolute_wordcount;Baseline_V2;34.0;6.5;8.5;4.0;0.0
497;position_adjusted_wordcount;Baseline_V2;22.2361;3.1639;5.2597;1.5316;0.0
497;impression_pos_count_simple;Baseline_V2;2.4511;0.468;0.595;0.1914;0.3779
497;rvs_sentiment;Baseline_V2;3.8893;-2.4159;6.3053;0.0;0.0
497;rouge_l_recall;Baseline_V2;0.0459;0.054;0.0367;0.0563;0.0714
497;bleu;Baseline_V2;0.0;0.0;0.0;0.0;0.0
497;length_ratio;Baseline_V2;0.1029;0.2243;0.1269;0.274;0.3368
497;perplexity_qwen;Baseline_V2;-21.3248;-15.2623;-7.6526;-4.8784;-7.3163
498;chat_cite;Baseline_V2;1;0;1;0;1
498;sentence_cite;Baseline_V2;3;0;2;0;5
498;absolute_wordcount;Baseline_V2;10.0;0;7.0;0;17.0
498;position_adjusted_wordcount;Baseline_V2;6.2679;0;4.2961;0;10.5639
498;impression_pos_count_simple;Baseline_V2;0.9387;0;0.6137;0;1.5525
498;rvs_sentiment;Baseline_V2;-0.5267;0;2.5528;0;2.0262
498;rouge_l_recall;Baseline_V2;0.0248;0.065;0.0429;0.0614;0.0584
498;bleu;Baseline_V2;0.0;0.0;0.0;0.0;0.0002
498;length_ratio;Baseline_V2;0.057;0.2778;0.1287;0.2477;0.1328
498;perplexity_qwen;Baseline_V2;-7.2165;-11.6463;-6.4843;-9.6852;-5.0505
499;chat_cite;Baseline_V2;0;0;0;0;0
499;sentence_cite;Baseline_V2;0;0;0;0;0
499;absolute_wordcount;Baseline_V2;0;0;0;0;0
499;position_adjusted_wordcount;Baseline_V2;0;0;0;0;0
499;impression_pos_count_simple;Baseline_V2;0;0;0;0;0
499;rvs_sentiment;Baseline_V2;0;0;0;0;0
499;rouge_l_recall;Baseline_V2;0.0579;0.0135;0.0405;0;0
499;bleu;Baseline_V2;0.0004;0.0;0.0;0;0
499;length_ratio;Baseline_V2;0.1675;0.0351;0.1061;0.0;0.0
499;perplexity_qwen;Baseline_V2;-3.952;-10.3577;-4.8708;0.0;0.0
500;chat_cite;Baseline_V2;1;1;1;1;1
500;sentence_cite;Baseline_V2;3;5;2;2;5
500;absolute_wordcount;Baseline_V2;44.0;67.0;19.0;23.0;81.0
500;position_adjusted_wordcount;Baseline_V2;31.8165;42.8383;9.5348;17.1726;46.6387
500;impression_pos_count_simple;Baseline_V2;1.5918;2.4626;0.5082;1.1265;2.3284
500;rvs_sentiment;Baseline_V2;28.4028;39.3254;0.0;-3.4921;33.1675
500;rouge_l_recall;Baseline_V2;0.146;0.0423;0.0875;0.1079;0.0703
500;bleu;Baseline_V2;0.0;0.0001;0.0;0.0152;0.0057
500;length_ratio;Baseline_V2;0.9878;0.1304;0.4393;0.6328;0.2836
500;perplexity_qwen;Baseline_V2;-23.6694;-7.3128;-16.5959;-5.4276;-7.1916
501;chat_cite;Baseline_V2;1;1;1;1;1
501;sentence_cite;Baseline_V2;8;3;1;4;1
501;absolute_wordcount;Baseline_V2;75.0;26.0;5.0;42.0;5.0
501;position_adjusted_wordcount;Baseline_V2;46.6992;15.4504;2.5331;20.0134;2.5331
501;impression_pos_count_simple;Baseline_V2;3.5477;1.2106;0.2533;1.197;0.2533
501;rvs_sentiment;Baseline_V2;-7.697;-8.1968;1.9343;2.3079;1.9343
501;rouge_l_recall;Baseline_V2;0.0662;0.0625;0.089;0.0525;0.0712
501;bleu;Baseline_V2;0.0006;0.0;0.0046;0.0004;0.0021
501;length_ratio;Baseline_V2;0.1636;0.1966;0.33;0.1906;0.2255
501;perplexity_qwen;Baseline_V2;-9.3139;-13.096;-13.9945;-12.3842;-9.1033
502;chat_cite;Baseline_V2;0;0;0;0;0
502;sentence_cite;Baseline_V2;0;0;0;0;0
502;absolute_wordcount;Baseline_V2;0;0;0;0;0
502;position_adjusted_wordcount;Baseline_V2;0;0;0;0;0
502;impression_pos_count_simple;Baseline_V2;0;0;0;0;0
502;rvs_sentiment;Baseline_V2;0;0;0;0;0
502;rouge_l_recall;Baseline_V2;0;0;0;0;0
502;bleu;Baseline_V2;0;0;0;0;0
502;length_ratio;Baseline_V2;0.0;0.0;0.0;0.0;0.0
502;perplexity_qwen;Baseline_V2;-11.1218;-12.1757;-10.7628;-13.6858;-18.542
503;chat_cite;Baseline_V2;1;1;1;1;1
503;sentence_cite;Baseline_V2;6;4;3;2;2
503;absolute_wordcount;Baseline_V2;92.0;57.0;34.0;10.0;14.0
503;position_adjusted_wordcount;Baseline_V2;62.6642;39.0283;20.4684;7.788;6.6131
503;impression_pos_count_simple;Baseline_V2;3.4877;2.0789;1.2221;0.8524;0.5459
503;rvs_sentiment;Baseline_V2;18.2262;11.9126;13.6474;0.2009;2.3887
503;rouge_l_recall;Baseline_V2;0.0426;0.0713;0.0717;0.1389;0.0811
503;bleu;Baseline_V2;0.0;0.004;0.0021;0.0;0.0
503;length_ratio;Baseline_V2;0.1046;0.2566;0.2144;0.7613;0.3544
503;perplexity_qwen;Baseline_V2;-5.9291;-12.8974;-5.2005;-19.1593;-7.3705
504;chat_cite;Baseline_V2;1;1;1;1;0
504;sentence_cite;Baseline_V2;5;3;3;2;0
504;absolute_wordcount;Baseline_V2;85.0;57.0;58.0;41.0;0
504;position_adjusted_wordcount;Baseline_V2;54.7628;41.0451;35.3515;17.3929;0
504;impression_pos_count_simple;Baseline_V2;3.1996;2.1508;1.8206;0.8515;0
504;rvs_sentiment;Baseline_V2;21.9905;24.3097;4.0698;7.7958;0
504;rouge_l_recall;Baseline_V2;0.0804;0.0665;0.0674;0.0313;0.034
504;bleu;Baseline_V2;0.0037;0.0035;0.0046;0.0;0.0
504;length_ratio;Baseline_V2;0.3205;0.2863;0.3039;0.1092;0.1137
504;perplexity_qwen;Baseline_V2;-9.0058;-13.2619;-11.4599;-10.8061;-10.0612
505;chat_cite;Baseline_V2;1;1;1;0;0
505;sentence_cite;Baseline_V2;1;3;3;0;0
505;absolute_wordcount;Baseline_V2;16.0;57.0;69.0;0;0
505;position_adjusted_wordcount;Baseline_V2;11.7059;28.0885;41.9008;0;0
505;impression_pos_count_simple;Baseline_V2;0.7316;1.501;1.7923;0;0
505;rvs_sentiment;Baseline_V2;3.98;4.5174;14.5234;0;0
505;rouge_l_recall;Baseline_V2;0.0286;0.0509;0.0149;0;0
505;bleu;Baseline_V2;0.0;0.0;0.0;0;0
505;length_ratio;Baseline_V2;0.0988;0.1545;0.0339;0.0;0.0
505;perplexity_qwen;Baseline_V2;-17.7973;-4.3363;-15.2437;0.0;0.0
506;chat_cite;Baseline_V2;0;0;0;0;0
506;sentence_cite;Baseline_V2;0;0;0;0;0
506;absolute_wordcount;Baseline_V2;0;0;0;0;0
506;position_adjusted_wordcount;Baseline_V2;0;0;0;0;0
506;impression_pos_count_simple;Baseline_V2;0;0;0;0;0
506;rvs_sentiment;Baseline_V2;0;0;0;0;0
506;rouge_l_recall;Baseline_V2;0.0573;0.0423;0.0391;0.036;0.0404
506;bleu;Baseline_V2;0.0003;0.0;0.0;0.0;0.0
506;length_ratio;Baseline_V2;0.1606;0.1315;0.1157;0.1188;0.1019
506;perplexity_qwen;Baseline_V2;-4.3738;-12.7438;-8.1737;-12.3905;-7.2909
507;chat_cite;Baseline_V2;1;1;0;1;1
507;sentence_cite;Baseline_V2;8;1;0;1;1
507;absolute_wordcount;Baseline_V2;153.0;19.0;0;10.0;12.0
507;position_adjusted_wordcount;Baseline_V2;95.6984;14.6038;0;5.6049;5.7435
507;impression_pos_count_simple;Baseline_V2;4.9471;0.7686;0;0.5605;0.4786
507;rvs_sentiment;Baseline_V2;42.9306;0.0;0;-1.7835;0.0
507;rouge_l_recall;Baseline_V2;0.1416;0.0568;0.0837;0.0473;0.0673
507;bleu;Baseline_V2;0.0224;0.0005;0.0084;0.0001;0.0016
507;length_ratio;Baseline_V2;0.3465;0.1802;0.3082;0.1206;0.2067
507;perplexity_qwen;Baseline_V2;-10.7425;-12.4873;-8.3454;-5.1485;-7.1231
508;chat_cite;Baseline_V2;0;0;1;0;1
508;sentence_cite;Baseline_V2;0;0;5;0;1
508;absolute_wordcount;Baseline_V2;0;0;72.0;0;8.0
508;position_adjusted_wordcount;Baseline_V2;0;0;40.169;0;4.0034
508;impression_pos_count_simple;Baseline_V2;0;0;2.6038;0;0.2502
508;rvs_sentiment;Baseline_V2;0;0;-4.5551;0;6.5463
508;rouge_l_recall;Baseline_V2;0.0276;0.0577;0.0471;0.0314;0.0282
508;bleu;Baseline_V2;0.0;0.0;0.0;0.0;0.0
508;length_ratio;Baseline_V2;0.0943;0.3061;0.1433;0.1215;0.0904
508;perplexity_qwen;Baseline_V2;-8.1711;-13.0369;-10.9353;-14.2466;-7.8596
509;chat_cite;Baseline_V2;1;0;0;0;0
509;sentence_cite;Baseline_V2;11;0;0;0;0
509;absolute_wordcount;Baseline_V2;189.0;0;0;0;0
509;position_adjusted_wordcount;Baseline_V2;113.4746;0;0;0;0
509;impression_pos_count_simple;Baseline_V2;6.4041;0;0;0;0
509;rvs_sentiment;Baseline_V2;12.4006;0;0;0;0
509;rouge_l_recall;Baseline_V2;0.0669;0.0461;0.0796;0.1353;0.052
509;bleu;Baseline_V2;0.0018;0.0002;0.0;0.0198;0.0003
509;length_ratio;Baseline_V2;0.1765;0.1433;0.3899;1.1255;0.1537
509;perplexity_qwen;Baseline_V2;-10.067;-12.7772;-10.8751;-14.3085;-10.354
510;chat_cite;Baseline_V2;1;1;1;1;1
510;sentence_cite;Baseline_V2;4;1;3;2;5
510;absolute_wordcount;Baseline_V2;35.0;5.0;14.0;6.5;64.5
510;position_adjusted_wordcount;Baseline_V2;27.6706;2.8236;7.6945;3.0294;31.5117
510;impression_pos_count_simple;Baseline_V2;2.5859;0.2824;0.8236;0.3926;1.9735
510;rvs_sentiment;Baseline_V2;0.7183;-2.3803;-0.6758;2.7321;8.1868
510;rouge_l_recall;Baseline_V2;0.1044;0.076;0.1079;0.085;0.0571
510;bleu;Baseline_V2;0.0133;0.0029;0.0096;0.0032;0.0
510;length_ratio;Baseline_V2;0.3693;0.277;0.3946;0.3071;0.2585
510;perplexity_qwen;Baseline_V2;-14.9379;-8.6277;-11.3697;-3.9684;-13.8771
511;chat_cite;Baseline_V2;0;0;0;0;0
511;sentence_cite;Baseline_V2;0;0;0;0;0
511;absolute_wordcount;Baseline_V2;0;0;0;0;0
511;position_adjusted_wordcount;Baseline_V2;0;0;0;0;0
511;impression_pos_count_simple;Baseline_V2;0;0;0;0;0
511;rvs_sentiment;Baseline_V2;0;0;0;0;0
511;rouge_l_recall;Baseline_V2;0.0721;0.0554;0.0779;0.0271;0.0835
511;bleu;Baseline_V2;0.0027;0.0;0.0;0.0;0.006
511;length_ratio;Baseline_V2;0.2718;0.2275;0.3209;0.0662;0.3759
511;perplexity_qwen;Baseline_V2;-9.0058;-12.7006;-12.5948;-11.5737;-9.1929
512;chat_cite;Baseline_V2;1;1;1;1;0
512;sentence_cite;Baseline_V2;7;5;2;2;0
512;absolute_wordcount;Baseline_V2;93.5;43.5;11.5;7.5;0
512;position_adjusted_wordcount;Baseline_V2;67.3518;23.2985;6.4174;4.9443;0
512;impression_pos_count_simple;Baseline_V2;3.6157;1.6868;0.371;0.4216;0
512;rvs_sentiment;Baseline_V2;-1.3049;-2.2487;8.0205;3.3621;0
512;rouge_l_recall;Baseline_V2;0.0442;0.0736;0.0557;0.0197;0.0733
512;bleu;Baseline_V2;0.0;0.001;0.0;0.0;0.004
512;length_ratio;Baseline_V2;0.1057;0.221;0.2573;0.0435;0.2982
512;perplexity_qwen;Baseline_V2;-13.3609;-7.7733;-6.056;-8.6626;-6.5526
513;chat_cite;Baseline_V2;1;1;1;0;0
513;sentence_cite;Baseline_V2;2;1;1;0;0
513;absolute_wordcount;Baseline_V2;43.0;16.0;23.0;0;0
513;position_adjusted_wordcount;Baseline_V2;29.5371;10.7251;10.3346;0;0
513;impression_pos_count_simple;Baseline_V2;1.3675;0.6703;0.4493;0;0
513;rvs_sentiment;Baseline_V2;11.5927;0.0;5.2768;0;0
513;rouge_l_recall;Baseline_V2;0.0802;0.0833;0.0564;0.0491;0
513;bleu;Baseline_V2;0.0;0.0037;0.0;0.0;0
513;length_ratio;Baseline_V2;0.2785;0.3154;0.2274;0.2341;0.0
513;perplexity_qwen;Baseline_V2;-12.0159;-5.3817;-14.1106;-23.0567;0.0
514;chat_cite;Baseline_V2;1;0;1;1;1
514;sentence_cite;Baseline_V2;5;0;2;4;1
514;absolute_wordcount;Baseline_V2;41.5;0;14.5;31.5;7.5
514;position_adjusted_wordcount;Baseline_V2;23.2008;0;7.4902;16.1536;4.1648
514;impression_pos_count_simple;Baseline_V2;1.6921;0;0.5272;1.2526;0.2777
514;rvs_sentiment;Baseline_V2;3.5082;0;8.4075;2.2489;-2.6505
514;rouge_l_recall;Baseline_V2;0.0357;0.0693;0.0366;0.072;0.0438
514;bleu;Baseline_V2;0.0;0.0;0.0;0.0021;0.0
514;length_ratio;Baseline_V2;0.0644;0.2888;0.1171;0.2185;0.1099
514;perplexity_qwen;Baseline_V2;-9.963;-8.4345;-9.8675;-5.0337;-7.3412
515;chat_cite;Baseline_V2;1;0;0;0;0
515;sentence_cite;Baseline_V2;4;0;0;0;0
515;absolute_wordcount;Baseline_V2;64.0;0;0;0;0
515;position_adjusted_wordcount;Baseline_V2;34.5213;0;0;0;0
515;impression_pos_count_simple;Baseline_V2;2.2301;0;0;0;0
515;rvs_sentiment;Baseline_V2;-2.6327;0;0;0;0
515;rouge_l_recall;Baseline_V2;0.0547;0.0601;0.0326;0.0381;0.069
515;bleu;Baseline_V2;0.0;0.0;0.0;0.0;0.0
515;length_ratio;Baseline_V2;0.0882;0.2938;0.1426;0.1681;0.3392
515;perplexity_qwen;Baseline_V2;-8.3502;-10.8489;-7.7093;-12.3149;-14.8977
516;chat_cite;Baseline_V2;0;0;0;0;0
516;sentence_cite;Baseline_V2;0;0;0;0;0
516;absolute_wordcount;Baseline_V2;0;0;0;0;0
516;position_adjusted_wordcount;Baseline_V2;0;0;0;0;0
516;impression_pos_count_simple;Baseline_V2;0;0;0;0;0
516;rvs_sentiment;Baseline_V2;0;0;0;0;0
516;rouge_l_recall;Baseline_V2;0.0298;0.0499;0.0412;0.0895;0.0373
516;bleu;Baseline_V2;0.0;0.0004;0.0001;0.0;0.0001
516;length_ratio;Baseline_V2;0.0801;0.1768;0.1265;0.4175;0.1395
516;perplexity_qwen;Baseline_V2;-7.501;-9.8374;-11.2155;-7.6367;-11.3939
517;chat_cite;Baseline_V2;0;0;0;0;0
517;sentence_cite;Baseline_V2;0;0;0;0;0
517;absolute_wordcount;Baseline_V2;0;0;0;0;0
517;position_adjusted_wordcount;Baseline_V2;0;0;0;0;0
517;impression_pos_count_simple;Baseline_V2;0;0;0;0;0
517;rvs_sentiment;Baseline_V2;0;0;0;0;0
517;rouge_l_recall;Baseline_V2;0.0341;0.0287;0.0183;0.034;0.0308
517;bleu;Baseline_V2;0.0;0.0;0.0;0.0;0.0
517;length_ratio;Baseline_V2;0.1297;0.0875;0.0423;0.0955;0.1033
517;perplexity_qwen;Baseline_V2;-17.0827;-4.0789;-10.0016;-8.6131;-16.1694
518;chat_cite;Baseline_V2;0;0;0;0;0
518;sentence_cite;Baseline_V2;0;0;0;0;0
518;absolute_wordcount;Baseline_V2;0;0;0;0;0
518;position_adjusted_wordcount;Baseline_V2;0;0;0;0;0
518;impression_pos_count_simple;Baseline_V2;0;0;0;0;0
518;rvs_sentiment;Baseline_V2;0;0;0;0;0
518;rouge_l_recall;Baseline_V2;0.0342;0.0279;0.0003;0.0304;0.0136
518;bleu;Baseline_V2;0.0;0.0;0.0;0.0;0.0
518;length_ratio;Baseline_V2;0.1223;0.0787;0.0164;0.0672;0.0304
518;perplexity_qwen;Baseline_V2;-8.4238;-9.8226;-1.2374;-3.9642;-13.3471
519;chat_cite;Baseline_V2;1;1;1;1;1
519;sentence_cite;Baseline_V2;4;3;2;7;3
519;absolute_wordcount;Baseline_V2;73.0;28.0;42.0;121.0;44.0
519;position_adjusted_wordcount;Baseline_V2;60.4546;18.5271;28.5663;61.4008;18.0755
519;impression_pos_count_simple;Baseline_V2;3.2651;2.0675;1.3511;3.5763;1.2162
519;rvs_sentiment;Baseline_V2;13.7744;2.0786;7.5333;9.6271;3.2699
519;rouge_l_recall;Baseline_V2;0.1046;0.0991;0.0822;0.0626;0.0391
519;bleu;Baseline_V2;0.0072;0.0;0.0;0.0014;0.0
519;length_ratio;Baseline_V2;0.3804;0.5084;0.3678;0.2198;0.1419
519;perplexity_qwen;Baseline_V2;-11.3697;-4.7297;-8.7493;-7.6521;-11.5066
520;chat_cite;Baseline_V2;1;1;0;0;1
520;sentence_cite;Baseline_V2;5;1;0;0;3
520;absolute_wordcount;Baseline_V2;82.0;15.0;0;0;50.0
520;position_adjusted_wordcount;Baseline_V2;50.6595;7.2046;0;0;36.2199
520;impression_pos_count_simple;Baseline_V2;2.3884;0.4803;0;0;1.4686
520;rvs_sentiment;Baseline_V2;36.8209;4.5886;0;0;24.7258
520;rouge_l_recall;Baseline_V2;0.0812;0.0845;0.0541;0.0405;0.0578
520;bleu;Baseline_V2;0.0048;0.006;0.0;0.0;0.0004
520;length_ratio;Baseline_V2;0.2526;0.3742;0.1958;0.111;0.1659
520;perplexity_qwen;Baseline_V2;-12.3149;-12.3177;-16.4315;-5.1485;-12.624
521;chat_cite;Baseline_V2;1;1;1;0;1
521;sentence_cite;Baseline_V2;6;1;1;0;5
521;absolute_wordcount;Baseline_V2;93.3333;4.3333;18.0;0;71.3333
521;position_adjusted_wordcount;Baseline_V2;60.8107;1.5941;7.9875;0;44.7507
521;impression_pos_count_simple;Baseline_V2;3.4285;0.1226;0.4437;0;2.7015
521;rvs_sentiment;Baseline_V2;1.6224;1.8259;0.0;0;11.442
521;rouge_l_recall;Baseline_V2;0.0509;0.0834;0.0317;0.0483;0.0437
521;bleu;Baseline_V2;0.0001;0.0;0.0;0.0;0.0
521;length_ratio;Baseline_V2;0.1319;0.3892;0.0928;0.1755;0.1129
521;perplexity_qwen;Baseline_V2;-7.1472;-11.0778;-12.0437;-11.1023;-10.3032
522;chat_cite;Baseline_V2;1;1;1;0;1
522;sentence_cite;Baseline_V2;4;1;3;0;1
522;absolute_wordcount;Baseline_V2;62.0;18.0;36.0;0;13.0
522;position_adjusted_wordcount;Baseline_V2;35.8338;10.7014;22.8865;0;6.0797
522;impression_pos_count_simple;Baseline_V2;2.4187;0.5945;1.8953;0;0.4677
522;rvs_sentiment;Baseline_V2;6.4511;0.0;2.6642;0;2.8982
522;rouge_l_recall;Baseline_V2;0.0787;0.0642;0.0402;0.0547;0.0364
522;bleu;Baseline_V2;0.0034;0.0;0.0;0.0;0.0
522;length_ratio;Baseline_V2;0.2885;0.2464;0.115;0.2038;0.0959
522;perplexity_qwen;Baseline_V2;-11.3697;-9.3248;-13.0804;-11.1368;-8.9745
523;chat_cite;Baseline_V2;0;0;0;0;0
523;sentence_cite;Baseline_V2;0;0;0;0;0
523;absolute_wordcount;Baseline_V2;0;0;0;0;0
523;position_adjusted_wordcount;Baseline_V2;0;0;0;0;0
523;impression_pos_count_simple;Baseline_V2;0;0;0;0;0
523;rvs_sentiment;Baseline_V2;0;0;0;0;0
523;rouge_l_recall;Baseline_V2;0.0;0.0;0.0;0.0;0
523;bleu;Baseline_V2;0;0;0;0;0
523;length_ratio;Baseline_V2;0.0005;0.001;0.0008;0.0009;0.0
523;perplexity_qwen;Baseline_V2;-10.3616;-17.4237;-9.4871;-13.4577;0.0
524;chat_cite;Baseline_V2;1;1;0;0;1
524;sentence_cite;Baseline_V2;5;3;0;0;6
524;absolute_wordcount;Baseline_V2;68.0;38.5;0;0;62.5
524;position_adjusted_wordcount;Baseline_V2;45.9434;19.1811;0;0;39.1662
524;impression_pos_count_simple;Baseline_V2;2.6588;1.282;0;0;2.7179
524;rvs_sentiment;Baseline_V2;25.2261;-4.9613;0;0;9.6632
524;rouge_l_recall;Baseline_V2;0.0637;0.0255;0.0255;0.0455;0.0641
524;bleu;Baseline_V2;0.0004;0.0;0.0;0.0;0.0015
524;length_ratio;Baseline_V2;0.1783;0.0787;0.0862;0.2102;0.2208
524;perplexity_qwen;Baseline_V2;-11.9199;-10.0387;-12.3963;-11.1155;-18.2543
525;chat_cite;Baseline_V2;1;1;1;0;1
525;sentence_cite;Baseline_V2;5;2;2;0;2
525;absolute_wordcount;Baseline_V2;65.0;21.0;18.0;0;22.0
525;position_adjusted_wordcount;Baseline_V2;46.5169;16.1913;8.3741;0;10.0
525;impression_pos_count_simple;Baseline_V2;2.7813;1.5475;0.683;0;0.6901
525;rvs_sentiment;Baseline_V2;22.0958;7.9199;3.5144;0;0.8588
525;rouge_l_recall;Baseline_V2;0.1077;0.0646;0.0852;0.1168;0.0643
525;bleu;Baseline_V2;0.0099;0.0015;0.0088;0.0;0.0028
525;length_ratio;Baseline_V2;0.2901;0.2145;0.4529;0.7912;0.2965
525;perplexity_qwen;Baseline_V2;-7.7714;-8.6595;-10.8896;-9.9188;-14.5626
526;chat_cite;Baseline_V2;1;1;1;0;0
526;sentence_cite;Baseline_V2;11;1;1;0;0
526;absolute_wordcount;Baseline_V2;193.0;15.0;27.0;0;0
526;position_adjusted_wordcount;Baseline_V2;113.2135;7.1629;10.8351;0;0
526;impression_pos_count_simple;Baseline_V2;6.5035;0.4775;0.4013;0;0
526;rvs_sentiment;Baseline_V2;29.1975;-0.9169;3.9136;0;0
526;rouge_l_recall;Baseline_V2;0.165;0.0443;0.0535;0.055;0.0972
526;bleu;Baseline_V2;0.0329;0.0;0.0007;0.0013;0.0188
526;length_ratio;Baseline_V2;0.328;0.1389;0.1942;0.2366;0.4544
526;perplexity_qwen;Baseline_V2;-7.8741;-13.5982;-12.7772;-12.4763;-5.5485
527;chat_cite;Baseline_V2;1;1;1;0;1
527;sentence_cite;Baseline_V2;5;1;1;0;2
527;absolute_wordcount;Baseline_V2;83.0;16.0;12.5;0;37.5
527;position_adjusted_wordcount;Baseline_V2;55.3796;6.3567;6.7554;0;19.2659
527;impression_pos_count_simple;Baseline_V2;3.3035;0.3973;0.2702;0;0.7706
527;rvs_sentiment;Baseline_V2;7.4919;1.286;9.059;0;19.0924
527;rouge_l_recall;Baseline_V2;0.0664;0.0365;0.0969;0.0304;0.0243
527;bleu;Baseline_V2;0.0;0.0;0.0;0.0;0.0
527;length_ratio;Baseline_V2;0.1862;0.0908;0.3441;0.1153;0.0589
527;perplexity_qwen;Baseline_V2;-5.2005;-5.9291;-7.8182;-8.0866;-4.3587
528;chat_cite;Baseline_V2;1;0;1;1;0
528;sentence_cite;Baseline_V2;7;0;4;7;0
528;absolute_wordcount;Baseline_V2;50.0;0;28.5;48.5;0
528;position_adjusted_wordcount;Baseline_V2;31.4372;0;15.4677;27.5087;0
528;impression_pos_count_simple;Baseline_V2;2.1525;0;1.0405;1.9816;0
528;rvs_sentiment;Baseline_V2;14.7729;0;10.8922;7.8671;0
528;rouge_l_recall;Baseline_V2;0.0516;0.0735;0.0522;0.0803;0.0597
528;bleu;Baseline_V2;0.0001;0.0021;0.0001;0.0;0.0018
528;length_ratio;Baseline_V2;0.1187;0.2559;0.1424;0.3208;0.2185
528;perplexity_qwen;Baseline_V2;-12.5243;-7.9896;-7.3123;-6.0964;-4.7449
529;chat_cite;Baseline_V2;1;1;1;1;1
529;sentence_cite;Baseline_V2;2;2;2;2;1
529;absolute_wordcount;Baseline_V2;52.0;31.5;24.5;44.0;21.0
529;position_adjusted_wordcount;Baseline_V2;46.6823;23.9453;14.6594;27.2134;9.5717
529;impression_pos_count_simple;Baseline_V2;1.7979;1.1328;0.8904;1.1892;0.4558
529;rvs_sentiment;Baseline_V2;-9.9543;11.5854;3.7049;10.3929;-2.615
529;rouge_l_recall;Baseline_V2;0.0456;0.0455;0.0853;0.0497;0.0226
529;bleu;Baseline_V2;0.0002;0.0;0.0098;0.0007;0.0
529;length_ratio;Baseline_V2;0.1658;0.1222;0.4446;0.1669;0.051
529;perplexity_qwen;Baseline_V2;-11.8506;-6.1485;-8.0234;-12.1385;-9.4353
530;chat_cite;Baseline_V2;1;1;0;1;1
530;sentence_cite;Baseline_V2;5;4;0;2;2
530;absolute_wordcount;Baseline_V2;72.0;42.6667;0;19.6667;15.6667
530;position_adjusted_wordcount;Baseline_V2;46.516;25.1028;0;9.4757;6.8818
530;impression_pos_count_simple;Baseline_V2;3.2104;1.9548;0;0.6306;0.5837
530;rvs_sentiment;Baseline_V2;-4.0308;-5.6419;0;-4.1077;-1.2877
530;rouge_l_recall;Baseline_V2;0.1111;0.0506;0.0528;0.1154;0.0599
530;bleu;Baseline_V2;0.0135;0.0002;0.0007;0.0147;0.0031
530;length_ratio;Baseline_V2;0.3966;0.1535;0.2086;0.5991;0.2879
530;perplexity_qwen;Baseline_V2;-16.1596;-12.0798;-15.2813;-14.5035;-10.9527
531;chat_cite;Baseline_V2;1;1;1;0;1
531;sentence_cite;Baseline_V2;4;2;2;0;1
531;absolute_wordcount;Baseline_V2;54.0;25.0;25.0;0;23.0
531;position_adjusted_wordcount;Baseline_V2;37.3165;15.0534;13.4111;0;11.1953
531;impression_pos_count_simple;Baseline_V2;2.7634;1.1928;1.0438;0;0.4868
531;rvs_sentiment;Baseline_V2;9.467;-0.0453;8.3006;0;-6.856
531;rouge_l_recall;Baseline_V2;0.0997;0.052;0.0576;0.0997;0.0657
531;bleu;Baseline_V2;0.014;0.0011;0.0005;0.014;0.0018
531;length_ratio;Baseline_V2;0.2924;0.2435;0.1841;0.2924;0.265
531;perplexity_qwen;Baseline_V2;-7.6325;-5.972;-11.8397;-7.6325;-10.9353
532;chat_cite;Baseline_V2;1;1;1;1;1
532;sentence_cite;Baseline_V2;5;4;3;4;3
532;absolute_wordcount;Baseline_V2;83.6;52.1;45.6;37.6;28.1
532;position_adjusted_wordcount;Baseline_V2;62.1631;30.3256;24.9303;16.893;13.1187
532;impression_pos_count_simple;Baseline_V2;3.0799;1.5832;1.1977;0.7541;0.5555
532;rvs_sentiment;Baseline_V2;22.5679;20.9087;13.8591;28.328;22.0846
532;rouge_l_recall;Baseline_V2;0.1343;0.0668;0.0566;0.092;0.0418
532;bleu;Baseline_V2;0.0373;0.0022;0.0007;0.0;0.0
532;length_ratio;Baseline_V2;0.6158;0.2484;0.1839;0.4817;0.2081
532;perplexity_qwen;Baseline_V2;-9.2673;-11.2609;-11.9657;-7.1879;-17.27
533;chat_cite;Baseline_V2;1;1;0;0;0
533;sentence_cite;Baseline_V2;4;6;0;0;0
533;absolute_wordcount;Baseline_V2;61.0;103.0;0;0;0
533;position_adjusted_wordcount;Baseline_V2;34.389;58.9835;0;0;0
533;impression_pos_count_simple;Baseline_V2;1.9715;3.1714;0;0;0
533;rvs_sentiment;Baseline_V2;19.8664;42.6103;0;0;0
533;rouge_l_recall;Baseline_V2;0.0323;0.0705;0.051;0.0504;0.0722
533;bleu;Baseline_V2;0.0;0.0;0.0;0.0;0.0
533;length_ratio;Baseline_V2;0.1023;0.2513;0.2734;0.1996;0.3697
533;perplexity_qwen;Baseline_V2;-13.9273;-17.5493;-9.932;-10.7225;-8.5402
534;chat_cite;Baseline_V2;1;0;1;1;1
534;sentence_cite;Baseline_V2;2;0;4;2;2
534;absolute_wordcount;Baseline_V2;45.0;0;69.0;29.0;40.0
534;position_adjusted_wordcount;Baseline_V2;30.4779;0;36.9858;22.7287;17.917
534;impression_pos_count_simple;Baseline_V2;1.3199;0;2.1242;1.563;0.8813
534;rvs_sentiment;Baseline_V2;18.5258;0;18.2532;9.4187;11.2785
534;rouge_l_recall;Baseline_V2;0.1849;0.1508;0.0437;0.0708;0.061
534;bleu;Baseline_V2;0.0434;0.0;0.0;0.0;0.0004
534;length_ratio;Baseline_V2;1.1184;1.3281;0.1032;0.3236;0.1684
534;perplexity_qwen;Baseline_V2;-11.501;-15.9061;-3.7025;-19.7063;-7.4841
535;chat_cite;Baseline_V2;0;0;0;0;0
535;sentence_cite;Baseline_V2;0;0;0;0;0
535;absolute_wordcount;Baseline_V2;0;0;0;0;0
535;position_adjusted_wordcount;Baseline_V2;0;0;0;0;0
535;impression_pos_count_simple;Baseline_V2;0;0;0;0;0
535;rvs_sentiment;Baseline_V2;0;0;0;0;0
535;rouge_l_recall;Baseline_V2;0.071;0.0289;0.0323;0.0012;0.0681
535;bleu;Baseline_V2;0.0013;0.0;0.0;0.0;0.0
535;length_ratio;Baseline_V2;0.1908;0.0857;0.1194;0.0466;0.2237
535;perplexity_qwen;Baseline_V2;-3.9642;-12.422;-12.1818;-1.2374;-9.8226
536;chat_cite;Baseline_V2;1;1;1;1;1
536;sentence_cite;Baseline_V2;2;1;2;1;3
536;absolute_wordcount;Baseline_V2;13.5;0.0;14.0;13.5;14.0
536;position_adjusted_wordcount;Baseline_V2;7.5666;0.0;7.4445;7.5666;7.4445
536;impression_pos_count_simple;Baseline_V2;0.499;0.2522;0.4847;0.2802;0.7369
536;rvs_sentiment;Baseline_V2;9.6383;0.0;-3.0121;9.6383;-3.0121
536;rouge_l_recall;Baseline_V2;0.0411;0.0214;0.0403;0.2184;0.0155
536;bleu;Baseline_V2;0.0;0.0;0.0001;0.0;0.0
536;length_ratio;Baseline_V2;0.1255;0.0667;0.1528;4.1977;0.0506
536;perplexity_qwen;Baseline_V2;-15.067;-7.0759;-10.4408;-15.976;-5.9025
537;chat_cite;Baseline_V2;1;1;1;0;0
537;sentence_cite;Baseline_V2;5;6;4;0;0
537;absolute_wordcount;Baseline_V2;73.0;106.0;64.0;0;0
537;position_adjusted_wordcount;Baseline_V2;58.4789;63.2739;34.2468;0;0
537;impression_pos_count_simple;Baseline_V2;4.0214;3.3966;2.1021;0;0
537;rvs_sentiment;Baseline_V2;-19.4758;5.7324;6.1607;0;0
537;rouge_l_recall;Baseline_V2;0.1277;0.0836;0.084;0.1139;0.0915
537;bleu;Baseline_V2;0.0103;0.0029;0.0064;0.0;0.0
537;length_ratio;Baseline_V2;0.479;0.293;0.3331;0.6596;0.4708
537;perplexity_qwen;Baseline_V2;-5.9843;-15.8512;-8.8128;-14.7887;-13.2758
538;chat_cite;Baseline_V2;1;1;1;1;1
538;sentence_cite;Baseline_V2;2;2;4;2;2
538;absolute_wordcount;Baseline_V2;19.0;16.0;48.0;15.0;24.0
538;position_adjusted_wordcount;Baseline_V2;16.2249;11.0692;32.5338;7.5673;10.898
538;impression_pos_count_simple;Baseline_V2;0.9275;0.7654;2.0972;0.5781;0.5277
538;rvs_sentiment;Baseline_V2;6.8388;-4.6657;21.7805;2.8892;8.4819
538;rouge_l_recall;Baseline_V2;0.4095;0.1383;0.1115;0.0624;0.0485
538;bleu;Baseline_V2;0.0377;0.0;0.0137;0.0013;0.0
538;length_ratio;Baseline_V2;3.5631;1.0669;0.4646;0.2086;0.1474
538;perplexity_qwen;Baseline_V2;-12.0682;-16.469;-6.1799;-5.8699;-14.177
539;chat_cite;Baseline_V2;1;0;0;1;1
539;sentence_cite;Baseline_V2;4;0;0;1;2
539;absolute_wordcount;Baseline_V2;57.0;0;0;13.0;44.0
539;position_adjusted_wordcount;Baseline_V2;41.1277;0;0;8.1522;19.8144
539;impression_pos_count_simple;Baseline_V2;2.8852;0;0;0.6271;0.9007
539;rvs_sentiment;Baseline_V2;21.9211;0;0;2.038;7.9343
539;rouge_l_recall;Baseline_V2;0.0347;0.0716;0.0716;0.0683;0.0501
539;bleu;Baseline_V2;0.0;0.0027;0.0027;0.0;0.0
539;length_ratio;Baseline_V2;0.0844;0.2526;0.2526;0.2721;0.1273
539;perplexity_qwen;Baseline_V2;-11.3939;-7.6367;-7.6367;-15.7634;-9.7057
540;chat_cite;Baseline_V2;1;1;1;1;0
540;sentence_cite;Baseline_V2;6;2;2;3;0
540;absolute_wordcount;Baseline_V2;111.0;37.0;34.0;61.0;0
540;position_adjusted_wordcount;Baseline_V2;73.0476;23.0945;15.7841;32.0161;0
540;impression_pos_count_simple;Baseline_V2;3.9801;1.2745;0.9777;1.5728;0
540;rvs_sentiment;Baseline_V2;18.1611;11.3286;0.0;17.5843;0
540;rouge_l_recall;Baseline_V2;0.089;0.0779;0.0893;0.0172;0
540;bleu;Baseline_V2;0.0083;0.0081;0.0066;0.0;0
540;length_ratio;Baseline_V2;0.3564;0.3364;0.447;0.052;0.0
540;perplexity_qwen;Baseline_V2;-15.4262;-10.8054;-15.063;-5.9025;0.0
541;chat_cite;Baseline_V2;1;1;1;1;1
541;sentence_cite;Baseline_V2;3;6;4;2;3
541;absolute_wordcount;Baseline_V2;47.0;110.0;80.0;20.0;47.0
541;position_adjusted_wordcount;Baseline_V2;32.3465;76.514;46.6056;10.3395;25.4114
541;impression_pos_count_simple;Baseline_V2;1.8602;3.7176;2.2945;0.8202;1.659
541;rvs_sentiment;Baseline_V2;9.4635;30.634;34.455;6.1411;4.8285
541;rouge_l_recall;Baseline_V2;0.1059;0.0638;0.0896;0.0752;0.0871
541;bleu;Baseline_V2;0.0152;0.0021;0.0069;0.0032;0.0
541;length_ratio;Baseline_V2;0.4948;0.2591;0.3036;0.2645;0.3677
541;perplexity_qwen;Baseline_V2;-6.5854;-8.2448;-7.9652;-5.8138;-10.8258
542;chat_cite;Baseline_V2;1;1;1;0;0
542;sentence_cite;Baseline_V2;4;4;3;0;0
542;absolute_wordcount;Baseline_V2;53.0;83.0;45.0;0;0
542;position_adjusted_wordcount;Baseline_V2;35.5487;45.8954;20.8472;0;0
542;impression_pos_count_simple;Baseline_V2;2.7036;2.1835;1.3623;0;0
542;rvs_sentiment;Baseline_V2;9.1096;9.6418;7.3266;0;0
542;rouge_l_recall;Baseline_V2;0.1576;0.0973;0.1105;0.0657;0.0776
542;bleu;Baseline_V2;0.0363;0.005;0.0;0.0;0.0028
542;length_ratio;Baseline_V2;0.4444;0.3519;0.4885;0.2311;0.2375
542;perplexity_qwen;Baseline_V2;-10.7425;-12.3149;-12.9681;-12.4873;-8.3754
543;chat_cite;Baseline_V2;1;1;1;0;1
543;sentence_cite;Baseline_V2;1;9;2;0;3
543;absolute_wordcount;Baseline_V2;0.0;132.0;20.0;0;26.5
543;position_adjusted_wordcount;Baseline_V2;0.0;86.1345;9.5725;0;16.7877
543;impression_pos_count_simple;Baseline_V2;0.092;4.5441;0.5706;0;1.0366
543;rvs_sentiment;Baseline_V2;0.0;-20.9446;-3.2546;0;-6.2908
543;rouge_l_recall;Baseline_V2;0.104;0.0374;0.0736;0.0597;0.0521
543;bleu;Baseline_V2;0.0146;0.0;0.0019;0.0;0.0007
543;length_ratio;Baseline_V2;0.46;0.0969;0.2672;2.6861;0.2284
543;perplexity_qwen;Baseline_V2;-3.8888;-10.6762;-12.7789;-14.4213;-15.9529
544;chat_cite;Baseline_V2;1;0;1;1;1
544;sentence_cite;Baseline_V2;4;0;2;1;4
544;absolute_wordcount;Baseline_V2;63.0;0;32.0;18.0;64.0
544;position_adjusted_wordcount;Baseline_V2;39.7012;0;14.785;14.0184;29.7588
544;impression_pos_count_simple;Baseline_V2;2.3821;0;0.9031;0.7788;1.9265
544;rvs_sentiment;Baseline_V2;4.2273;0;1.9208;6.6826;7.1873
544;rouge_l_recall;Baseline_V2;0.0463;0.0883;0.0739;0.1185;0.0545
544;bleu;Baseline_V2;0.0;0.009;0.0048;0.0137;0.0008
544;length_ratio;Baseline_V2;0.1626;0.3916;0.2702;0.6853;0.1634
544;perplexity_qwen;Baseline_V2;-19.4146;-11.2612;-8.353;-8.8539;-10.64
545;chat_cite;Baseline_V2;1;0;1;0;0
545;sentence_cite;Baseline_V2;10;0;2;0;0
545;absolute_wordcount;Baseline_V2;168.0;0;31.0;0;0
545;position_adjusted_wordcount;Baseline_V2;99.1083;0;16.3001;0;0
545;impression_pos_count_simple;Baseline_V2;5.9467;0;1.0332;0;0
545;rvs_sentiment;Baseline_V2;32.2295;0;9.9845;0;0
545;rouge_l_recall;Baseline_V2;0.0437;0.0377;0.1022;0.034;0
545;bleu;Baseline_V2;0.0;0.0;0.0;0.0;0
545;length_ratio;Baseline_V2;0.0968;0.1074;0.4495;0.0945;0.0
545;perplexity_qwen;Baseline_V2;-9.6031;-11.1434;-13.4986;-14.0561;0.0
546;chat_cite;Baseline_V2;1;0;0;1;0
546;sentence_cite;Baseline_V2;4;0;0;1;0
546;absolute_wordcount;Baseline_V2;83.0;0;0;17.0;0
546;position_adjusted_wordcount;Baseline_V2;47.4028;0;0;6.9889;0
546;impression_pos_count_simple;Baseline_V2;2.1878;0;0;0.4111;0
546;rvs_sentiment;Baseline_V2;18.7804;0;0;-2.0687;0
546;rouge_l_recall;Baseline_V2;0.0362;0.02;0.0348;0.0405;0.0355
546;bleu;Baseline_V2;0.0;0.0;0.0;0.0;0.0
546;length_ratio;Baseline_V2;0.1016;0.0499;0.1269;0.1061;0.1303
546;perplexity_qwen;Baseline_V2;-16.691;-12.6603;-13.2061;-7.2038;-16.8591
547;chat_cite;Baseline_V2;1;0;0;1;1
547;sentence_cite;Baseline_V2;9;0;0;2;5
547;absolute_wordcount;Baseline_V2;133.0;0;0;19.0;69.0
547;position_adjusted_wordcount;Baseline_V2;86.8372;0;0;9.6458;40.8111
547;impression_pos_count_simple;Baseline_V2;5.8109;0;0;0.7125;2.6425
547;rvs_sentiment;Baseline_V2;34.3787;0;0;-2.6282;7.2109
547;rouge_l_recall;Baseline_V2;0.0534;0.0588;0.0181;0.0629;0.0939
547;bleu;Baseline_V2;0.0004;0.0;0.0;0.0;0.0
547;length_ratio;Baseline_V2;0.1596;0.2385;0.0642;0.2841;0.3195
547;perplexity_qwen;Baseline_V2;-11.8988;-10.7657;-14.016;-10.3934;-9.4083
548;chat_cite;Baseline_V2;1;1;0;1;0
548;sentence_cite;Baseline_V2;4;1;0;3;0
548;absolute_wordcount;Baseline_V2;81.0;21.0;0;48.0;0
548;position_adjusted_wordcount;Baseline_V2;55.0081;11.9654;0;25.2649;0
548;impression_pos_count_simple;Baseline_V2;2.7832;0.5698;0;1.5817;0
548;rvs_sentiment;Baseline_V2;10.8699;0.0;0;5.9702;0
548;rouge_l_recall;Baseline_V2;0.056;0.0302;0.0567;0.0218;0.0197
548;bleu;Baseline_V2;0.0001;0.0;0.0;0.0;0.0
548;length_ratio;Baseline_V2;0.1397;0.0924;0.2605;0.0662;0.0561
548;perplexity_qwen;Baseline_V2;-24.3535;-10.4659;-6.4576;-15.1487;-9.0873
549;chat_cite;Baseline_V2;1;1;1;0;0
549;sentence_cite;Baseline_V2;3;2;2;0;0
549;absolute_wordcount;Baseline_V2;65.0;42.0;47.0;0;0
549;position_adjusted_wordcount;Baseline_V2;39.9951;18.1407;23.9038;0;0
549;impression_pos_count_simple;Baseline_V2;1.8947;0.8638;1.0038;0;0
549;rvs_sentiment;Baseline_V2;13.6938;-6.0792;1.5998;0;0
549;rouge_l_recall;Baseline_V2;0.1042;0.0497;0.0405;0.0739;0.1051
549;bleu;Baseline_V2;0.0124;0.0007;0.0;0.0;0.0
549;length_ratio;Baseline_V2;0.465;0.1969;0.1338;0.2953;0.7143
549;perplexity_qwen;Baseline_V2;-19.7858;-13.8698;-12.1672;-7.2919;-8.8012
550;chat_cite;Baseline_V2;1;1;1;1;0
550;sentence_cite;Baseline_V2;5;1;3;1;0
550;absolute_wordcount;Baseline_V2;101.0;12.0;55.0;15.0;0
550;position_adjusted_wordcount;Baseline_V2;61.6034;4.6667;37.1978;9.098;0
550;impression_pos_count_simple;Baseline_V2;2.9705;0.3889;1.9724;0.6065;0
550;rvs_sentiment;Baseline_V2;19.5335;1.6856;0.2407;3.4736;0
550;rouge_l_recall;Baseline_V2;0.0819;0.0538;0.0561;0.0799;0.0347
550;bleu;Baseline_V2;0.0027;0.0007;0.0;0.0;0.0
550;length_ratio;Baseline_V2;0.234;0.1934;0.1113;0.3953;0.1517
550;perplexity_qwen;Baseline_V2;-8.6064;-8.4727;-8.6664;-9.3358;-9.4815
551;chat_cite;Baseline_V2;1;1;1;1;1
551;sentence_cite;Baseline_V2;3;4;2;2;1
551;absolute_wordcount;Baseline_V2;51.0;81.0;25.5;30.5;21.0
551;position_adjusted_wordcount;Baseline_V2;41.7505;54.9931;12.7616;15.9247;8.2581
551;impression_pos_count_simple;Baseline_V2;2.4378;2.5735;0.7547;0.7878;0.3932
551;rvs_sentiment;Baseline_V2;6.826;5.5959;1.6654;-2.0921;0.6375
551;rouge_l_recall;Baseline_V2;0.0723;0.0966;0.1087;0.1186;0.1082
551;bleu;Baseline_V2;0.0064;0.0118;0.0183;0.0129;0.0137
551;length_ratio;Baseline_V2;0.3065;0.304;0.4707;0.5044;0.4577
551;perplexity_qwen;Baseline_V2;-10.7218;-12.48;-13.9704;-10.7768;-10.5337
552;chat_cite;Baseline_V2;1;1;1;0;0
552;sentence_cite;Baseline_V2;7;1;1;0;0
552;absolute_wordcount;Baseline_V2;145.0;28.0;16.0;0;0
552;position_adjusted_wordcount;Baseline_V2;96.3123;12.1687;11.4645;0;0
552;impression_pos_count_simple;Baseline_V2;4.6134;0.4346;0.7165;0;0
552;rvs_sentiment;Baseline_V2;32.5949;10.2242;5.2599;0;0
552;rouge_l_recall;Baseline_V2;0.0484;0.0497;0.0346;0.0358;0.0401
552;bleu;Baseline_V2;0.0001;0.0;0.0;0.0;0.0
552;length_ratio;Baseline_V2;0.1166;0.1897;0.1126;0.1269;0.1293
552;perplexity_qwen;Baseline_V2;-13.9075;-7.0867;-9.8331;-17.1809;-6.5036
553;chat_cite;Baseline_V2;1;1;1;0;0
553;sentence_cite;Baseline_V2;7;1;1;0;0
553;absolute_wordcount;Baseline_V2;130.0;9.0;15.0;0;0
553;position_adjusted_wordcount;Baseline_V2;74.8982;4.0868;6.1307;0;0
553;impression_pos_count_simple;Baseline_V2;4.1573;0.4541;0.4087;0;0
553;rvs_sentiment;Baseline_V2;25.5725;1.3895;-3.4173;0;0
553;rouge_l_recall;Baseline_V2;0.0399;0.04;0.0922;0.0715;0.0415
553;bleu;Baseline_V2;0.0;0.0;0.0;0.0;0.0
553;length_ratio;Baseline_V2;0.0872;0.1405;0.4732;0.2489;0.1472
553;perplexity_qwen;Baseline_V2;-7.4947;-13.3609;-8.8055;-8.0704;-14.0595
554;chat_cite;Baseline_V2;1;1;1;1;0
554;sentence_cite;Baseline_V2;2;4;2;1;0
554;absolute_wordcount;Baseline_V2;23.6667;84.6667;29.6667;34.0;0
554;position_adjusted_wordcount;Baseline_V2;17.3213;50.6156;13.4214;20.622;0
554;impression_pos_count_simple;Baseline_V2;0.9691;1.8941;0.595;0.6065;0
554;rvs_sentiment;Baseline_V2;-5.6133;36.9822;12.5003;14.0395;0
554;rouge_l_recall;Baseline_V2;0.0705;0.0296;0.0599;0.0674;0.0797
554;bleu;Baseline_V2;0.0;0.0;0.0;0.0017;0.0
554;length_ratio;Baseline_V2;0.3387;0.0842;0.2181;0.2035;0.4569
554;perplexity_qwen;Baseline_V2;-8.4238;-13.3471;-9.8226;-4.048;-17.0384
555;chat_cite;Baseline_V2;0;0;0;0;0
555;sentence_cite;Baseline_V2;0;0;0;0;0
555;absolute_wordcount;Baseline_V2;0;0;0;0;0
555;position_adjusted_wordcount;Baseline_V2;0;0;0;0;0
555;impression_pos_count_simple;Baseline_V2;0;0;0;0;0
555;rvs_sentiment;Baseline_V2;0;0;0;0;0
555;rouge_l_recall;Baseline_V2;0.026;0.071;0.0257;0.0593;0.0396
555;bleu;Baseline_V2;0.0;0.0;0.0;0.0;0.0
555;length_ratio;Baseline_V2;0.063;0.5141;0.0789;0.3613;0.1751
555;perplexity_qwen;Baseline_V2;-5.4232;-9.0889;-4.7721;-11.2972;-7.1472
556;chat_cite;Baseline_V2;1;1;1;1;1
556;sentence_cite;Baseline_V2;6;3;2;2;3
556;absolute_wordcount;Baseline_V2;50.0;24.0;19.5;14.5;21.0
556;position_adjusted_wordcount;Baseline_V2;31.834;14.8297;11.1512;6.3605;12.2136
556;impression_pos_count_simple;Baseline_V2;1.9119;0.9479;0.5765;0.4659;0.8533
556;rvs_sentiment;Baseline_V2;2.8965;-3.326;3.8023;4.6761;7.0963
556;rouge_l_recall;Baseline_V2;0.0514;0.0873;0.0489;0.0395;0.0705
556;bleu;Baseline_V2;0.0001;0.0;0.0;0.0001;0.001
556;length_ratio;Baseline_V2;0.1377;0.3479;0.2138;0.1257;0.2242
556;perplexity_qwen;Baseline_V2;-9.8494;-12.165;-11.5386;-8.679;-6.0886
557;chat_cite;Baseline_V2;0;0;0;0;0
557;sentence_cite;Baseline_V2;0;0;0;0;0
557;absolute_wordcount;Baseline_V2;0;0;0;0;0
557;position_adjusted_wordcount;Baseline_V2;0;0;0;0;0
557;impression_pos_count_simple;Baseline_V2;0;0;0;0;0
557;rvs_sentiment;Baseline_V2;0;0;0;0;0
557;rouge_l_recall;Baseline_V2;0.108;0.0536;0.0466;0.0801;0.073
557;bleu;Baseline_V2;0.0;0.0;0.0001;0.0052;0.0023
557;length_ratio;Baseline_V2;0.5637;0.2197;0.1404;0.3478;0.281
557;perplexity_qwen;Baseline_V2;-9.3358;-12.3842;-5.7648;-15.253;-8.5468
558;chat_cite;Baseline_V2;1;1;1;0;0
558;sentence_cite;Baseline_V2;9;4;3;0;0
558;absolute_wordcount;Baseline_V2;105.5;38.5;25.0;0;0
558;position_adjusted_wordcount;Baseline_V2;67.5116;27.4381;12.5091;0;0
558;impression_pos_count_simple;Baseline_V2;3.897;1.7622;0.7474;0;0
558;rvs_sentiment;Baseline_V2;12.0054;5.1167;-0.217;0;0
558;rouge_l_recall;Baseline_V2;0.0749;0.0756;0.172;0;0
558;bleu;Baseline_V2;0.0029;0.0064;0.0;0;0
558;length_ratio;Baseline_V2;0.2197;0.3191;0.8702;0.0;0.0
558;perplexity_qwen;Baseline_V2;-13.6403;-10.2768;-7.5706;0.0;0.0
559;chat_cite;Baseline_V2;1;1;0;1;0
559;sentence_cite;Baseline_V2;4;2;0;1;0
559;absolute_wordcount;Baseline_V2;87.0;51.0;0;23.0;0
559;position_adjusted_wordcount;Baseline_V2;60.6178;28.7353;0;10.1484;0
559;impression_pos_count_simple;Baseline_V2;2.8194;1.118;0;0.4412;0
559;rvs_sentiment;Baseline_V2;19.0036;21.006;0;6.6949;0
559;rouge_l_recall;Baseline_V2;0.0716;0.0275;0.0625;0.0585;0.2069
559;bleu;Baseline_V2;0.0;0.0;0.0008;0.0;0.0
559;length_ratio;Baseline_V2;0.2955;0.0734;0.1766;0.1902;9.75
559;perplexity_qwen;Baseline_V2;-8.4238;-13.3471;-3.952;-9.8226;-25.5706
560;chat_cite;Baseline_V2;1;1;1;1;0
560;sentence_cite;Baseline_V2;4;1;2;2;0
560;absolute_wordcount;Baseline_V2;75.0;14.0;31.0;23.0;0
560;position_adjusted_wordcount;Baseline_V2;51.5511;8.7449;16.1565;9.7299;0
560;impression_pos_count_simple;Baseline_V2;2.7847;0.6246;1.0278;0.8334;0
560;rvs_sentiment;Baseline_V2;8.7768;-6.124;8.4557;1.0758;0
560;rouge_l_recall;Baseline_V2;0.084;0.0845;0.081;0.0759;0.065
560;bleu;Baseline_V2;0.0033;0.0;0.0;0.0025;0.0012
560;length_ratio;Baseline_V2;0.2788;0.3061;0.2847;0.2283;0.2106
560;perplexity_qwen;Baseline_V2;-18.1307;-14.9134;-15.7478;-11.3949;-4.1498
561;chat_cite;Baseline_V2;1;1;1;0;0
561;sentence_cite;Baseline_V2;2;3;2;0;0
561;absolute_wordcount;Baseline_V2;25.0;59.0;33.0;0;0
561;position_adjusted_wordcount;Baseline_V2;17.6214;30.9425;18.9937;0;0
561;impression_pos_count_simple;Baseline_V2;1.4009;1.605;1.135;0;0
561;rvs_sentiment;Baseline_V2;5.2881;0.8947;6.4069;0;0
561;rouge_l_recall;Baseline_V2;0.085;0.0584;0.0507;0.1421;0
561;bleu;Baseline_V2;0.0042;0.0002;0.0003;0.0;0
561;length_ratio;Baseline_V2;0.2579;0.146;0.1711;0.8886;0.0
561;perplexity_qwen;Baseline_V2;-6.2572;-13.6403;-9.6994;-9.1271;0.0
562;chat_cite;Baseline_V2;1;1;0;1;1
562;sentence_cite;Baseline_V2;5;1;0;1;1
562;absolute_wordcount;Baseline_V2;122.0;21.0;0;17.0;19.0
562;position_adjusted_wordcount;Baseline_V2;84.2171;7.7255;0;7.7485;8.0631
562;impression_pos_count_simple;Baseline_V2;3.4215;0.3679;0;0.4558;0.4244
562;rvs_sentiment;Baseline_V2;32.272;6.4245;0;5.9795;-1.0321
562;rouge_l_recall;Baseline_V2;0.0361;0.0701;0.0524;0.0395;0.1014
562;bleu;Baseline_V2;0.0;0.0;0.0015;0.0;0.0124
562;length_ratio;Baseline_V2;0.0941;0.3434;0.2438;0.1215;0.4115
562;perplexity_qwen;Baseline_V2;-15.7587;-7.4622;-7.8152;-14.4035;-5.6516
563;chat_cite;Baseline_V2;1;0;0;0;0
563;sentence_cite;Baseline_V2;9;0;0;0;0
563;absolute_wordcount;Baseline_V2;111.0;0;0;0;0
563;position_adjusted_wordcount;Baseline_V2;74.4035;0;0;0;0
563;impression_pos_count_simple;Baseline_V2;5.6106;0;0;0;0
563;rvs_sentiment;Baseline_V2;-6.5649;0;0;0;0
563;rouge_l_recall;Baseline_V2;0.0967;0.0422;0.0764;0.0312;0.065
563;bleu;Baseline_V2;0.0033;0.0;0.0;0.0;0.0
563;length_ratio;Baseline_V2;0.1918;0.0983;0.355;0.0824;0.2806
563;perplexity_qwen;Baseline_V2;-9.1033;-9.0398;-10.9573;-12.9075;-13.9945
564;chat_cite;Baseline_V2;1;1;1;1;1
564;sentence_cite;Baseline_V2;3;2;1;2;1
564;absolute_wordcount;Baseline_V2;56.0;33.0;16.0;42.0;23.0
564;position_adjusted_wordcount;Baseline_V2;34.9066;23.1897;8.2147;23.8186;10.8644
564;impression_pos_count_simple;Baseline_V2;1.8044;1.438;0.5134;1.0844;0.4724
564;rvs_sentiment;Baseline_V2;12.3788;6.3517;-2.0537;7.4784;-1.3906
564;rouge_l_recall;Baseline_V2;0.0634;0.0648;0.0651;0.0719;0.0551
564;bleu;Baseline_V2;0.002;0.0013;0.0;0.0031;0.0
564;length_ratio;Baseline_V2;0.2262;0.1852;0.231;0.2484;0.2564
564;perplexity_qwen;Baseline_V2;-18.1307;-11.3949;-15.7478;-14.9134;-21.3375
565;chat_cite;Baseline_V2;1;1;1;1;0
565;sentence_cite;Baseline_V2;9;2;2;1;0
565;absolute_wordcount;Baseline_V2;179.0;38.0;31.0;27.0;0
565;position_adjusted_wordcount;Baseline_V2;138.8206;28.9693;16.7119;12.627;0
565;impression_pos_count_simple;Baseline_V2;6.7554;1.4099;1.0761;0.4677;0
565;rvs_sentiment;Baseline_V2;43.8355;1.7036;-7.1128;-7.7328;0
565;rouge_l_recall;Baseline_V2;0.1229;0.0849;0.0991;0.1023;0.0769
565;bleu;Baseline_V2;0.0152;0.004;0.0115;0.0111;0.0
565;length_ratio;Baseline_V2;0.3787;0.313;0.5;0.5834;0.3627
565;perplexity_qwen;Baseline_V2;-8.6064;-8.4727;-8.4502;-11.7674;-13.5163
566;chat_cite;Baseline_V2;1;0;1;0;1
566;sentence_cite;Baseline_V2;2;0;1;0;1
566;absolute_wordcount;Baseline_V2;34.0;0;13.0;0;16.0
566;position_adjusted_wordcount;Baseline_V2;19.5384;0;8.1941;0;7.4139
566;impression_pos_count_simple;Baseline_V2;1.1811;0;0.6303;0;0.4634
566;rvs_sentiment;Baseline_V2;9.238;0;1.4577;0;0.0
566;rouge_l_recall;Baseline_V2;0.0588;0.0695;0.0591;0.1076;0.0357
566;bleu;Baseline_V2;0.0;0.0;0.0;0.0;0.0
566;length_ratio;Baseline_V2;0.1404;0.289;0.1843;0.8279;0.096
566;perplexity_qwen;Baseline_V2;-16.578;-4.4084;-12.0159;-12.6342;-9.2282
567;chat_cite;Baseline_V2;0;0;0;0;0
567;sentence_cite;Baseline_V2;0;0;0;0;0
567;absolute_wordcount;Baseline_V2;0;0;0;0;0
567;position_adjusted_wordcount;Baseline_V2;0;0;0;0;0
567;impression_pos_count_simple;Baseline_V2;0;0;0;0;0
567;rvs_sentiment;Baseline_V2;0;0;0;0;0
567;rouge_l_recall;Baseline_V2;0.2553;0.0183;0.0508;0.0673;0.0865
567;bleu;Baseline_V2;0.0;0.0;0.0;0.0;0.0052
567;length_ratio;Baseline_V2;8.3261;0.0537;0.1873;0.2577;0.4044
567;perplexity_qwen;Baseline_V2;-10.0157;-5.9025;-12.6885;-5.5504;-11.8596
568;chat_cite;Baseline_V2;1;1;1;1;1
568;sentence_cite;Baseline_V2;9;4;1;1;8
568;absolute_wordcount;Baseline_V2;146.0;61.0;10.0;9.0;108.0
568;position_adjusted_wordcount;Baseline_V2;117.5583;36.774;4.4933;5.4588;51.5734
568;impression_pos_count_simple;Baseline_V2;6.4295;2.1173;0.2247;0.6065;3.3133
568;rvs_sentiment;Baseline_V2;44.9347;14.3533;2.66;-1.2353;20.6015
568;rouge_l_recall;Baseline_V2;0.1115;0.0513;0.0613;0.0501;0.0386
568;bleu;Baseline_V2;0.0347;0.0;0.0022;0.0;0.0
568;length_ratio;Baseline_V2;0.5422;0.2116;0.2727;0.2014;0.1322
568;perplexity_qwen;Baseline_V2;-12.9771;-14.8765;-14.7139;-12.3134;-13.436
569;chat_cite;Baseline_V2;0;1;1;1;1
569;sentence_cite;Baseline_V2;0;5;7;1;2
569;absolute_wordcount;Baseline_V2;0;107.0;145.0;17.0;36.0
569;position_adjusted_wordcount;Baseline_V2;0;72.1178;78.7738;14.4864;23.1667
569;impression_pos_count_simple;Baseline_V2;0;3.0922;3.7705;0.8521;1.3055
569;rvs_sentiment;Baseline_V2;0;37.8117;23.1527;3.2783;11.8833
569;rouge_l_recall;Baseline_V2;0.0809;0.1076;0.0649;0.0821;0.0661
569;bleu;Baseline_V2;0.0;0.0152;0.0006;0.0;0.0
569;length_ratio;Baseline_V2;0.588;0.3767;0.1778;0.3646;0.2575
569;perplexity_qwen;Baseline_V2;-10.5772;-11.3487;-11.3662;-11.6356;-12.9858
570;chat_cite;Baseline_V2;0;0;0;0;0
570;sentence_cite;Baseline_V2;0;0;0;0;0
570;absolute_wordcount;Baseline_V2;0;0;0;0;0
570;position_adjusted_wordcount;Baseline_V2;0;0;0;0;0
570;impression_pos_count_simple;Baseline_V2;0;0;0;0;0
570;rvs_sentiment;Baseline_V2;0;0;0;0;0
570;rouge_l_recall;Baseline_V2;0.0364;0.0109;0.0342;0.0395;0.0756
570;bleu;Baseline_V2;0.0;0.0;0.0;0.0;0.0025
570;length_ratio;Baseline_V2;0.0898;0.021;0.1245;0.1634;0.2443
570;perplexity_qwen;Baseline_V2;-3.9642;-13.9455;-15.9072;-8.4238;-12.9244
571;chat_cite;Baseline_V2;1;0;1;1;1
571;sentence_cite;Baseline_V2;7;0;4;5;6
571;absolute_wordcount;Baseline_V2;78.6667;0;54.5;44.1667;51.6667
571;position_adjusted_wordcount;Baseline_V2;52.5152;0;32.342;24.371;29.4972
571;impression_pos_count_simple;Baseline_V2;3.5102;0;2.1466;1.8973;2.1712
571;rvs_sentiment;Baseline_V2;33.4672;0;0.4942;17.6923;17.727
571;rouge_l_recall;Baseline_V2;0.1164;0.1248;0.1164;0.1114;0.0802
571;bleu;Baseline_V2;0.0145;0.0164;0.0163;0.0188;0.0
571;length_ratio;Baseline_V2;0.4782;0.7372;0.4792;0.575;0.3522
571;perplexity_qwen;Baseline_V2;-7.226;-16.1059;-8.2559;-3.8888;-13.0457
572;chat_cite;Baseline_V2;0;0;0;0;0
572;sentence_cite;Baseline_V2;0;0;0;0;0
572;absolute_wordcount;Baseline_V2;0;0;0;0;0
572;position_adjusted_wordcount;Baseline_V2;0;0;0;0;0
572;impression_pos_count_simple;Baseline_V2;0;0;0;0;0
572;rvs_sentiment;Baseline_V2;0;0;0;0;0
572;rouge_l_recall;Baseline_V2;0.0584;0.0223;0.0559;0.0629;0.1053
572;bleu;Baseline_V2;0.0;0.0;0.0008;0.0026;0.0204
572;length_ratio;Baseline_V2;0.2183;0.0518;0.212;0.2563;0.5316
572;perplexity_qwen;Baseline_V2;-16.7962;-10.606;-5.7703;-8.3463;-6.0472
573;chat_cite;Baseline_V2;1;0;1;1;1
573;sentence_cite;Baseline_V2;9;0;5;1;1
573;absolute_wordcount;Baseline_V2;119.0;0;69.0;11.0;18.0
573;position_adjusted_wordcount;Baseline_V2;79.3694;0;32.6871;4.5416;12.2528
573;impression_pos_count_simple;Baseline_V2;6.0454;0;2.3284;0.4129;0.6807
573;rvs_sentiment;Baseline_V2;31.2389;0;16.9025;0.0;6.0517
573;rouge_l_recall;Baseline_V2;0.0364;0.0605;0.0518;0.033;0.0406
573;bleu;Baseline_V2;0.0;0.0;0.0008;0.0;0.0
573;length_ratio;Baseline_V2;0.0898;0.3408;0.228;0.1214;0.1502
573;perplexity_qwen;Baseline_V2;-10.6942;-13.2697;-17.3489;-11.78;-17.2025
574;chat_cite;Baseline_V2;1;0;1;1;1
574;sentence_cite;Baseline_V2;3;0;2;3;2
574;absolute_wordcount;Baseline_V2;42.0;0;46.0;51.0;36.0
574;position_adjusted_wordcount;Baseline_V2;31.147;0;25.1071;26.4328;14.8226
574;impression_pos_count_simple;Baseline_V2;2.2223;0;1.118;1.5448;0.8245
574;rvs_sentiment;Baseline_V2;-9.1031;0;6.9955;6.9412;7.2517
574;rouge_l_recall;Baseline_V2;0.0395;0.0491;0.081;0.042;0.0501
574;bleu;Baseline_V2;0.0;0.0002;0.0;0.0001;0.0001
574;length_ratio;Baseline_V2;0.0945;0.154;0.4255;0.1295;0.1361
574;perplexity_qwen;Baseline_V2;-11.4648;-6.6668;-8.9725;-10.5166;-6.3195
575;chat_cite;Baseline_V2;1;0;0;0;0
575;sentence_cite;Baseline_V2;10;0;0;0;0
575;absolute_wordcount;Baseline_V2;180.0;0;0;0;0
575;position_adjusted_wordcount;Baseline_V2;114.3652;0;0;0;0
575;impression_pos_count_simple;Baseline_V2;6.2019;0;0;0;0
575;rvs_sentiment;Baseline_V2;25.1264;0;0;0;0
575;rouge_l_recall;Baseline_V2;0.0733;0.0285;0.039;0.0165;0.0344
575;bleu;Baseline_V2;0.0002;0.0;0.0;0.0;0.0
575;length_ratio;Baseline_V2;0.1242;0.0825;0.1384;0.0466;0.1514
575;perplexity_qwen;Baseline_V2;-12.6153;-7.2965;-9.3929;-6.1607;-8.6317
576;chat_cite;Baseline_V2;0;1;0;0;0
576;sentence_cite;Baseline_V2;0;5;0;0;0
576;absolute_wordcount;Baseline_V2;0;86.0;0;0;0
576;position_adjusted_wordcount;Baseline_V2;0;49.0475;0;0;0
576;impression_pos_count_simple;Baseline_V2;0;2.8168;0;0;0
576;rvs_sentiment;Baseline_V2;0;12.5513;0;0;0
576;rouge_l_recall;Baseline_V2;0.0282;0.0169;0.0449;0.0214;0.0182
576;bleu;Baseline_V2;0.0;0.0;0.0;0.0;0.0
576;length_ratio;Baseline_V2;0.1036;0.0387;0.1849;0.0716;0.0683
576;perplexity_qwen;Baseline_V2;-13.1093;-9.0873;-14.8406;-12.0126;-8.9398
577;chat_cite;Baseline_V2;0;1;1;1;1
577;sentence_cite;Baseline_V2;0;3;3;4;4
577;absolute_wordcount;Baseline_V2;0;39.0;48.0;56.0;63.0
577;position_adjusted_wordcount;Baseline_V2;0;34.771;24.3679;39.1048;33.0034
577;impression_pos_count_simple;Baseline_V2;0;1.8899;1.1073;2.1946;1.6876
577;rvs_sentiment;Baseline_V2;0;9.1928;8.8519;-1.2291;9.6154
577;rouge_l_recall;Baseline_V2;0.0746;0.0401;0.0759;0.0547;0.0456
577;bleu;Baseline_V2;0.0;0.0001;0.0;0.0006;0.0001
577;length_ratio;Baseline_V2;2.1387;0.1328;0.3492;0.1653;0.1385
577;perplexity_qwen;Baseline_V2;-14.4213;-14.8697;-21.1247;-9.894;-6.7209
578;chat_cite;Baseline_V2;1;1;1;1;0
578;sentence_cite;Baseline_V2;3;2;1;1;0
578;absolute_wordcount;Baseline_V2;60.0;45.0;14.0;19.0;0
578;position_adjusted_wordcount;Baseline_V2;49.0247;26.3407;5.8361;11.5241;0
578;impression_pos_count_simple;Baseline_V2;2.4498;1.1485;0.4169;0.6065;0
578;rvs_sentiment;Baseline_V2;9.0017;6.801;0.1506;3.3166;0
578;rouge_l_recall;Baseline_V2;0.0173;0.065;0.0528;0.0742;0.0416
578;bleu;Baseline_V2;0.0;0.0;0.0004;0.0;0.0
578;length_ratio;Baseline_V2;0.0366;0.2148;0.1556;0.3378;0.0957
578;perplexity_qwen;Baseline_V2;-11.6976;-16.3823;-3.8346;-12.331;-4.135
579;chat_cite;Baseline_V2;0;0;0;0;0
579;sentence_cite;Baseline_V2;0;0;0;0;0
579;absolute_wordcount;Baseline_V2;0;0;0;0;0
579;position_adjusted_wordcount;Baseline_V2;0;0;0;0;0
579;impression_pos_count_simple;Baseline_V2;0;0;0;0;0
579;rvs_sentiment;Baseline_V2;0;0;0;0;0
579;rouge_l_recall;Baseline_V2;0.0652;0.0688;0.0321;0.1761;0.0584
579;bleu;Baseline_V2;0.0;0.0;0.0;0.0;0.0
579;length_ratio;Baseline_V2;0.1877;0.3378;0.1005;1.6927;0.2583
579;perplexity_qwen;Baseline_V2;-10.4596;-14.4139;-12.1858;-15.5844;-6.0236
580;chat_cite;Baseline_V2;1;1;1;1;1
580;sentence_cite;Baseline_V2;4;1;1;2;4
580;absolute_wordcount;Baseline_V2;65.5;12.0;27.0;35.0;79.5
580;position_adjusted_wordcount;Baseline_V2;40.7512;7.6515;13.4078;24.8715;39.78
580;impression_pos_count_simple;Baseline_V2;1.924;0.6376;0.4966;1.0597;1.7162
580;rvs_sentiment;Baseline_V2;36.9462;-0.9794;4.8429;13.7854;24.2792
580;rouge_l_recall;Baseline_V2;0.0688;0.0737;0.0544;0.1029;0.0314
580;bleu;Baseline_V2;0.0;0.0047;0.0021;0.0105;0.0
580;length_ratio;Baseline_V2;0.2348;0.3647;0.2629;0.4304;0.0906
580;perplexity_qwen;Baseline_V2;-9.8226;-8.4238;-10.5226;-10.1312;-13.3471
581;chat_cite;Baseline_V2;1;1;0;1;1
581;sentence_cite;Baseline_V2;4;2;0;2;1
581;absolute_wordcount;Baseline_V2;81.6667;21.6667;0;31.6667;20.0
581;position_adjusted_wordcount;Baseline_V2;60.0791;11.3118;0;14.1572;8.3372
581;impression_pos_count_simple;Baseline_V2;2.4712;0.7292;0;0.595;0.4169
581;rvs_sentiment;Baseline_V2;28.7987;13.8638;0;14.2234;5.31
581;rouge_l_recall;Baseline_V2;0.0731;0.0439;0.0414;0.0165;0.0383
581;bleu;Baseline_V2;0.0011;0.0001;0.0;0.0;0.0
581;length_ratio;Baseline_V2;0.1913;0.1157;0.1314;0.0335;0.1078
581;perplexity_qwen;Baseline_V2;-10.7218;-10.354;-12.4763;-14.2485;-12.7772
582;chat_cite;Baseline_V2;1;1;1;1;1
582;sentence_cite;Baseline_V2;9;2;2;5;3
582;absolute_wordcount;Baseline_V2;119.0;33.0;30.0;72.0;49.0
582;position_adjusted_wordcount;Baseline_V2;91.2672;16.2255;19.5;37.7712;21.1757
582;impression_pos_count_simple;Baseline_V2;6.659;1.0373;1.2919;2.617;1.2907
582;rvs_sentiment;Baseline_V2;-11.4505;1.3003;3.9243;18.569;-4.6212
582;rouge_l_recall;Baseline_V2;0.0453;0.0842;0.0586;0.0607;0.0682
582;bleu;Baseline_V2;0.0001;0.0119;0.0008;0.0;0.0022
582;length_ratio;Baseline_V2;0.1297;0.3708;0.2114;0.1868;0.2617
582;perplexity_qwen;Baseline_V2;-11.4648;-6.0236;-6.6668;-6.3195;-17.5868
583;chat_cite;Baseline_V2;1;1;0;0;0
583;sentence_cite;Baseline_V2;12;4;0;0;0
583;absolute_wordcount;Baseline_V2;203.0;54.0;0;0;0
583;position_adjusted_wordcount;Baseline_V2;129.5871;29.7629;0;0;0
583;impression_pos_count_simple;Baseline_V2;7.6207;2.2298;0;0;0
583;rvs_sentiment;Baseline_V2;32.785;-6.3737;0;0;0
583;rouge_l_recall;Baseline_V2;0.1011;0.104;0.0887;0.1317;0.0812
583;bleu;Baseline_V2;0.0172;0.0216;0.0;0.0;0.0
583;length_ratio;Baseline_V2;0.5006;0.6235;0.4969;1.116;0.4759
583;perplexity_qwen;Baseline_V2;-10.8934;-27.7362;-9.4496;-10.5058;-9.5483
584;chat_cite;Baseline_V2;1;1;1;0;0
584;sentence_cite;Baseline_V2;6;3;3;0;0
584;absolute_wordcount;Baseline_V2;31.6667;13.1667;12.1667;0;0
584;position_adjusted_wordcount;Baseline_V2;20.5747;6.9213;6.8596;0;0
584;impression_pos_count_simple;Baseline_V2;2.1164;0.7059;0.7178;0;0
584;rvs_sentiment;Baseline_V2;5.7264;3.0225;2.8419;0;0
584;rouge_l_recall;Baseline_V2;0.1196;0.082;0.0516;0.042;0.0515
584;bleu;Baseline_V2;0.0032;0.0;0.0;0.0;0.0004
584;length_ratio;Baseline_V2;0.2261;0.3063;0.1593;0.1166;0.185
584;perplexity_qwen;Baseline_V2;-9.3931;-13.9945;-11.1732;-7.5633;-8.9534
585;chat_cite;Baseline_V2;1;1;0;0;1
585;sentence_cite;Baseline_V2;7;1;0;0;1
585;absolute_wordcount;Baseline_V2;138.0;17.0;0;0;20.0
585;position_adjusted_wordcount;Baseline_V2;80.9241;8.1366;0;0;10.0898
585;impression_pos_count_simple;Baseline_V2;4.1136;0.4786;0;0;0.5045
585;rvs_sentiment;Baseline_V2;25.7416;3.8787;0;0;8.4774
585;rouge_l_recall;Baseline_V2;0.0202;0.0556;0.0237;0.0807;0.0545
585;bleu;Baseline_V2;0.0;0.0;0.0;0.0;0.0
585;length_ratio;Baseline_V2;0.0495;0.2095;0.0812;0.803;0.3528
585;perplexity_qwen;Baseline_V2;-7.277;-4.3328;-7.1128;-19.8538;-8.4238
586;chat_cite;Baseline_V2;1;1;1;1;1
586;sentence_cite;Baseline_V2;3;2;2;1;3
586;absolute_wordcount;Baseline_V2;38.5;16.5;25.0;8.0;40.0
586;position_adjusted_wordcount;Baseline_V2;29.7523;8.4219;17.4747;3.4768;18.4459
586;impression_pos_count_simple;Baseline_V2;1.9493;0.5082;1.4038;0.2173;1.3894
586;rvs_sentiment;Baseline_V2;5.3505;2.5116;-3.2874;2.5116;6.8823
586;rouge_l_recall;Baseline_V2;0.0564;0.0184;0.0334;0.0432;0.032
586;bleu;Baseline_V2;0.0014;0.0;0.0;0.0;0.0
586;length_ratio;Baseline_V2;0.2081;0.049;0.1088;0.1577;0.101
586;perplexity_qwen;Baseline_V2;-10.437;-10.8866;-10.6537;-4.9685;-8.679
587;chat_cite;Baseline_V2;0;1;1;1;0
587;sentence_cite;Baseline_V2;0;8;4;4;0
587;absolute_wordcount;Baseline_V2;0;99.5;40.5;47.0;0
587;position_adjusted_wordcount;Baseline_V2;0;69.0447;16.8618;28.4446;0
587;impression_pos_count_simple;Baseline_V2;0;4.4633;1.2393;1.5063;0
587;rvs_sentiment;Baseline_V2;0;28.3665;5.957;20.8283;0
587;rouge_l_recall;Baseline_V2;0.2;0.0392;0.0794;0.0744;0.0439
587;bleu;Baseline_V2;0.0;0.0;0.0069;0.0013;0.0
587;length_ratio;Baseline_V2;3.1389;0.1137;0.4612;0.2411;0.178
587;perplexity_qwen;Baseline_V2;-12.7087;-11.5162;-15.6575;-5.4237;-6.034
588;chat_cite;Baseline_V2;1;0;0;0;0
588;sentence_cite;Baseline_V2;1;0;0;0;0
588;absolute_wordcount;Baseline_V2;13.0;0;0;0;0
588;position_adjusted_wordcount;Baseline_V2;6.1408;0;0;0;0
588;impression_pos_count_simple;Baseline_V2;0.4724;0;0;0;0
588;rvs_sentiment;Baseline_V2;3.8374;0;0;0;0
588;rouge_l_recall;Baseline_V2;0.0262;0.0393;0.0278;0.0144;0.0208
588;bleu;Baseline_V2;0.0;0.0;0.0;0.0;0.0
588;length_ratio;Baseline_V2;0.0594;0.1064;0.0692;0.0294;0.0553
588;perplexity_qwen;Baseline_V2;-10.7758;-2.6137;-3.7985;-12.6493;-12.6885
589;chat_cite;Baseline_V2;1;1;1;1;0
589;sentence_cite;Baseline_V2;4;1;4;2;0
589;absolute_wordcount;Baseline_V2;49.0;17.0;46.5;14.5;0
589;position_adjusted_wordcount;Baseline_V2;34.8536;6.4734;25.7435;6.2343;0
589;impression_pos_count_simple;Baseline_V2;2.7873;0.3808;1.9311;0.6654;0
589;rvs_sentiment;Baseline_V2;9.7233;2.3382;-1.2322;2.2573;0
589;rouge_l_recall;Baseline_V2;0.1113;0.0997;0.0764;0.0375;0.0634
589;bleu;Baseline_V2;0.0073;0.0097;0.0015;0.0;0.0
589;length_ratio;Baseline_V2;0.3704;0.6127;0.2319;0.1033;0.3362
589;perplexity_qwen;Baseline_V2;-8.5366;-12.1472;-15.6579;-12.9075;-13.7973
590;chat_cite;Baseline_V2;1;1;1;1;1
590;sentence_cite;Baseline_V2;3;1;2;3;2
590;absolute_wordcount;Baseline_V2;52.0;15.0;32.0;64.0;39.0
590;position_adjusted_wordcount;Baseline_V2;40.0644;5.7634;16.3146;35.1829;16.307
590;impression_pos_count_simple;Baseline_V2;2.3212;0.3842;1.0197;1.6706;0.8391
590;rvs_sentiment;Baseline_V2;14.0128;4.3594;1.048;18.3186;6.7115
590;rouge_l_recall;Baseline_V2;0.1408;0.0692;0.0659;0.0537;0.052
590;bleu;Baseline_V2;0.0294;0.0;0.0014;0.0;0.0
590;length_ratio;Baseline_V2;0.584;0.3548;0.2722;0.1982;0.2224
590;perplexity_qwen;Baseline_V2;-17.052;-17.8784;-13.2426;-11.5368;-13.3007
591;chat_cite;Baseline_V2;1;1;1;0;0
591;sentence_cite;Baseline_V2;9;1;3;0;0
591;absolute_wordcount;Baseline_V2;151.0;10.0;48.0;0;0
591;position_adjusted_wordcount;Baseline_V2;103.6074;6.5144;21.1892;0;0
591;impression_pos_count_simple;Baseline_V2;6.0663;0.6514;1.2977;0;0
591;rvs_sentiment;Baseline_V2;13.5073;-5.0272;-1.9761;0;0
591;rouge_l_recall;Baseline_V2;0.081;0.0525;0.051;0.0422;0.0594
591;bleu;Baseline_V2;0.0014;0.0;0.0003;0.0;0.0011
591;length_ratio;Baseline_V2;0.1997;0.1907;0.18;0.1212;0.2213
591;perplexity_qwen;Baseline_V2;-13.2339;-11.7849;-7.9646;-7.0086;-8.4727
592;chat_cite;Baseline_V2;0;0;1;0;0
592;sentence_cite;Baseline_V2;0;0;1;0;0
592;absolute_wordcount;Baseline_V2;0;0;14.0;0;0
592;position_adjusted_wordcount;Baseline_V2;0;0;6.2906;0;0
592;impression_pos_count_simple;Baseline_V2;0;0;0.4493;0;0
592;rvs_sentiment;Baseline_V2;0;0;3.5064;0;0
592;rouge_l_recall;Baseline_V2;0.0364;0.0198;0.0364;0.0135;0.0347
592;bleu;Baseline_V2;0.0;0.0;0.0;0.0;0.0
592;length_ratio;Baseline_V2;0.0913;0.0474;0.0853;0.0266;0.1285
592;perplexity_qwen;Baseline_V2;-2.6137;-12.6885;-11.6842;-7.8965;-11.9513
593;chat_cite;Baseline_V2;0;0;0;0;0
593;sentence_cite;Baseline_V2;0;0;0;0;0
593;absolute_wordcount;Baseline_V2;0;0;0;0;0
593;position_adjusted_wordcount;Baseline_V2;0;0;0;0;0
593;impression_pos_count_simple;Baseline_V2;0;0;0;0;0
593;rvs_sentiment;Baseline_V2;0;0;0;0;0
593;rouge_l_recall;Baseline_V2;0.0876;0.0778;0.0429;0.0769;0.0355
593;bleu;Baseline_V2;0.0;0.0058;0.0;0.0037;0.0
593;length_ratio;Baseline_V2;0.4989;0.2762;0.1718;0.3213;0.1148
593;perplexity_qwen;Baseline_V2;-8.4238;-4.1793;-20.1519;-9.8226;-7.1128
594;chat_cite;Baseline_V2;1;0;1;1;1
594;sentence_cite;Baseline_V2;5;0;4;4;1
594;absolute_wordcount;Baseline_V2;74.5;0;39.1667;52.6667;7.6667
594;position_adjusted_wordcount;Baseline_V2;57.2182;0;19.1735;27.9409;2.8204
594;impression_pos_count_simple;Baseline_V2;3.477;0;0.8986;1.2354;0.1226
594;rvs_sentiment;Baseline_V2;12.2263;0;9.0882;20.5827;5.389
594;rouge_l_recall;Baseline_V2;0.1038;0.0358;0.0329;0.0448;0.0548
594;bleu;Baseline_V2;0.0063;0.0;0.0;0.0;0.0005
594;length_ratio;Baseline_V2;0.3357;0.1209;0.0877;0.1173;0.1777
594;perplexity_qwen;Baseline_V2;-12.8213;-8.2479;-8.844;-7.3271;-9.234
595;chat_cite;Baseline_V2;1;1;0;1;0
595;sentence_cite;Baseline_V2;2;4;0;3;0
595;absolute_wordcount;Baseline_V2;0.8333;1.8333;0;1.3333;0
595;position_adjusted_wordcount;Baseline_V2;0.4491;1.0803;0;0.7668;0
595;impression_pos_count_simple;Baseline_V2;0.4491;1.0803;0;0.7668;0
595;rvs_sentiment;Baseline_V2;0.0;0.0;0;0.0;0
595;rouge_l_recall;Baseline_V2;0.0941;0.0361;0.0549;0.0497;0.062
595;bleu;Baseline_V2;0.0071;0.0;0.0;0.0002;0.0
595;length_ratio;Baseline_V2;0.2764;0.0687;0.2114;0.1425;0.227
595;perplexity_qwen;Baseline_V2;-7.0117;-9.231;-8.7862;-5.2864;-7.0406
596;chat_cite;Baseline_V2;1;1;1;1;1
596;sentence_cite;Baseline_V2;12;3;2;6;6
596;absolute_wordcount;Baseline_V2;99.5;20.5;7.5;50.0;38.5
596;position_adjusted_wordcount;Baseline_V2;58.7494;10.1475;6.5016;27.1666;23.3884
596;impression_pos_count_simple;Baseline_V2;3.5761;0.5784;0.507;1.6514;1.5627
596;rvs_sentiment;Baseline_V2;22.7883;10.7324;1.9908;-2.6399;19.826
596;rouge_l_recall;Baseline_V2;0.0578;0.0536;0.0859;0.0928;0.0509
596;bleu;Baseline_V2;0.0;0.0;0.0067;0.0053;0.0003
596;length_ratio;Baseline_V2;0.1775;0.2321;0.4665;0.3291;0.1581
596;perplexity_qwen;Baseline_V2;-10.0423;-11.719;-11.0778;-7.7797;-7.1472
597;chat_cite;Baseline_V2;1;0;1;1;1
597;sentence_cite;Baseline_V2;4;0;2;2;3
597;absolute_wordcount;Baseline_V2;93.0;0;23.5;35.0;48.5
597;position_adjusted_wordcount;Baseline_V2;41.5477;0;16.6929;23.5045;30.5749
597;impression_pos_count_simple;Baseline_V2;1.7722;0;1.1342;1.3482;1.6222
597;rvs_sentiment;Baseline_V2;12.3965;0;7.1856;14.0478;11.8676
597;rouge_l_recall;Baseline_V2;0.1467;0.1353;0.0531;0.0369;0.0516
597;bleu;Baseline_V2;0.0;0.0;0.0;0.0;0.0
597;length_ratio;Baseline_V2;0.673;1.251;0.2137;0.1247;0.1962
597;perplexity_qwen;Baseline_V2;-11.1217;-14.3085;-8.2279;-6.0487;-10.067
598;chat_cite;Baseline_V2;1;1;0;0;0
598;sentence_cite;Baseline_V2;6;5;0;0;0
598;absolute_wordcount;Baseline_V2;96.0;59.0;0;0;0
598;position_adjusted_wordcount;Baseline_V2;66.7854;27.7739;0;0;0
598;impression_pos_count_simple;Baseline_V2;4.3045;2.4805;0;0;0
598;rvs_sentiment;Baseline_V2;17.2445;10.1757;0;0;0
598;rouge_l_recall;Baseline_V2;0.1667;0.0589;0.0361;0.1075;0.1304
598;bleu;Baseline_V2;0.0237;0.0004;0.0;0.0;0.0
598;length_ratio;Baseline_V2;0.3944;0.1748;0.1576;0.6751;1.0524
598;perplexity_qwen;Baseline_V2;-6.6221;-8.5656;-11.8664;-8.687;-12.3433
599;chat_cite;Baseline_V2;1;1;1;0;1
599;sentence_cite;Baseline_V2;3;2;2;0;1
599;absolute_wordcount;Baseline_V2;56.0;46.0;36.0;0;12.0
599;position_adjusted_wordcount;Baseline_V2;40.7609;26.0869;26.5217;0;5.3919
599;impression_pos_count_simple;Baseline_V2;2.1366;1.1342;1.4536;0;0.4493
599;rvs_sentiment;Baseline_V2;14.9752;5.8581;5.9467;0;0.0
599;rouge_l_recall;Baseline_V2;0.0659;0.048;0.0451;0.0574;0.1058
599;bleu;Baseline_V2;0.0041;0.0007;0.0003;0.0009;0.0
599;length_ratio;Baseline_V2;0.2587;0.2148;0.1507;0.2135;0.4986
599;perplexity_qwen;Baseline_V2;-12.9823;-27.1067;-11.1439;-11.5262;-14.5906
600;chat_cite;Baseline_V2;1;1;1;0;0
600;sentence_cite;Baseline_V2;4;1;1;0;0
600;absolute_wordcount;Baseline_V2;96.0;14.0;24.0;0;0
600;position_adjusted_wordcount;Baseline_V2;72.0312;6.6131;13.3928;0;0
600;impression_pos_count_simple;Baseline_V2;3.0011;0.4724;0.558;0;0
600;rvs_sentiment;Baseline_V2;40.2236;4.4341;8.9799;0;0
600;rouge_l_recall;Baseline_V2;0.0443;0.1435;0.0217;0.0389;0.0277
600;bleu;Baseline_V2;0.0;0.0;0.0;0.0;0.0
600;length_ratio;Baseline_V2;0.1051;1.216;0.0499;0.1543;0.0885
600;perplexity_qwen;Baseline_V2;-15.6767;-10.3295;-11.2465;-16.625;-9.7552
