Prompt_ID;Metric;Method;Source_0;Source_1;Source_2;Source_3;Source_4
2;subjpos_detailed;Baseline_V2;3.7445;3.6281;3.5472;3.045;3.7526
2;diversity_detailed;Baseline_V2;3.4191;3.8292;3.7618;3.6501;3.7352
2;uniqueness_detailed;Baseline_V2;3.2161;3.5735;3.1749;3.4779;3.2574
2;follow_detailed;Baseline_V2;3.5444;3.7582;3.5208;3.2908;3.8622
2;influence_detailed;Baseline_V2;3.517;3.5295;3.3179;3.0526;3.5727
2;relevance_detailed;Baseline_V2;3.4743;3.9692;3.8228;3.5837;3.8655
2;subjcount_detailed;Baseline_V2;3.2064;3.4182;3.3733;3.0772;3.4379
3;subjpos_detailed;Baseline_V2;3.7322;3.8651;3.7536;3.6817;3.7503
3;diversity_detailed;Baseline_V2;3.4732;3.8176;3.4218;3.4366;3.1661
3;uniqueness_detailed;Baseline_V2;3.3227;3.6677;3.2339;3.6344;3.374
1;subjpos_detailed;Baseline_V2;3.5374;3.3919;3.2103;3.0923;2.8772
3;follow_detailed;Baseline_V2;3.7865;3.6212;3.245;3.3399;3.4748
1;diversity_detailed;Baseline_V2;3.8828;3.7534;3.5093;3.1046;3.0571
3;influence_detailed;Baseline_V2;3.2945;3.8427;3.4871;3.4893;3.4521
1;uniqueness_detailed;Baseline_V2;3.1292;3.1853;3.1552;3.1226;2.7978
3;relevance_detailed;Baseline_V2;3.9093;3.9118;3.6207;3.6648;3.5871
1;follow_detailed;Baseline_V2;3.8649;3.6455;3.4031;3.2011;3.0693
3;subjcount_detailed;Baseline_V2;3.5318;3.5907;3.2961;3.4074;3.3124
5;subjpos_detailed;Baseline_V2;3.8904;3.2384;3.0099;3.1917;3.2118
1;influence_detailed;Baseline_V2;3.7841;3.387;3.338;3.1312;2.9208
5;diversity_detailed;Baseline_V2;3.8199;3.2476;3.2564;3.551;3.2145
1;relevance_detailed;Baseline_V2;3.7263;3.6503;3.295;3.0831;3.169
5;uniqueness_detailed;Baseline_V2;3.4168;3.0882;2.9736;3.1187;3.2133
1;subjcount_detailed;Baseline_V2;3.4946;3.3862;3.2571;3.0545;2.9964
5;follow_detailed;Baseline_V2;3.9694;3.765;3.0455;3.1155;3.1288
5;influence_detailed;Baseline_V2;3.961;3.5898;3.0523;3.2551;3.1016
5;relevance_detailed;Baseline_V2;3.9234;3.8505;3.1079;3.2861;3.2792
5;subjcount_detailed;Baseline_V2;3.8339;3.2632;3.025;3.0926;3.1156
4;subjpos_detailed;Baseline_V2;4.0176;3.2662;3.1259;3.3728;2.2451
4;diversity_detailed;Baseline_V2;3.8496;3.2025;3.3186;3.2182;3.226
4;uniqueness_detailed;Baseline_V2;3.2206;3.0778;3.0483;3.4725;2.0636
4;follow_detailed;Baseline_V2;3.9783;3.1422;3.4692;3.15;3.0338
4;influence_detailed;Baseline_V2;3.931;3.2088;3.3256;3.2322;2.667
4;relevance_detailed;Baseline_V2;3.8395;3.3598;3.4291;3.1228;3.7708
4;subjcount_detailed;Baseline_V2;3.7776;3.0847;3.1408;3.0195;2.9839
8;subjpos_detailed;Baseline_V2;3.3879;3.44;3.5501;3.3861;3.7053
8;diversity_detailed;Baseline_V2;3.4032;3.7164;3.5513;3.4778;3.5782
8;uniqueness_detailed;Baseline_V2;3.0246;3.2017;3.047;3.4015;3.3589
8;follow_detailed;Baseline_V2;3.605;3.7432;3.7659;3.3839;3.7795
8;influence_detailed;Baseline_V2;3.6446;3.4809;3.4416;3.6088;3.3732
8;relevance_detailed;Baseline_V2;3.6569;3.8653;3.7829;3.5703;3.8411
8;subjcount_detailed;Baseline_V2;3.1432;3.2829;3.2138;3.1083;3.1938
7;subjpos_detailed;Baseline_V2;3.1991;3.2445;3.7128;3.054;3.3703
7;diversity_detailed;Baseline_V2;3.3897;3.4132;3.6036;3.1742;3.303
7;uniqueness_detailed;Baseline_V2;3.1174;3.0954;3.0849;3.1598;3.1828
7;follow_detailed;Baseline_V2;3.4359;3.4017;3.7715;3.1915;3.3797
7;influence_detailed;Baseline_V2;3.3211;3.0937;3.6331;3.147;3.3108
7;relevance_detailed;Baseline_V2;3.41;3.4351;3.5838;3.3328;3.5939
7;subjcount_detailed;Baseline_V2;3.2753;3.1545;3.4581;3.0661;3.1822
10;subjpos_detailed;Baseline_V2;3.0262;3.4591;3.316;3.4568;3.3946
10;diversity_detailed;Baseline_V2;3.0411;3.1822;3.5539;3.6874;3.4528
10;uniqueness_detailed;Baseline_V2;2.9685;3.0842;3.0411;3.5295;3.143
10;follow_detailed;Baseline_V2;3.107;3.346;3.4574;3.6492;3.5632
10;influence_detailed;Baseline_V2;3.0418;3.3538;3.4358;3.5343;3.1819
10;relevance_detailed;Baseline_V2;3.2183;3.3071;3.3031;3.5131;3.7985
10;subjcount_detailed;Baseline_V2;3.0247;3.295;3.3446;3.3971;3.4171
6;subjpos_detailed;Baseline_V2;3.322;3.1804;3.3506;2.8901;2.8233
6;diversity_detailed;Baseline_V2;3.771;3.4842;3.8871;3.1712;3.1196
6;uniqueness_detailed;Baseline_V2;3.1188;3.1935;3.5131;2.3017;2.8292
6;follow_detailed;Baseline_V2;3.7208;3.4006;3.7333;3.0;3.0
6;influence_detailed;Baseline_V2;3.5177;3.476;3.6363;2.3491;2.7472
6;relevance_detailed;Baseline_V2;3.6417;3.5021;3.7131;3.1081;3.3157
6;subjcount_detailed;Baseline_V2;3.3279;3.1422;3.4344;2.9935;2.9948
9;subjpos_detailed;Baseline_V2;4.0763;3.7958;3.0794;3.1018;3.0361
9;diversity_detailed;Baseline_V2;3.9258;3.9648;3.695;3.6368;3.2419
9;uniqueness_detailed;Baseline_V2;3.0403;3.6779;3.0801;2.9891;3.0113
9;follow_detailed;Baseline_V2;3.9322;3.8036;3.5955;3.4524;3.3133
9;influence_detailed;Baseline_V2;3.8406;3.7661;3.2632;3.1661;2.9341
9;relevance_detailed;Baseline_V2;4.1617;3.9521;3.6372;3.5676;3.5201
9;subjcount_detailed;Baseline_V2;3.8982;3.6706;3.1926;3.3697;3.1091
11;subjpos_detailed;Baseline_V2;3.5081;3.3382;3.2263;3.135;3.5548
11;diversity_detailed;Baseline_V2;3.1301;3.3816;3.2439;3.1581;3.3929
11;uniqueness_detailed;Baseline_V2;3.0314;3.1977;3.0819;3.0919;3.254
11;follow_detailed;Baseline_V2;3.4318;3.3911;3.3512;3.1896;3.6666
11;influence_detailed;Baseline_V2;3.3175;3.4753;3.3318;3.1106;3.3991
11;relevance_detailed;Baseline_V2;3.5177;3.7312;3.2146;3.505;3.3519
11;subjcount_detailed;Baseline_V2;3.1731;3.2033;3.2353;3.0447;3.2677
13;subjpos_detailed;Baseline_V2;4.1894;3.2352;3.265;3.0406;3.2159
13;diversity_detailed;Baseline_V2;3.5012;3.1117;3.1795;3.0389;3.0928
13;uniqueness_detailed;Baseline_V2;3.1375;3.1044;3.0255;3.0449;2.8504
13;follow_detailed;Baseline_V2;4.0037;3.2577;3.2199;3.1205;3.2335
13;influence_detailed;Baseline_V2;3.9133;3.1266;3.112;3.0612;3.0459
13;relevance_detailed;Baseline_V2;4.0367;3.3501;3.2492;3.1709;3.0263
13;subjcount_detailed;Baseline_V2;3.8412;3.0553;3.1212;3.0217;3.0469
12;subjpos_detailed;Baseline_V2;4.2135;3.0615;3.0412;3.048;2.8631
12;diversity_detailed;Baseline_V2;3.988;3.1287;3.0346;3.3506;3.04
12;uniqueness_detailed;Baseline_V2;3.2804;3.0011;2.9718;3.2778;2.9562
12;follow_detailed;Baseline_V2;4.0479;3.1382;3.0829;3.0488;3.0398
12;influence_detailed;Baseline_V2;4.0036;3.0539;3.0718;3.0993;2.8367
12;relevance_detailed;Baseline_V2;4.0161;3.3813;3.0649;3.3327;3.5146
12;subjcount_detailed;Baseline_V2;3.9694;3.0562;3.037;3.0258;2.9896
14;subjpos_detailed;Baseline_V2;4.0435;3.2223;3.5597;3.1103;3.709
14;diversity_detailed;Baseline_V2;3.8755;3.2823;3.2595;3.1697;3.7759
14;uniqueness_detailed;Baseline_V2;3.4788;3.0739;3.1894;3.2104;3.5164
14;follow_detailed;Baseline_V2;3.917;3.2803;3.5824;3.1825;3.4876
14;influence_detailed;Baseline_V2;3.8002;3.3058;3.6043;3.2181;3.5404
14;relevance_detailed;Baseline_V2;3.9351;3.8949;3.3653;3.216;3.8931
14;subjcount_detailed;Baseline_V2;3.9459;3.1664;3.4607;3.0817;3.6644
15;subjpos_detailed;Baseline_V2;4.2622;3.1329;3.2249;3.2009;3.4106
15;diversity_detailed;Baseline_V2;3.8999;3.7817;3.6794;3.4699;3.5327
15;uniqueness_detailed;Baseline_V2;3.8176;2.9859;3.0536;3.2798;3.3165
15;follow_detailed;Baseline_V2;3.9694;3.8409;3.7739;3.3296;3.5944
15;influence_detailed;Baseline_V2;3.9281;3.3742;3.4544;3.2953;3.3325
15;relevance_detailed;Baseline_V2;3.8888;3.7404;3.6591;3.7175;3.7725
16;subjpos_detailed;Baseline_V2;4.0685;3.6619;3.0208;3.3025;3.9639
15;subjcount_detailed;Baseline_V2;3.8798;3.4073;3.4365;3.0704;3.3258
16;diversity_detailed;Baseline_V2;3.9822;3.8494;3.5642;3.62;3.9603
16;uniqueness_detailed;Baseline_V2;3.0584;3.0519;2.9977;3.1185;3.6769
16;follow_detailed;Baseline_V2;3.9603;3.6234;3.1295;3.3697;3.9435
16;influence_detailed;Baseline_V2;3.8907;3.4262;3.0023;3.1624;3.9278
17;subjpos_detailed;Baseline_V2;3.9073;3.1902;3.1001;3.207;3.0007
16;relevance_detailed;Baseline_V2;3.959;3.9112;3.6346;3.6645;4.0454
17;diversity_detailed;Baseline_V2;3.7995;3.13;3.1123;3.6437;3.2651
16;subjcount_detailed;Baseline_V2;3.9258;3.1968;3.0418;3.0539;3.8959
17;uniqueness_detailed;Baseline_V2;3.2431;3.1935;2.973;3.3918;3.2059
17;follow_detailed;Baseline_V2;3.8598;3.2943;3.2925;3.3698;3.2004
17;influence_detailed;Baseline_V2;3.8129;3.3045;3.1973;3.4361;3.057
18;subjpos_detailed;Baseline_V2;3.0583;3.1024;3.1143;3.0642;3.0416
17;relevance_detailed;Baseline_V2;3.6448;3.6163;3.2587;3.2408;3.4344
18;diversity_detailed;Baseline_V2;3.2594;3.5557;3.4606;3.2876;3.3513
17;subjcount_detailed;Baseline_V2;3.5241;3.1705;3.0776;3.1271;3.0495
18;uniqueness_detailed;Baseline_V2;2.4511;3.1271;3.02;3.2993;3.129
18;follow_detailed;Baseline_V2;3.2355;3.5383;3.4476;3.2413;3.2372
18;influence_detailed;Baseline_V2;3.1369;3.35;3.3417;3.2534;3.2833
20;subjpos_detailed;Baseline_V2;3.7516;3.7052;3.8721;3.1692;3.4223
18;relevance_detailed;Baseline_V2;3.0796;3.1709;3.1226;3.0144;3.0269
20;diversity_detailed;Baseline_V2;3.9634;3.6713;3.9695;3.2518;3.7662
18;subjcount_detailed;Baseline_V2;3.2022;3.4608;3.373;3.2121;3.2352
20;uniqueness_detailed;Baseline_V2;3.0553;3.1164;3.3532;3.1142;3.1648
20;follow_detailed;Baseline_V2;3.8457;3.8175;3.9117;3.148;3.2506
20;influence_detailed;Baseline_V2;3.8573;3.4945;3.9214;3.1349;3.1256
20;relevance_detailed;Baseline_V2;3.9721;3.8548;3.9566;3.1374;3.5171
19;subjpos_detailed;Baseline_V2;3.5752;3.7387;3.0177;3.3913;2.9938
20;subjcount_detailed;Baseline_V2;3.906;3.5431;3.9179;3.0583;3.2242
19;diversity_detailed;Baseline_V2;3.7847;3.7247;3.5425;3.8264;3.2922
19;uniqueness_detailed;Baseline_V2;3.114;3.2566;3.0207;3.2187;3.1454
19;follow_detailed;Baseline_V2;3.6477;3.7114;3.1643;3.3444;3.0719
19;influence_detailed;Baseline_V2;3.6679;3.7027;3.1825;3.5518;3.0556
19;relevance_detailed;Baseline_V2;3.4678;3.7853;3.4051;3.7521;3.3055
19;subjcount_detailed;Baseline_V2;3.4769;3.4007;3.1945;3.3158;3.0927
21;subjpos_detailed;Baseline_V2;3.4193;3.019;3.1813;3.1732;3.1231
21;diversity_detailed;Baseline_V2;3.4113;3.2088;3.5666;3.3701;3.1657
21;uniqueness_detailed;Baseline_V2;3.0065;2.9418;3.0949;3.168;2.995
21;follow_detailed;Baseline_V2;3.6083;3.2376;3.3232;3.2376;3.1777
21;influence_detailed;Baseline_V2;3.4448;3.0246;3.2267;3.1149;3.022
21;relevance_detailed;Baseline_V2;3.2996;3.4395;3.2166;3.3372;3.3288
21;subjcount_detailed;Baseline_V2;3.4629;3.0938;3.2078;3.1746;3.0554
22;subjpos_detailed;Baseline_V2;3.9391;3.0307;3.1808;3.0475;3.1997
22;diversity_detailed;Baseline_V2;3.8416;3.3307;3.5979;3.0317;3.1744
22;uniqueness_detailed;Baseline_V2;3.1514;2.7927;3.046;3.0755;3.0585
22;follow_detailed;Baseline_V2;3.9734;3.4583;3.6146;3.0138;3.2765
22;influence_detailed;Baseline_V2;3.907;3.0718;3.3034;3.0147;3.1171
22;relevance_detailed;Baseline_V2;3.9378;3.8242;3.6152;3.1329;3.3273
22;subjcount_detailed;Baseline_V2;3.9224;3.1046;3.1609;3.0031;3.1394
23;subjpos_detailed;Baseline_V2;3.8336;3.4519;3.2562;3.4783;3.391
23;diversity_detailed;Baseline_V2;3.8385;3.1016;3.5852;3.7027;3.35
24;subjpos_detailed;Baseline_V2;4.2044;3.1962;3.1575;3.0207;3.0444
23;uniqueness_detailed;Baseline_V2;3.1918;3.0358;3.4712;3.7212;3.0534
25;subjpos_detailed;Baseline_V2;3.9731;3.8276;3.0362;3.0386;3.0579
24;diversity_detailed;Baseline_V2;3.9288;3.7812;3.8654;3.7621;3.7499
26;subjpos_detailed;Baseline_V2;3.5735;3.2645;3.2088;3.147;3.161
23;follow_detailed;Baseline_V2;3.9128;3.1678;3.4049;3.84;3.2831
25;diversity_detailed;Baseline_V2;3.893;3.6777;3.1028;3.5039;3.4462
24;uniqueness_detailed;Baseline_V2;3.8714;2.9859;3.3288;3.0326;3.0579
28;subjpos_detailed;Baseline_V2;3.8325;3.0422;3.014;3.7359;3.4138
26;diversity_detailed;Baseline_V2;3.3026;3.4468;3.3165;3.2538;3.0418
23;influence_detailed;Baseline_V2;3.7947;3.2875;3.2009;3.4304;3.2369
25;uniqueness_detailed;Baseline_V2;3.5954;3.5917;2.904;2.9131;2.9478
24;follow_detailed;Baseline_V2;4.0736;3.588;3.1264;3.2997;3.4601
27;subjpos_detailed;Baseline_V2;3.9664;3.0133;3.129;3.1066;2.9696
28;diversity_detailed;Baseline_V2;3.9189;3.3819;2.9727;3.8421;3.7031
29;subjpos_detailed;Baseline_V2;3.7794;3.0958;3.0144;3.4395;2.5654
26;uniqueness_detailed;Baseline_V2;3.0743;3.1408;3.0237;3.2796;3.0054
23;relevance_detailed;Baseline_V2;3.6475;3.312;3.6276;3.4114;3.4148
25;follow_detailed;Baseline_V2;3.8583;3.8259;3.1371;3.1478;3.3328
24;influence_detailed;Baseline_V2;3.9955;3.5541;3.0778;3.0959;3.3462
27;diversity_detailed;Baseline_V2;3.9681;3.3022;3.5296;3.0933;3.3526
28;uniqueness_detailed;Baseline_V2;2.9832;2.8145;2.9681;3.2353;3.3574
29;diversity_detailed;Baseline_V2;3.6213;3.1111;3.0203;3.1756;3.0448
26;follow_detailed;Baseline_V2;3.7724;3.5998;3.4681;3.3536;3.1327
23;subjcount_detailed;Baseline_V2;3.6152;3.1161;3.2358;3.4091;3.1607
25;influence_detailed;Baseline_V2;3.9694;3.7864;3.0652;3.0879;3.223
24;relevance_detailed;Baseline_V2;3.9951;3.839;3.4842;3.7772;3.885
27;uniqueness_detailed;Baseline_V2;3.3116;2.8039;2.91;2.9995;2.8817
30;subjpos_detailed;Baseline_V2;3.9388;3.2946;3.0624;3.1467;3.3857
28;follow_detailed;Baseline_V2;3.9625;3.3474;3.0665;3.9147;3.8829
29;uniqueness_detailed;Baseline_V2;3.0227;2.0992;2.0317;3.0918;1.7031
26;influence_detailed;Baseline_V2;3.5708;3.2035;3.4352;3.0561;3.0606
25;relevance_detailed;Baseline_V2;3.9127;3.8602;3.3053;3.5617;3.8431
24;subjcount_detailed;Baseline_V2;3.9487;3.4723;3.2235;3.1692;3.4174
27;follow_detailed;Baseline_V2;4.0103;3.6432;3.76;3.504;3.4185
30;diversity_detailed;Baseline_V2;3.9604;3.4868;3.0636;3.1903;3.209
28;influence_detailed;Baseline_V2;3.8611;2.7486;3.0617;3.6942;3.3387
29;follow_detailed;Baseline_V2;3.7691;3.2425;3.0734;3.376;3.1261
26;relevance_detailed;Baseline_V2;3.2207;3.3661;3.1934;3.1668;3.2266
25;subjcount_detailed;Baseline_V2;3.8304;3.6865;3.0509;3.0152;3.0921
27;influence_detailed;Baseline_V2;3.9885;3.0127;3.1433;3.0349;2.9146
30;uniqueness_detailed;Baseline_V2;3.4294;3.2846;2.9277;3.4272;3.0829
28;relevance_detailed;Baseline_V2;3.9356;3.683;3.0627;3.7562;3.5639
29;influence_detailed;Baseline_V2;3.6761;3.004;2.8693;3.2139;2.9185
26;subjcount_detailed;Baseline_V2;3.2258;3.1535;3.1395;3.0916;3.047
27;relevance_detailed;Baseline_V2;3.8948;3.7756;3.8223;3.2185;3.782
30;follow_detailed;Baseline_V2;3.9315;3.5609;3.1656;3.3363;3.4295
28;subjcount_detailed;Baseline_V2;3.7866;3.0215;2.9982;3.4406;3.3133
29;relevance_detailed;Baseline_V2;3.365;3.3117;3.2023;3.1512;3.1238
27;subjcount_detailed;Baseline_V2;3.9192;3.0898;3.599;3.031;3.103
30;influence_detailed;Baseline_V2;3.8411;3.3909;3.0605;3.1727;3.2466
29;subjcount_detailed;Baseline_V2;3.7186;3.0668;3.0195;3.0975;2.9515
30;relevance_detailed;Baseline_V2;3.9202;3.7735;3.1423;3.3634;3.5018
30;subjcount_detailed;Baseline_V2;3.7371;3.1878;3.0315;3.0728;3.2548
31;subjpos_detailed;Baseline_V2;3.4193;3.6746;3.2071;3.3402;3.2253
31;diversity_detailed;Baseline_V2;3.3483;3.6671;3.5354;3.2226;3.0598
31;uniqueness_detailed;Baseline_V2;3.105;3.4854;3.0964;3.4832;3.059
31;follow_detailed;Baseline_V2;3.7266;3.8703;3.5207;3.45;3.1015
31;influence_detailed;Baseline_V2;3.5808;3.6051;3.5553;3.3038;2.973
31;relevance_detailed;Baseline_V2;3.7393;3.95;3.7177;3.641;3.5948
31;subjcount_detailed;Baseline_V2;3.4696;3.5657;3.3637;3.0892;3.0558
32;subjpos_detailed;Baseline_V2;3.904;3.2268;3.0311;3.1019;3.435
32;diversity_detailed;Baseline_V2;3.7013;3.4671;3.3251;3.2476;3.6255
32;uniqueness_detailed;Baseline_V2;3.5248;3.2792;2.9923;3.2262;3.2461
32;follow_detailed;Baseline_V2;3.901;3.5041;3.1579;3.1866;3.543
32;influence_detailed;Baseline_V2;3.8741;3.1664;3.0061;3.0637;3.1758
32;relevance_detailed;Baseline_V2;3.7315;3.8387;3.5618;3.2118;3.4846
32;subjcount_detailed;Baseline_V2;3.8214;3.3116;3.0421;3.0423;3.2569
33;subjpos_detailed;Baseline_V2;4.4443;3.2853;3.0413;3.2181;3.1075
33;diversity_detailed;Baseline_V2;3.9189;3.5916;3.0737;3.5391;3.6715
33;uniqueness_detailed;Baseline_V2;3.5688;2.5935;3.0037;2.9579;2.9209
33;follow_detailed;Baseline_V2;4.0632;3.9714;3.2455;3.884;3.9149
33;influence_detailed;Baseline_V2;3.9938;3.625;2.9867;3.3868;3.4744
33;relevance_detailed;Baseline_V2;3.9076;3.7061;3.0557;3.7178;3.8132
33;subjcount_detailed;Baseline_V2;3.9703;3.5503;2.9898;3.2894;3.419
34;subjpos_detailed;Baseline_V2;3.9799;3.1171;3.1836;2.9726;2.9529
34;diversity_detailed;Baseline_V2;3.9711;3.5506;3.4634;3.3341;3.2945
34;uniqueness_detailed;Baseline_V2;3.5048;2.9943;3.0658;2.9352;2.6894
34;follow_detailed;Baseline_V2;4.007;3.884;3.3382;3.5462;3.7336
34;influence_detailed;Baseline_V2;3.9702;3.2395;3.2212;3.0076;3.0799
34;relevance_detailed;Baseline_V2;3.9769;3.9359;3.7608;3.8139;3.8793
34;subjcount_detailed;Baseline_V2;3.8704;3.239;3.1334;3.0465;3.1489
35;subjpos_detailed;Baseline_V2;3.7755;3.9063;3.4797;3.4414;2.8921
35;diversity_detailed;Baseline_V2;3.9426;3.9605;3.5444;3.3459;3.2412
35;uniqueness_detailed;Baseline_V2;3.0919;3.6565;2.9771;3.0888;2.9376
35;follow_detailed;Baseline_V2;3.9527;3.9527;3.3945;3.4944;3.0876
35;influence_detailed;Baseline_V2;3.7356;3.9017;3.4331;3.2758;2.8562
35;relevance_detailed;Baseline_V2;3.8859;3.9584;3.3602;3.2116;3.7817
35;subjcount_detailed;Baseline_V2;3.7937;3.8382;3.3305;3.166;2.9975
36;subjpos_detailed;Baseline_V2;3.9345;3.527;3.3145;3.2427;3.0
36;diversity_detailed;Baseline_V2;3.9013;3.6319;3.2128;3.1755;3.177
36;uniqueness_detailed;Baseline_V2;3.1192;3.1517;2.8555;3.3709;2.7239
36;follow_detailed;Baseline_V2;3.9588;3.7446;3.4731;3.225;3.3993
37;subjpos_detailed;Baseline_V2;3.969;3.909;3.7375;3.035;3.5702
36;influence_detailed;Baseline_V2;3.9786;3.5575;3.3959;3.3709;3.0
37;diversity_detailed;Baseline_V2;3.8768;3.764;3.8607;3.0199;3.4993
36;relevance_detailed;Baseline_V2;3.6148;3.7539;3.0;3.0;1.0
37;uniqueness_detailed;Baseline_V2;3.2852;3.6242;3.0994;3.0595;3.2005
36;subjcount_detailed;Baseline_V2;3.7244;3.2395;3.1045;3.079;3.0
37;follow_detailed;Baseline_V2;3.8813;3.972;3.9128;3.0882;3.9076
37;influence_detailed;Baseline_V2;3.9291;3.8478;3.4467;2.9849;3.256
37;relevance_detailed;Baseline_V2;3.9572;3.96;3.792;3.0302;3.821
37;subjcount_detailed;Baseline_V2;3.7468;3.7603;3.4937;3.0211;3.3978
38;subjpos_detailed;Baseline_V2;4.1383;3.7257;3.3104;3.0783;3.7394
38;diversity_detailed;Baseline_V2;3.9943;3.5226;3.5119;3.2699;3.8509
38;uniqueness_detailed;Baseline_V2;3.7899;3.1784;3.1823;3.1971;3.4694
38;follow_detailed;Baseline_V2;3.9881;3.4264;3.316;3.1313;3.8145
38;influence_detailed;Baseline_V2;4.0145;3.6543;3.2405;3.2917;3.4499
39;subjpos_detailed;Baseline_V2;3.9786;3.3582;3.3964;3.5422;3.0896
38;relevance_detailed;Baseline_V2;4.0003;3.3231;3.191;3.7259;3.8387
39;diversity_detailed;Baseline_V2;3.9698;3.788;3.5545;3.7591;3.5926
38;subjcount_detailed;Baseline_V2;3.955;3.4304;3.2143;3.0348;3.3512
39;uniqueness_detailed;Baseline_V2;3.4251;3.2429;3.0389;3.6738;3.3271
40;subjpos_detailed;Baseline_V2;3.9448;3.0462;3.1367;3.1384;3.036
39;follow_detailed;Baseline_V2;3.9078;3.7934;3.7103;3.8077;3.5206
40;diversity_detailed;Baseline_V2;4.0114;3.9438;4.0204;4.0136;3.9764
39;influence_detailed;Baseline_V2;3.8978;3.5276;3.3684;3.4841;3.1761
40;uniqueness_detailed;Baseline_V2;3.76;2.3421;2.4598;2.3401;2.8452
39;relevance_detailed;Baseline_V2;3.918;3.7884;3.6803;3.8164;3.8432
40;follow_detailed;Baseline_V2;3.8522;3.4686;3.7049;3.7066;3.6081
39;subjcount_detailed;Baseline_V2;3.8289;3.2929;3.2284;3.3477;3.1949
40;influence_detailed;Baseline_V2;4.0042;3.2625;3.6169;3.7543;3.4827
40;relevance_detailed;Baseline_V2;3.7894;3.8024;3.6782;4.1442;4.1356
40;subjcount_detailed;Baseline_V2;3.7658;3.2586;3.5645;3.6565;3.5996
41;subjpos_detailed;Baseline_V2;3.894;3.8518;3.2487;3.0302;3.0654
41;diversity_detailed;Baseline_V2;3.8332;3.9147;3.7681;3.7201;3.5188
41;uniqueness_detailed;Baseline_V2;3.3597;3.715;3.1121;3.3046;3.3459
41;follow_detailed;Baseline_V2;3.9695;3.7887;3.468;3.3749;3.3223
41;influence_detailed;Baseline_V2;3.9654;3.8721;3.3925;3.022;3.0611
41;relevance_detailed;Baseline_V2;3.8906;4.0087;3.6631;3.765;3.7581
41;subjcount_detailed;Baseline_V2;3.8437;3.5773;3.3048;3.1471;3.1251
42;subjpos_detailed;Baseline_V2;3.8501;3.1782;3.5097;3.1069;3.5697
42;diversity_detailed;Baseline_V2;3.6174;3.1655;3.6957;3.1392;3.3364
42;uniqueness_detailed;Baseline_V2;3.1271;3.0975;3.0301;2.9669;3.0935
42;follow_detailed;Baseline_V2;3.9222;3.3232;3.549;3.1861;3.5724
42;influence_detailed;Baseline_V2;3.8041;3.5239;3.6206;3.3502;3.3277
42;relevance_detailed;Baseline_V2;3.5757;3.625;3.698;3.3477;3.7998
42;subjcount_detailed;Baseline_V2;3.7653;3.2658;3.4012;3.0741;3.2373
43;subjpos_detailed;Baseline_V2;3.8046;3.2273;3.3161;3.0103;3.2624
43;diversity_detailed;Baseline_V2;3.8093;3.6253;3.551;3.4436;3.1496
43;uniqueness_detailed;Baseline_V2;3.6877;3.4547;3.3165;3.4459;3.3503
43;follow_detailed;Baseline_V2;3.6736;3.6293;3.4789;3.2712;3.2928
43;influence_detailed;Baseline_V2;3.75;3.1935;3.1688;3.0113;3.1834
43;relevance_detailed;Baseline_V2;3.5155;3.6894;3.4562;3.3478;3.5956
43;subjcount_detailed;Baseline_V2;3.7545;3.3461;3.2532;3.0086;3.1053
44;subjpos_detailed;Baseline_V2;3.7998;3.5722;3.0932;3.0234;2.9687
44;diversity_detailed;Baseline_V2;3.6638;3.6273;3.4102;3.3181;3.1937
44;uniqueness_detailed;Baseline_V2;3.1197;3.0743;1.7397;1.9063;1.3448
44;follow_detailed;Baseline_V2;3.831;3.7132;3.1727;3.0881;3.0807
44;influence_detailed;Baseline_V2;3.7279;3.4894;3.1468;3.0471;2.9808
44;relevance_detailed;Baseline_V2;3.6434;3.6917;3.4668;3.4007;3.411
44;subjcount_detailed;Baseline_V2;3.5637;3.3784;3.0513;3.0252;3.0249
45;subjpos_detailed;Baseline_V2;4.091;3.1642;3.4054;3.1972;3.6116
45;diversity_detailed;Baseline_V2;3.9824;3.4947;3.6698;3.849;3.6696
45;uniqueness_detailed;Baseline_V2;3.7107;3.0477;3.1556;3.3029;3.2083
45;follow_detailed;Baseline_V2;4.0051;3.2569;3.4146;3.2707;3.5763
45;influence_detailed;Baseline_V2;3.9963;3.2844;3.2952;3.2923;3.4596
45;relevance_detailed;Baseline_V2;4.014;3.553;3.2122;3.2308;3.4105
45;subjcount_detailed;Baseline_V2;3.8182;3.0796;3.2266;3.087;3.1434
46;subjpos_detailed;Baseline_V2;3.862;3.9719;3.1209;3.474;2.792
46;diversity_detailed;Baseline_V2;3.9575;3.9392;3.1833;3.7661;3.0445
47;subjpos_detailed;Baseline_V2;3.3664;3.3267;3.5828;2.5692;2.5945
46;uniqueness_detailed;Baseline_V2;3.1738;3.653;3.056;3.6229;2.2226
47;diversity_detailed;Baseline_V2;3.614;3.3156;3.8025;3.0633;3.0456
46;follow_detailed;Baseline_V2;3.5991;3.8777;3.0149;3.1078;3.007
48;subjpos_detailed;Baseline_V2;3.1051;3.1195;3.1042;3.0711;3.0692
47;uniqueness_detailed;Baseline_V2;2.9957;3.0645;3.1534;2.9671;2.8133
46;influence_detailed;Baseline_V2;3.952;3.9461;3.3134;3.5949;2.7987
48;diversity_detailed;Baseline_V2;3.8826;3.9397;3.9397;3.8638;3.8812
47;follow_detailed;Baseline_V2;3.8694;3.7231;3.9311;3.067;3.039
46;relevance_detailed;Baseline_V2;4.009;4.0464;3.6715;3.8005;3.4086
48;uniqueness_detailed;Baseline_V2;2.9519;2.9675;2.9937;3.0596;2.9627
47;influence_detailed;Baseline_V2;3.5807;3.5175;3.7502;2.5504;2.6911
46;subjcount_detailed;Baseline_V2;3.8458;3.8441;3.0921;3.2456;2.9676
48;follow_detailed;Baseline_V2;3.7712;3.8393;3.8595;3.7289;3.7642
47;relevance_detailed;Baseline_V2;3.429;3.4467;3.6195;3.0;3.0
49;subjpos_detailed;Baseline_V2;3.7815;3.1939;3.8182;3.1688;2.9167
48;influence_detailed;Baseline_V2;3.1964;3.3732;3.3485;3.232;3.1502
47;subjcount_detailed;Baseline_V2;3.2528;3.227;3.4965;2.88;2.9808
49;diversity_detailed;Baseline_V2;3.7569;3.5979;3.928;3.3089;3.1051
48;relevance_detailed;Baseline_V2;3.6124;3.5398;3.6504;3.5202;3.5541
49;uniqueness_detailed;Baseline_V2;3.1721;3.0534;3.3345;3.3566;3.0148
48;subjcount_detailed;Baseline_V2;3.2407;3.5284;3.4066;3.3142;3.3277
50;subjpos_detailed;Baseline_V2;3.4842;3.866;3.1536;2.952;2.8227
49;follow_detailed;Baseline_V2;3.9082;3.299;3.9467;3.1762;3.1779
50;diversity_detailed;Baseline_V2;3.4058;3.926;3.1193;2.9625;2.9899
49;influence_detailed;Baseline_V2;3.6249;3.2099;3.8567;3.1626;2.8909
50;uniqueness_detailed;Baseline_V2;2.9682;3.3804;3.029;2.8914;2.6847
49;relevance_detailed;Baseline_V2;3.7773;3.8933;3.9497;3.3461;3.7224
50;follow_detailed;Baseline_V2;3.8437;3.9286;3.4583;3.0;3.0
49;subjcount_detailed;Baseline_V2;3.5628;3.2881;3.8775;3.1057;3.0336
50;influence_detailed;Baseline_V2;3.358;3.8792;3.2263;2.8122;2.7521
50;relevance_detailed;Baseline_V2;3.4512;3.7054;3.4157;3.0;3.0
50;subjcount_detailed;Baseline_V2;3.2458;3.7104;3.097;3.0295;3.0
51;subjpos_detailed;Baseline_V2;3.6967;3.784;3.2443;3.1437;2.9637
51;diversity_detailed;Baseline_V2;3.7117;3.7956;3.1364;3.1963;3.0452
51;uniqueness_detailed;Baseline_V2;3.1766;3.5718;3.0062;3.5351;3.1639
51;follow_detailed;Baseline_V2;3.8784;3.9372;3.3716;3.4315;3.1476
51;influence_detailed;Baseline_V2;3.8675;3.8963;3.2139;3.2739;2.8315
51;relevance_detailed;Baseline_V2;3.8331;3.9802;3.5517;3.4878;3.2377
51;subjcount_detailed;Baseline_V2;3.4054;3.5425;3.0552;3.0596;2.9869
52;subjpos_detailed;Baseline_V2;3.9092;3.1018;3.3599;3.0397;3.3899
52;diversity_detailed;Baseline_V2;3.8731;3.1013;3.8062;3.161;3.5093
52;uniqueness_detailed;Baseline_V2;3.2029;2.9944;3.0691;3.0193;3.0369
52;follow_detailed;Baseline_V2;3.9762;3.1415;3.4476;3.0304;3.6242
52;influence_detailed;Baseline_V2;3.96;3.2746;3.5251;3.0852;3.4014
52;relevance_detailed;Baseline_V2;3.9481;3.5697;3.6909;3.4368;3.7112
52;subjcount_detailed;Baseline_V2;3.8798;3.1478;3.4232;3.0857;3.3555
53;subjpos_detailed;Baseline_V2;3.9482;3.1466;3.0409;3.03;2.9669
53;diversity_detailed;Baseline_V2;3.8191;3.1854;2.6498;3.0549;3.25
53;uniqueness_detailed;Baseline_V2;3.7483;3.0002;2.8769;2.999;2.6983
53;follow_detailed;Baseline_V2;3.9951;3.409;3.0152;3.0202;3.064
53;influence_detailed;Baseline_V2;3.9259;3.1233;3.0913;3.0084;2.9897
53;relevance_detailed;Baseline_V2;3.6895;3.1902;2.9108;3.0525;3.4088
53;subjcount_detailed;Baseline_V2;3.8329;3.0431;2.9356;3.0015;3.0241
54;subjpos_detailed;Baseline_V2;3.9021;3.5373;3.3355;3.2519;3.8539
56;subjpos_detailed;Baseline_V2;3.3049;3.8285;3.2486;2.3787;3.031
54;diversity_detailed;Baseline_V2;3.371;3.6027;3.28;3.2258;3.4627
56;diversity_detailed;Baseline_V2;3.0181;3.7135;3.2789;2.9715;3.0201
54;uniqueness_detailed;Baseline_V2;2.958;3.0436;2.9902;3.056;3.1555
56;uniqueness_detailed;Baseline_V2;2.9433;3.0264;2.9808;1.3225;2.9727
54;follow_detailed;Baseline_V2;3.7282;3.5955;3.2261;3.1783;3.6769
56;follow_detailed;Baseline_V2;3.0651;3.8679;3.1951;3.0;3.1484
54;influence_detailed;Baseline_V2;3.8536;3.6706;3.4747;3.2273;3.635
56;influence_detailed;Baseline_V2;3.1291;3.9176;3.1792;2.9081;3.0108
55;subjpos_detailed;Baseline_V2;3.0346;3.1005;3.4166;2.424;2.9773
54;relevance_detailed;Baseline_V2;3.9763;3.8159;3.3901;3.2416;3.6539
56;relevance_detailed;Baseline_V2;3.0264;3.9424;3.3825;3.1701;3.7264
55;diversity_detailed;Baseline_V2;3.0528;3.0825;3.6627;3.0121;3.0288
54;subjcount_detailed;Baseline_V2;3.766;3.3407;3.162;3.1405;3.5614
56;subjcount_detailed;Baseline_V2;3.2592;3.6963;3.2332;3.0;3.0785
55;uniqueness_detailed;Baseline_V2;2.9838;2.9533;3.5254;2.674;2.9123
55;follow_detailed;Baseline_V2;3.2085;3.3183;3.7001;3.0094;3.0255
55;influence_detailed;Baseline_V2;3.0563;3.1496;3.4274;2.7287;2.9751
55;relevance_detailed;Baseline_V2;3.0725;3.2179;3.2018;3.0245;3.0223
55;subjcount_detailed;Baseline_V2;3.0331;3.0854;3.1792;2.8706;2.986
57;subjpos_detailed;Baseline_V2;4.1064;3.4886;3.0978;3.4594;3.3388
57;diversity_detailed;Baseline_V2;3.8871;3.4445;3.0566;3.3265;3.365
57;uniqueness_detailed;Baseline_V2;3.3791;3.3422;3.0127;3.5923;3.1085
58;subjpos_detailed;Baseline_V2;3.4395;3.2599;3.0507;3.4413;2.9651
57;follow_detailed;Baseline_V2;4.0327;3.7534;3.2685;3.6632;3.6131
58;diversity_detailed;Baseline_V2;3.3225;3.0681;3.1462;3.5132;2.9535
57;influence_detailed;Baseline_V2;3.8989;3.6614;3.1738;3.5357;3.5492
58;uniqueness_detailed;Baseline_V2;2.9817;2.968;2.9969;3.4496;2.169
57;relevance_detailed;Baseline_V2;3.9995;3.8066;3.2189;3.5568;3.6407
58;follow_detailed;Baseline_V2;3.4266;3.3427;3.1912;3.6503;3.0206
57;subjcount_detailed;Baseline_V2;3.8464;3.3272;3.0786;3.2806;3.3433
58;influence_detailed;Baseline_V2;3.2875;3.1192;3.037;3.498;2.5755
58;relevance_detailed;Baseline_V2;3.1679;3.2047;3.1498;3.5092;3.1209
58;subjcount_detailed;Baseline_V2;3.1641;3.0399;3.0358;3.2929;2.9891
59;subjpos_detailed;Baseline_V2;3.0548;3.9223;3.9059;3.0962;3.0667
59;diversity_detailed;Baseline_V2;3.578;3.901;3.9187;3.1128;3.6235
59;uniqueness_detailed;Baseline_V2;2.9274;3.5162;3.3809;3.2216;3.0843
59;follow_detailed;Baseline_V2;3.2943;3.9632;3.9533;3.1568;3.412
59;influence_detailed;Baseline_V2;2.9362;3.8837;3.9082;2.9951;2.9594
59;relevance_detailed;Baseline_V2;3.3806;3.9517;3.9249;3.2291;3.3975
59;subjcount_detailed;Baseline_V2;3.039;3.7727;3.6595;3.0354;3.0969
60;subjpos_detailed;Baseline_V2;3.7675;3.1391;2.989;3.0682;3.4422
60;diversity_detailed;Baseline_V2;3.1842;3.0676;3.1299;3.154;3.3213
60;uniqueness_detailed;Baseline_V2;3.0693;2.9914;2.9781;3.0344;3.183
60;follow_detailed;Baseline_V2;3.8277;3.0478;3.0885;3.1575;3.3462
60;influence_detailed;Baseline_V2;3.5609;3.1508;2.9989;3.0905;3.2566
60;relevance_detailed;Baseline_V2;3.3907;3.2033;3.3111;3.2109;3.4657
60;subjcount_detailed;Baseline_V2;3.5466;3.0974;3.0775;3.0681;3.217
61;subjpos_detailed;Baseline_V2;3.0232;3.1009;3.1787;3.9149;2.8137
61;diversity_detailed;Baseline_V2;3.1055;3.2069;3.7434;3.9319;3.0661
61;uniqueness_detailed;Baseline_V2;1.8724;2.9782;3.0792;3.4706;1.6597
61;follow_detailed;Baseline_V2;3.1451;3.1842;3.6112;3.9848;3.0792
61;influence_detailed;Baseline_V2;3.027;3.1101;3.2985;3.9514;2.575
61;relevance_detailed;Baseline_V2;3.2891;3.3676;3.6909;3.9892;3.0
61;subjcount_detailed;Baseline_V2;3.0128;3.0248;3.228;3.7324;2.9516
62;subjpos_detailed;Baseline_V2;3.6461;3.3427;3.0285;3.0487;3.0182
62;diversity_detailed;Baseline_V2;3.1611;3.5012;3.1596;3.1099;3.0412
62;uniqueness_detailed;Baseline_V2;3.0627;3.1646;2.5925;2.7098;2.4352
62;follow_detailed;Baseline_V2;3.324;3.446;3.1645;3.0537;3.0855
62;influence_detailed;Baseline_V2;3.6499;3.5042;2.9626;3.087;2.9889
62;relevance_detailed;Baseline_V2;3.196;3.3721;3.2436;3.2996;3.1301
62;subjcount_detailed;Baseline_V2;3.2861;3.141;3.02;3.0201;3.008
63;subjpos_detailed;Baseline_V2;4.1636;3.8754;3.3941;3.2405;1.2132
63;diversity_detailed;Baseline_V2;3.9101;3.7249;3.6229;3.5399;2.9576
63;uniqueness_detailed;Baseline_V2;3.0501;3.1233;3.137;3.5376;2.9406
63;follow_detailed;Baseline_V2;4.0121;3.9038;3.4136;3.5655;3.0052
63;influence_detailed;Baseline_V2;3.9875;3.8515;3.2743;3.5884;1.2764
63;relevance_detailed;Baseline_V2;3.9743;3.9524;3.5289;3.9021;3.225
63;subjcount_detailed;Baseline_V2;3.915;3.7185;3.1003;3.1998;2.8967
64;subjpos_detailed;Baseline_V2;4.1747;3.0185;3.0713;2.9493;2.98
64;diversity_detailed;Baseline_V2;3.9739;3.4264;3.0089;3.1952;3.3466
64;uniqueness_detailed;Baseline_V2;3.4392;3.3192;2.8622;2.656;2.5355
64;follow_detailed;Baseline_V2;4.0087;3.0318;2.9641;3.0366;3.3643
64;influence_detailed;Baseline_V2;4.0168;3.067;3.4682;2.0363;2.9942
64;relevance_detailed;Baseline_V2;4.1591;3.6794;2.9985;3.8475;3.98
64;subjcount_detailed;Baseline_V2;3.9871;3.0245;2.9984;2.9831;3.0441
66;subjpos_detailed;Baseline_V2;3.5951;3.3584;3.0604;3.1052;3.2893
66;diversity_detailed;Baseline_V2;3.6018;3.2408;3.2199;3.0832;3.0558
66;uniqueness_detailed;Baseline_V2;3.0512;3.0225;3.0118;3.0449;3.0255
65;subjpos_detailed;Baseline_V2;3.2361;3.4128;3.8838;2.977;3.556
66;follow_detailed;Baseline_V2;3.7548;3.2267;3.0968;3.0957;3.1496
65;diversity_detailed;Baseline_V2;3.1044;3.5807;3.9663;3.2557;3.6462
66;influence_detailed;Baseline_V2;3.7605;3.35;3.2562;3.1541;3.187
65;uniqueness_detailed;Baseline_V2;3.0011;3.0957;3.4273;3.0675;3.2712
66;relevance_detailed;Baseline_V2;3.4264;3.4109;3.0921;3.1376;3.1409
65;follow_detailed;Baseline_V2;3.3407;3.6928;3.923;3.1976;3.7606
66;subjcount_detailed;Baseline_V2;3.503;3.2703;3.1283;3.0462;3.1546
65;influence_detailed;Baseline_V2;3.1361;3.4745;3.8959;2.9883;3.4441
67;subjpos_detailed;Baseline_V2;3.5181;3.6478;3.0145;3.1427;3.1261
65;relevance_detailed;Baseline_V2;3.193;3.4068;3.9357;3.3463;3.5214
67;diversity_detailed;Baseline_V2;3.807;3.8871;3.5059;3.5708;3.26
65;subjcount_detailed;Baseline_V2;3.0447;3.4816;3.8747;3.0476;3.5124
67;uniqueness_detailed;Baseline_V2;3.1496;3.7888;3.0625;3.6144;3.1547
67;follow_detailed;Baseline_V2;3.8944;3.9178;3.5039;3.6575;3.4616
67;influence_detailed;Baseline_V2;3.667;3.7282;3.1322;3.3821;3.2174
67;relevance_detailed;Baseline_V2;3.5272;3.8033;3.3772;3.5513;3.2329
67;subjcount_detailed;Baseline_V2;3.4195;3.549;3.1013;3.1531;3.1049
68;subjpos_detailed;Baseline_V2;3.8522;3.1442;3.5742;3.1088;2.8311
68;diversity_detailed;Baseline_V2;3.8792;3.4021;3.3423;3.1773;3.2177
68;uniqueness_detailed;Baseline_V2;3.1985;3.0816;3.0662;3.1049;2.3511
68;follow_detailed;Baseline_V2;3.8929;3.2968;3.474;3.0634;3.1101
68;influence_detailed;Baseline_V2;3.889;3.1792;3.4414;3.291;3.0129
68;relevance_detailed;Baseline_V2;3.698;3.4832;3.2988;3.162;3.4537
68;subjcount_detailed;Baseline_V2;3.6862;3.0954;3.3617;3.0222;3.0351
69;subjpos_detailed;Baseline_V2;3.8419;3.3653;3.1352;3.2103;3.7158
69;diversity_detailed;Baseline_V2;3.38;3.9598;3.5426;3.7598;3.9622
69;uniqueness_detailed;Baseline_V2;3.1402;3.2383;3.0518;3.4637;3.6685
69;follow_detailed;Baseline_V2;3.7467;3.6229;3.113;3.0552;3.8585
69;influence_detailed;Baseline_V2;3.7859;3.5729;3.3266;3.3635;3.7348
69;relevance_detailed;Baseline_V2;3.7359;3.9812;3.2936;3.3805;3.9434
69;subjcount_detailed;Baseline_V2;3.5453;3.2527;3.0501;3.0516;3.6718
70;subjpos_detailed;Baseline_V2;3.9637;3.4464;3.0379;3.2239;3.0095
70;diversity_detailed;Baseline_V2;3.6876;3.6546;3.4247;3.6408;3.3471
70;uniqueness_detailed;Baseline_V2;3.1317;3.1761;3.0325;3.377;3.2005
70;follow_detailed;Baseline_V2;3.8605;3.6623;3.3276;3.3263;3.2665
70;influence_detailed;Baseline_V2;3.9295;3.4146;3.1967;3.2742;3.0152
70;relevance_detailed;Baseline_V2;3.9621;4.0095;3.7973;3.8301;3.9179
70;subjcount_detailed;Baseline_V2;3.7881;3.2367;3.1181;3.0767;3.0508
71;subjpos_detailed;Baseline_V2;3.8385;3.5835;3.8173;2.9313;3.7212
71;diversity_detailed;Baseline_V2;3.988;3.6841;3.7624;3.5543;3.5452
71;uniqueness_detailed;Baseline_V2;3.4261;3.2063;3.2806;2.8711;3.4348
71;follow_detailed;Baseline_V2;3.9037;3.5294;3.7285;3.0733;3.3088
71;influence_detailed;Baseline_V2;3.9274;3.6102;3.6407;2.8269;3.2503
71;relevance_detailed;Baseline_V2;3.9324;3.8988;3.7028;3.3562;3.5779
71;subjcount_detailed;Baseline_V2;3.8617;3.5131;3.5634;3.0027;3.2748
72;subjpos_detailed;Baseline_V2;3.674;3.2995;3.3945;3.0039;3.5753
72;diversity_detailed;Baseline_V2;3.8025;3.2096;3.6225;3.3085;3.4443
72;uniqueness_detailed;Baseline_V2;3.0304;3.0118;3.4205;2.9379;3.0915
72;follow_detailed;Baseline_V2;3.8049;3.2715;3.3348;3.0598;3.3207
72;influence_detailed;Baseline_V2;3.8726;3.162;3.3841;3.026;3.4541
72;relevance_detailed;Baseline_V2;3.8627;3.5241;3.5138;3.6633;3.5389
72;subjcount_detailed;Baseline_V2;3.6594;3.1698;3.2365;3.0085;3.2162
73;subjpos_detailed;Baseline_V2;3.3379;3.5517;3.8224;2.818;2.9997
73;diversity_detailed;Baseline_V2;3.6974;3.5667;3.4189;3.0603;3.1704
73;uniqueness_detailed;Baseline_V2;3.0805;3.2931;3.0927;2.9627;2.9364
73;follow_detailed;Baseline_V2;3.5177;3.874;3.8019;3.1426;3.1886
73;influence_detailed;Baseline_V2;3.5919;3.6408;3.4681;2.2696;2.7825
73;relevance_detailed;Baseline_V2;3.6826;3.84;3.7401;3.3593;3.7324
73;subjcount_detailed;Baseline_V2;3.3881;3.346;3.4896;3.0299;2.9782
74;subjpos_detailed;Baseline_V2;4.1287;3.3239;2.9995;3.0172;3.0321
74;diversity_detailed;Baseline_V2;3.6731;3.7178;3.4648;3.2339;3.0343
74;uniqueness_detailed;Baseline_V2;3.5806;3.1437;2.6238;2.9372;2.9967
74;follow_detailed;Baseline_V2;3.9482;3.6444;3.1471;3.124;3.0723
74;influence_detailed;Baseline_V2;3.9409;3.4335;3.0467;3.1606;3.0387
74;relevance_detailed;Baseline_V2;3.6329;3.777;3.2917;3.31;3.265
74;subjcount_detailed;Baseline_V2;3.836;3.209;3.0087;2.9987;3.0146
75;subjpos_detailed;Baseline_V2;3.9677;3.0767;2.9625;3.0128;3.0022
75;diversity_detailed;Baseline_V2;3.942;3.2025;3.6306;3.4806;3.5315
75;uniqueness_detailed;Baseline_V2;3.1443;2.93;2.7845;2.4809;2.8824
75;follow_detailed;Baseline_V2;3.9959;3.1189;3.2879;3.2963;3.3093
75;influence_detailed;Baseline_V2;3.9836;3.0487;2.8757;3.0814;3.3455
75;relevance_detailed;Baseline_V2;3.8078;3.198;3.4315;3.5395;3.5683
75;subjcount_detailed;Baseline_V2;3.938;3.0357;3.0601;3.052;3.1954
76;subjpos_detailed;Baseline_V2;3.2971;3.1514;3.1792;3.0591;3.8897
76;diversity_detailed;Baseline_V2;3.6134;3.2452;3.6452;3.1442;3.8604
76;uniqueness_detailed;Baseline_V2;3.0089;3.0728;2.9885;3.0255;3.5468
76;follow_detailed;Baseline_V2;3.4485;3.0305;3.5036;3.034;3.8153
76;influence_detailed;Baseline_V2;3.6187;3.2177;3.3374;3.0622;3.8845
76;relevance_detailed;Baseline_V2;3.7217;3.3217;3.7325;3.1383;3.8619
76;subjcount_detailed;Baseline_V2;3.6205;3.0758;3.2353;3.0447;3.8466
77;subjpos_detailed;Baseline_V2;4.5889;3.1975;3.5273;3.1587;3.0888
77;diversity_detailed;Baseline_V2;4.0043;3.7855;3.784;3.5175;3.4374
77;uniqueness_detailed;Baseline_V2;3.723;2.9066;2.9139;2.9087;2.9329
77;follow_detailed;Baseline_V2;4.0429;3.7357;3.6551;3.4953;3.527
77;influence_detailed;Baseline_V2;4.0763;3.3765;3.4366;3.1925;2.9778
77;relevance_detailed;Baseline_V2;4.0354;3.9535;3.9161;3.8891;3.7881
77;subjcount_detailed;Baseline_V2;3.9543;3.2384;3.3913;3.1876;3.0988
78;subjpos_detailed;Baseline_V2;3.5737;3.849;3.1263;3.3166;3.026
78;diversity_detailed;Baseline_V2;3.7242;3.9294;3.2522;3.6579;3.3511
78;uniqueness_detailed;Baseline_V2;3.2186;3.6639;3.0971;3.8894;3.4487
78;follow_detailed;Baseline_V2;3.5418;3.9424;3.305;3.6416;3.2743
78;influence_detailed;Baseline_V2;3.4481;3.9232;3.3811;3.3921;3.0099
78;relevance_detailed;Baseline_V2;3.231;3.9039;3.156;3.6616;3.4231
78;subjcount_detailed;Baseline_V2;3.2304;3.8045;3.1512;3.3265;3.0515
79;subjpos_detailed;Baseline_V2;4.1965;3.2567;3.2307;3.0943;3.1061
79;diversity_detailed;Baseline_V2;3.991;3.8039;3.924;3.8768;3.85
79;uniqueness_detailed;Baseline_V2;3.6217;2.8684;3.1351;3.0233;3.0412
79;follow_detailed;Baseline_V2;4.1025;3.9573;3.7417;3.9516;3.9289
79;influence_detailed;Baseline_V2;4.1018;3.5672;3.0757;3.4048;3.633
79;relevance_detailed;Baseline_V2;4.0888;3.9669;3.8763;3.9798;3.9891
79;subjcount_detailed;Baseline_V2;3.9645;3.2581;3.388;3.3014;3.5053
80;subjpos_detailed;Baseline_V2;3.9749;3.5573;3.5147;3.0564;3.0431
80;diversity_detailed;Baseline_V2;3.9437;3.7119;3.5169;3.5251;3.5688
80;uniqueness_detailed;Baseline_V2;3.2719;3.1751;2.9167;1.8524;2.6957
80;follow_detailed;Baseline_V2;4.0006;3.846;3.7396;3.396;3.5467
80;influence_detailed;Baseline_V2;4.0017;3.5649;3.3384;3.0293;3.0407
80;relevance_detailed;Baseline_V2;3.82;3.8462;3.3915;3.8531;3.9476
80;subjcount_detailed;Baseline_V2;3.9144;3.5942;3.2132;3.0811;3.1799
81;subjpos_detailed;Baseline_V2;3.5582;3.8433;3.8396;3.0161;3.3997
81;diversity_detailed;Baseline_V2;3.0396;3.5379;3.8232;3.0356;3.1276
81;uniqueness_detailed;Baseline_V2;2.9912;3.323;3.3727;2.9082;3.0642
81;follow_detailed;Baseline_V2;3.5719;3.9589;3.9531;3.1119;3.5904
81;influence_detailed;Baseline_V2;3.708;3.8705;3.9428;3.0023;3.3194
81;relevance_detailed;Baseline_V2;3.5976;3.9065;3.921;3.2877;3.3663
81;subjcount_detailed;Baseline_V2;3.5163;3.4732;3.7639;3.0481;3.1269
82;subjpos_detailed;Baseline_V2;3.5637;3.7893;3.0335;3.0099;3.2477
82;diversity_detailed;Baseline_V2;3.592;3.9302;3.135;3.0868;3.3043
82;uniqueness_detailed;Baseline_V2;3.0251;3.2376;2.8763;2.887;3.0662
82;follow_detailed;Baseline_V2;3.6378;3.7477;3.0;3.071;3.0598
82;influence_detailed;Baseline_V2;3.5281;3.783;2.8888;2.9624;3.078
82;relevance_detailed;Baseline_V2;3.2446;3.5277;3.0;3.0;3.1035
82;subjcount_detailed;Baseline_V2;3.5052;3.6681;3.0196;3.0202;3.1121
83;subjpos_detailed;Baseline_V2;4.0698;3.3279;3.1774;3.0983;2.7891
83;diversity_detailed;Baseline_V2;3.9943;3.9431;3.8486;3.5804;3.6633
83;uniqueness_detailed;Baseline_V2;3.4846;3.1463;3.1151;3.2201;3.1036
84;subjpos_detailed;Baseline_V2;3.9307;3.6207;3.0269;3.4506;3.5989
83;follow_detailed;Baseline_V2;4.0197;3.8201;3.4847;3.1618;3.1051
84;diversity_detailed;Baseline_V2;3.9263;3.3491;3.3211;3.5303;3.1207
83;influence_detailed;Baseline_V2;4.0285;3.4493;3.496;3.1707;2.5986
84;uniqueness_detailed;Baseline_V2;3.029;3.0344;2.9908;3.0929;3.0774
83;relevance_detailed;Baseline_V2;3.9784;3.9662;3.7653;3.678;3.8342
84;follow_detailed;Baseline_V2;3.9632;3.3378;3.1326;3.453;3.4415
83;subjcount_detailed;Baseline_V2;3.9811;3.5824;3.3336;3.0557;2.9836
84;influence_detailed;Baseline_V2;3.9392;3.328;3.0212;3.26;3.2815
84;relevance_detailed;Baseline_V2;3.8483;3.3077;3.3184;3.3404;3.1102
84;subjcount_detailed;Baseline_V2;3.8532;3.2163;3.0465;3.1537;3.1278
85;subjpos_detailed;Baseline_V2;3.8078;3.9131;3.4524;3.0606;2.9912
85;diversity_detailed;Baseline_V2;3.1809;3.6821;3.3618;3.2703;3.2298
85;uniqueness_detailed;Baseline_V2;3.1314;3.7642;3.1932;3.0408;3.0195
85;follow_detailed;Baseline_V2;3.7387;3.6534;3.4299;3.079;3.1495
85;influence_detailed;Baseline_V2;3.6708;3.8914;3.736;3.0407;3.0895
85;relevance_detailed;Baseline_V2;3.7129;3.7614;3.4769;3.5875;3.5009
85;subjcount_detailed;Baseline_V2;3.4619;3.6644;3.2637;3.0104;3.0623
86;subjpos_detailed;Baseline_V2;3.8824;3.0794;3.0381;3.0272;3.0636
86;diversity_detailed;Baseline_V2;3.8568;3.3379;3.7427;3.5909;3.3296
86;uniqueness_detailed;Baseline_V2;3.8247;3.09;2.9771;3.1123;3.0942
86;follow_detailed;Baseline_V2;3.9639;3.4284;3.5728;3.2088;3.2282
86;influence_detailed;Baseline_V2;3.967;3.0985;3.1734;3.0785;3.0331
86;relevance_detailed;Baseline_V2;3.9077;3.8321;3.7076;3.8628;3.9334
86;subjcount_detailed;Baseline_V2;3.8856;3.0727;3.2062;3.0939;3.1351
87;subjpos_detailed;Baseline_V2;4.0686;3.5504;3.2772;3.0544;3.5031
87;diversity_detailed;Baseline_V2;3.8795;3.8093;3.7957;3.5957;3.503
87;uniqueness_detailed;Baseline_V2;3.325;3.5362;3.0789;3.0763;3.2203
87;follow_detailed;Baseline_V2;3.9846;3.7214;3.5854;3.0665;3.1067
87;influence_detailed;Baseline_V2;3.9994;3.5727;3.1212;3.0566;3.1978
87;relevance_detailed;Baseline_V2;3.8495;3.7936;3.5568;3.2018;3.2227
88;subjpos_detailed;Baseline_V2;3.9003;3.0404;3.7304;3.4991;3.3567
87;subjcount_detailed;Baseline_V2;3.9602;3.3534;3.1522;3.0298;3.1547
88;diversity_detailed;Baseline_V2;3.8824;3.5941;3.6423;3.6947;3.5642
89;subjpos_detailed;Baseline_V2;3.9436;3.3615;3.0757;3.4159;3.0133
88;uniqueness_detailed;Baseline_V2;3.0389;2.8834;3.0199;3.3726;2.8888
89;diversity_detailed;Baseline_V2;3.9037;3.4126;3.5359;3.8473;3.8504
88;follow_detailed;Baseline_V2;3.8107;3.3116;3.5681;3.5071;3.5733
89;uniqueness_detailed;Baseline_V2;3.1625;3.1788;2.9883;3.4708;3.0487
88;influence_detailed;Baseline_V2;3.7631;2.9423;3.5501;3.4501;3.2229
89;follow_detailed;Baseline_V2;3.997;3.3089;3.0983;3.3497;3.4203
90;subjpos_detailed;Baseline_V2;4.0514;3.0552;3.0339;3.0278;3.7834
88;relevance_detailed;Baseline_V2;3.5482;3.4714;3.4669;3.5439;3.2399
89;influence_detailed;Baseline_V2;3.9728;3.5936;3.0302;3.1819;2.9785
90;diversity_detailed;Baseline_V2;3.9907;3.4387;3.2888;3.1941;3.9492
88;subjcount_detailed;Baseline_V2;3.7318;3.1046;3.5496;3.2769;3.2253
89;relevance_detailed;Baseline_V2;3.7056;3.5452;3.4712;3.7124;3.7344
90;uniqueness_detailed;Baseline_V2;3.1509;2.5985;2.7804;3.0193;3.605
89;subjcount_detailed;Baseline_V2;3.8976;3.2341;3.022;3.1572;3.0608
90;follow_detailed;Baseline_V2;3.9759;3.3503;3.1803;3.1614;3.7545
90;influence_detailed;Baseline_V2;4.0098;3.1597;3.0844;3.1004;3.4432
90;relevance_detailed;Baseline_V2;4.0248;3.6594;3.4561;3.4392;3.7441
90;subjcount_detailed;Baseline_V2;3.9579;3.0685;3.0498;3.0403;3.4703
91;subjpos_detailed;Baseline_V2;3.3057;3.8073;3.0948;3.2771;2.9998
91;diversity_detailed;Baseline_V2;3.1151;3.3689;3.3427;3.0708;3.181
91;uniqueness_detailed;Baseline_V2;3.0165;3.0357;3.0244;3.2031;2.983
91;follow_detailed;Baseline_V2;3.462;3.7354;3.1195;3.2015;3.1004
91;influence_detailed;Baseline_V2;3.3155;3.7054;3.3964;3.227;3.0277
91;relevance_detailed;Baseline_V2;3.2859;3.6961;3.2104;3.0764;3.5006
91;subjcount_detailed;Baseline_V2;3.2175;3.2993;3.0836;3.0343;3.0412
92;subjpos_detailed;Baseline_V2;3.824;3.344;3.235;3.0042;3.1838
92;diversity_detailed;Baseline_V2;3.5567;3.814;3.3686;3.4205;3.2577
92;uniqueness_detailed;Baseline_V2;3.5902;3.6074;3.2762;3.1072;3.0561
92;follow_detailed;Baseline_V2;3.8859;3.7983;3.8131;3.2053;3.4025
92;influence_detailed;Baseline_V2;3.8236;3.491;3.1802;2.9436;3.0173
92;relevance_detailed;Baseline_V2;3.8722;3.904;3.5686;3.3372;3.4661
92;subjcount_detailed;Baseline_V2;3.428;3.356;3.4069;3.016;3.1387
93;subjpos_detailed;Baseline_V2;2.942;3.3275;3.8678;2.2935;3.7421
93;diversity_detailed;Baseline_V2;3.0493;3.7045;3.9347;3.0017;3.8286
93;uniqueness_detailed;Baseline_V2;1.1091;3.0545;3.2697;2.6943;3.5386
93;follow_detailed;Baseline_V2;3.0146;3.3972;3.8376;3.0;3.7464
93;influence_detailed;Baseline_V2;2.3255;3.5377;3.9074;1.8255;3.6826
93;relevance_detailed;Baseline_V2;3.1226;3.851;3.9998;2.7759;3.7594
93;subjcount_detailed;Baseline_V2;3.0308;3.2871;3.834;2.9718;3.6841
94;subjpos_detailed;Baseline_V2;3.0078;3.8122;3.0628;3.6104;3.289
94;diversity_detailed;Baseline_V2;3.0084;3.7538;3.0438;3.8249;3.2594
94;uniqueness_detailed;Baseline_V2;3.1386;3.455;3.0075;3.7779;3.2694
95;subjpos_detailed;Baseline_V2;3.8928;3.0373;3.6853;3.5977;3.5832
94;follow_detailed;Baseline_V2;3.0373;3.8834;3.1646;3.8858;3.5034
95;diversity_detailed;Baseline_V2;3.8839;3.5958;3.8354;3.7486;3.7057
94;influence_detailed;Baseline_V2;2.9229;3.7495;3.1465;3.6303;3.1846
95;uniqueness_detailed;Baseline_V2;3.3164;3.0048;3.1801;3.3423;3.1837
94;relevance_detailed;Baseline_V2;3.0;3.7396;3.0534;3.6902;3.3242
95;follow_detailed;Baseline_V2;3.9464;3.1113;3.8841;3.8285;3.8487
94;subjcount_detailed;Baseline_V2;2.9926;3.6318;3.0326;3.3928;3.1606
95;influence_detailed;Baseline_V2;3.9111;3.0351;3.5568;3.5794;3.5665
95;relevance_detailed;Baseline_V2;3.9559;3.8808;3.7058;3.8696;3.6557
95;subjcount_detailed;Baseline_V2;3.8589;3.0778;3.5078;3.353;3.378
96;subjpos_detailed;Baseline_V2;3.9593;3.0935;3.8447;3.5783;3.3855
97;subjpos_detailed;Baseline_V2;3.9595;3.658;3.0258;3.8271;3.6004
96;diversity_detailed;Baseline_V2;3.9678;3.0127;3.9318;3.4037;3.3761
97;diversity_detailed;Baseline_V2;3.8961;3.6705;3.7887;3.967;3.4447
96;uniqueness_detailed;Baseline_V2;3.0268;2.9103;3.2228;3.2593;3.1233
97;uniqueness_detailed;Baseline_V2;3.0185;3.339;2.8325;3.8379;3.2012
96;follow_detailed;Baseline_V2;3.9194;3.0343;3.8964;3.4021;3.4226
97;follow_detailed;Baseline_V2;3.9474;3.7236;3.2324;3.8863;3.6282
96;influence_detailed;Baseline_V2;3.9669;3.1039;3.8246;3.5706;3.3041
98;subjpos_detailed;Baseline_V2;3.3013;3.3717;3.4897;3.2078;3.1741
97;influence_detailed;Baseline_V2;3.9415;3.4786;2.9075;3.8522;3.3446
99;subjpos_detailed;Baseline_V2;3.1023;4.0734;3.083;3.0567;3.5246
96;relevance_detailed;Baseline_V2;4.0046;2.9973;3.9451;3.4254;3.4532
98;diversity_detailed;Baseline_V2;3.1167;3.2284;3.2427;3.1117;3.2346
97;relevance_detailed;Baseline_V2;3.8101;3.7562;3.6603;3.9086;3.3236
99;diversity_detailed;Baseline_V2;3.357;3.9498;3.405;3.5658;3.8069
96;subjcount_detailed;Baseline_V2;3.8654;3.0455;3.8062;3.1778;3.4303
98;uniqueness_detailed;Baseline_V2;3.0424;3.0922;2.9699;3.06;3.0389
97;subjcount_detailed;Baseline_V2;3.781;3.3596;3.0855;3.6589;3.2724
100;subjpos_detailed;Baseline_V2;4.6271;3.0077;3.0005;2.9294;2.9194
99;uniqueness_detailed;Baseline_V2;2.7019;3.5485;2.8728;2.9339;3.3265
98;follow_detailed;Baseline_V2;3.2711;3.4148;3.2499;3.117;3.1733
100;diversity_detailed;Baseline_V2;3.9639;3.2606;3.3102;3.1671;3.1273
99;follow_detailed;Baseline_V2;3.1185;3.9749;3.3106;3.2804;3.8327
98;influence_detailed;Baseline_V2;3.3995;3.4533;3.7455;3.0716;3.1303
100;uniqueness_detailed;Baseline_V2;3.5685;2.243;2.2352;1.0;2.1254
99;influence_detailed;Baseline_V2;3.3727;4.0413;3.3414;3.4982;3.6106
98;relevance_detailed;Baseline_V2;3.262;3.7208;3.492;3.0939;3.5219
100;follow_detailed;Baseline_V2;4.0366;3.4651;3.3586;3.2419;3.2685
99;relevance_detailed;Baseline_V2;3.9524;4.0585;3.8093;3.8841;3.8154
98;subjcount_detailed;Baseline_V2;3.1263;3.1706;3.2202;3.0247;3.0877
100;influence_detailed;Baseline_V2;4.0781;3.7223;3.6026;3.4771;3.0809
99;subjcount_detailed;Baseline_V2;3.3935;3.9719;3.3408;3.3992;3.784
100;relevance_detailed;Baseline_V2;4.1162;3.9876;3.7788;3.9922;4.0203
100;subjcount_detailed;Baseline_V2;3.9381;3.1443;3.1743;3.113;3.1763
101;subjpos_detailed;Baseline_V2;3.896;3.1431;3.0774;3.0619;3.0364
101;diversity_detailed;Baseline_V2;3.7405;3.1066;3.1783;3.0562;3.0356
101;uniqueness_detailed;Baseline_V2;3.7549;2.9785;2.8391;2.6619;2.9601
101;follow_detailed;Baseline_V2;3.8744;3.1891;3.2284;3.1053;3.1599
101;influence_detailed;Baseline_V2;3.8329;3.0723;3.0098;2.8718;3.0015
101;relevance_detailed;Baseline_V2;3.6676;3.4587;3.4739;3.3374;3.5394
101;subjcount_detailed;Baseline_V2;3.7748;3.0631;3.0412;3.0296;3.0247
102;subjpos_detailed;Baseline_V2;3.0084;3.031;3.9273;3.8474;2.0304
102;diversity_detailed;Baseline_V2;3.2268;3.7096;3.9608;3.9438;3.0565
102;uniqueness_detailed;Baseline_V2;2.0963;2.9499;3.2509;3.4765;1.4729
102;follow_detailed;Baseline_V2;3.0732;3.411;3.9175;3.8268;3.0622
102;influence_detailed;Baseline_V2;3.0078;3.2756;3.9279;3.9152;2.7299
102;relevance_detailed;Baseline_V2;3.3896;3.8818;3.9375;3.9744;3.2891
102;subjcount_detailed;Baseline_V2;3.0269;3.1921;3.8082;3.594;2.7885
103;subjpos_detailed;Baseline_V2;3.7298;3.0537;3.0375;3.0153;2.9962
103;diversity_detailed;Baseline_V2;3.4276;3.4636;3.2402;3.3906;3.1431
103;uniqueness_detailed;Baseline_V2;3.5834;3.0502;3.0835;3.2736;3.1938
103;follow_detailed;Baseline_V2;3.894;3.433;3.2703;3.2039;3.1737
103;influence_detailed;Baseline_V2;3.4266;3.0859;3.0798;3.0261;3.0086
104;subjpos_detailed;Baseline_V2;2.4157;3.8082;2.1742;3.1669;3.7188
103;relevance_detailed;Baseline_V2;3.5571;3.384;3.3203;3.2518;3.3962
104;diversity_detailed;Baseline_V2;3.0541;3.9308;3.0445;3.471;3.8661
103;subjcount_detailed;Baseline_V2;3.5538;3.1099;3.0958;3.0555;3.0464
104;uniqueness_detailed;Baseline_V2;1.3343;3.2328;2.5087;3.0707;3.2073
104;follow_detailed;Baseline_V2;3.0;3.9472;3.0;3.3597;3.7551
104;influence_detailed;Baseline_V2;2.6772;3.6399;2.7255;3.1889;3.4283
104;relevance_detailed;Baseline_V2;3.2021;3.9575;3.0;3.542;3.8292
105;subjpos_detailed;Baseline_V2;3.0046;3.7512;3.5837;3.2808;3.0
104;subjcount_detailed;Baseline_V2;3.0;3.6667;2.6709;3.0548;3.4484
105;diversity_detailed;Baseline_V2;2.9546;3.6672;3.3852;3.124;2.9714
105;uniqueness_detailed;Baseline_V2;2.9581;3.4071;3.0436;3.3108;2.9689
105;follow_detailed;Baseline_V2;3.1167;3.8845;3.8349;3.4906;3.0301
105;influence_detailed;Baseline_V2;3.0293;3.832;3.5788;3.2166;2.6635
105;relevance_detailed;Baseline_V2;3.4771;3.7863;3.1952;3.2353;3.2189
105;subjcount_detailed;Baseline_V2;3.0622;3.568;3.3926;3.1136;3.0
106;subjpos_detailed;Baseline_V2;3.1224;3.0543;2.9421;3.007;3.061
106;diversity_detailed;Baseline_V2;3.0882;3.2112;3.0018;3.0166;3.1324
106;uniqueness_detailed;Baseline_V2;3.1146;3.1376;2.9208;3.0499;3.3029
106;follow_detailed;Baseline_V2;3.1421;3.1406;3.0491;3.0278;3.2354
106;influence_detailed;Baseline_V2;3.0647;3.0662;2.8991;2.9838;3.1076
106;relevance_detailed;Baseline_V2;3.0538;3.2365;3.0;2.9495;3.1423
106;subjcount_detailed;Baseline_V2;3.0674;3.0764;3.0062;3.0094;3.0661
107;subjpos_detailed;Baseline_V2;3.988;3.7335;3.11;3.0903;3.0658
108;subjpos_detailed;Baseline_V2;3.0363;3.047;3.0609;3.0215;3.0211
107;diversity_detailed;Baseline_V2;3.9779;3.8666;3.8013;3.8367;3.7343
108;diversity_detailed;Baseline_V2;3.0072;2.9838;2.9499;2.9686;2.9886
107;uniqueness_detailed;Baseline_V2;3.368;3.7529;2.9847;3.1767;3.1531
108;uniqueness_detailed;Baseline_V2;1.8111;2.5574;2.5423;1.9598;1.6834
107;follow_detailed;Baseline_V2;3.9637;3.7188;3.2801;3.1869;3.2346
108;follow_detailed;Baseline_V2;3.0462;3.0793;3.1114;3.0329;3.0137
107;influence_detailed;Baseline_V2;3.9814;3.5481;3.2703;3.1041;3.1713
108;influence_detailed;Baseline_V2;3.0547;3.179;3.189;3.0934;3.094
107;relevance_detailed;Baseline_V2;3.9026;3.8235;3.7046;3.7629;3.823
108;relevance_detailed;Baseline_V2;3.3574;3.4786;3.5122;3.2671;3.4458
107;subjcount_detailed;Baseline_V2;3.9487;3.536;3.1915;3.1762;3.183
108;subjcount_detailed;Baseline_V2;3.0857;3.1508;3.1286;3.0976;3.0724
110;subjpos_detailed;Baseline_V2;3.2134;3.5544;3.9213;2.9216;3.0024
110;diversity_detailed;Baseline_V2;3.2349;3.4208;3.8683;3.0867;3.1069
109;subjpos_detailed;Baseline_V2;3.1866;3.0731;3.7778;2.9697;2.4403
110;uniqueness_detailed;Baseline_V2;3.1152;3.1553;3.5835;2.9473;2.9924
109;diversity_detailed;Baseline_V2;3.5053;3.133;3.9575;2.4573;1.5312
110;follow_detailed;Baseline_V2;3.3479;3.3087;3.9142;3.003;3.0069
109;uniqueness_detailed;Baseline_V2;3.3642;3.0413;3.1673;2.7952;1.2992
110;influence_detailed;Baseline_V2;3.2347;3.3017;3.9495;3.0114;3.001
109;follow_detailed;Baseline_V2;3.7216;3.5054;3.9471;3.0438;2.0469
110;relevance_detailed;Baseline_V2;3.4401;3.8481;3.9077;3.1957;3.4536
109;influence_detailed;Baseline_V2;3.8006;3.1163;3.8939;2.7459;1.1563
110;subjcount_detailed;Baseline_V2;3.1863;3.2444;3.7762;3.0109;3.0031
109;relevance_detailed;Baseline_V2;3.666;3.3611;3.8879;2.937;1.439
109;subjcount_detailed;Baseline_V2;3.5367;3.2117;3.7386;2.9557;2.1897
111;subjpos_detailed;Baseline_V2;4.3136;3.1122;2.1532;2.9818;2.7533
111;diversity_detailed;Baseline_V2;3.8551;3.098;3.1897;3.1158;3.194
111;uniqueness_detailed;Baseline_V2;3.2806;3.0417;2.6133;2.6768;2.3414
111;follow_detailed;Baseline_V2;4.0451;3.2695;3.4999;3.4396;3.4746
111;influence_detailed;Baseline_V2;3.8919;3.1192;2.7693;3.0167;2.8725
111;relevance_detailed;Baseline_V2;4.1827;3.1371;3.3705;3.4401;3.5873
111;subjcount_detailed;Baseline_V2;3.9127;3.069;2.8338;3.0357;3.0843
112;subjpos_detailed;Baseline_V2;3.9684;2.9426;3.504;3.0777;2.749
112;diversity_detailed;Baseline_V2;3.9683;3.4944;3.5488;3.2483;3.2762
112;uniqueness_detailed;Baseline_V2;3.5772;3.0416;3.0671;3.0892;3.0566
112;follow_detailed;Baseline_V2;3.9224;3.162;3.7333;3.2039;3.056
112;influence_detailed;Baseline_V2;3.8808;2.9043;3.1393;3.05;2.5584
112;relevance_detailed;Baseline_V2;3.9539;3.7055;3.649;3.7239;3.4137
112;subjcount_detailed;Baseline_V2;3.8716;3.0327;3.2171;3.0366;3.0
113;subjpos_detailed;Baseline_V2;4.1134;3.1997;3.0645;3.1005;3.1072
113;diversity_detailed;Baseline_V2;3.7903;3.793;3.7927;3.7467;3.7885
113;uniqueness_detailed;Baseline_V2;3.4795;2.6575;2.9189;2.8331;3.3162
113;follow_detailed;Baseline_V2;3.9342;3.5345;3.4321;3.3274;3.4368
113;influence_detailed;Baseline_V2;3.9565;3.542;3.2499;3.3869;3.13
113;relevance_detailed;Baseline_V2;3.8381;3.5865;3.494;3.5567;3.6975
114;subjpos_detailed;Baseline_V2;3.3645;3.4781;3.2363;3.2238;3.3648
113;subjcount_detailed;Baseline_V2;3.9061;3.3048;3.3948;3.3032;3.5352
114;diversity_detailed;Baseline_V2;3.2703;3.3982;3.1971;3.0712;3.6394
114;uniqueness_detailed;Baseline_V2;2.9946;3.2193;2.9923;3.2069;3.2721
115;subjpos_detailed;Baseline_V2;4.2299;3.7076;3.2698;3.006;3.3936
114;follow_detailed;Baseline_V2;3.3998;3.7062;3.2451;3.074;3.581
115;diversity_detailed;Baseline_V2;3.9809;3.7126;3.5758;3.4445;3.0932
114;influence_detailed;Baseline_V2;3.2706;3.3563;3.27;3.1696;3.1329
115;uniqueness_detailed;Baseline_V2;3.6317;3.3941;3.0182;3.0009;3.0374
114;relevance_detailed;Baseline_V2;3.2899;3.5496;3.3328;3.0792;3.7338
115;follow_detailed;Baseline_V2;4.0137;3.729;3.1888;3.1311;3.1225
114;subjcount_detailed;Baseline_V2;3.3223;3.5126;3.0872;3.032;3.3137
115;influence_detailed;Baseline_V2;4.0123;3.3968;3.34;2.9668;3.1186
115;relevance_detailed;Baseline_V2;4.0431;3.8043;3.3569;3.7828;3.1219
115;subjcount_detailed;Baseline_V2;3.9834;3.1768;3.3059;3.0133;3.0534
116;subjpos_detailed;Baseline_V2;4.0332;3.2051;2.899;2.8189;3.1375
116;diversity_detailed;Baseline_V2;3.986;3.2138;3.047;2.9934;3.1604
116;uniqueness_detailed;Baseline_V2;3.1106;2.9017;2.8989;2.9801;2.9447
116;follow_detailed;Baseline_V2;3.9866;3.0672;3.0901;3.0;3.0303
116;influence_detailed;Baseline_V2;3.9558;3.0159;2.7855;2.8702;2.9972
116;relevance_detailed;Baseline_V2;3.9038;3.3214;3.3292;3.3131;3.0766
116;subjcount_detailed;Baseline_V2;3.9805;3.0216;3.0045;2.9921;3.0125
117;subjpos_detailed;Baseline_V2;3.759;3.318;3.2151;3.6006;3.0995
117;diversity_detailed;Baseline_V2;3.897;3.7635;3.5917;3.6749;3.1497
117;uniqueness_detailed;Baseline_V2;3.4031;3.37;3.1923;3.7297;3.1013
117;follow_detailed;Baseline_V2;3.9151;3.6331;3.6357;3.8013;3.3121
117;influence_detailed;Baseline_V2;3.9003;3.5649;3.6196;3.7459;3.2057
117;relevance_detailed;Baseline_V2;3.9114;3.9715;3.8419;3.9559;3.6129
117;subjcount_detailed;Baseline_V2;3.5517;3.3115;3.2337;3.2862;3.0612
118;subjpos_detailed;Baseline_V2;3.8936;3.6555;3.3743;2.9618;3.846
120;subjpos_detailed;Baseline_V2;3.9692;3.0375;3.6498;2.9769;3.8634
118;diversity_detailed;Baseline_V2;3.8805;3.8901;3.8397;3.5895;3.8666
120;diversity_detailed;Baseline_V2;3.9739;3.3831;3.9707;3.8211;3.8983
118;uniqueness_detailed;Baseline_V2;3.1832;3.738;3.3414;3.0949;3.592
120;uniqueness_detailed;Baseline_V2;3.0755;2.8993;3.177;2.9383;3.4924
118;follow_detailed;Baseline_V2;3.718;3.7065;3.5199;3.0548;3.313
119;subjpos_detailed;Baseline_V2;4.3315;3.8734;3.2539;3.031;2.6102
120;follow_detailed;Baseline_V2;3.9821;3.3095;3.839;3.0802;3.6552
118;influence_detailed;Baseline_V2;3.8125;3.6087;3.2031;2.96;3.4309
119;diversity_detailed;Baseline_V2;3.9559;3.72;3.4615;2.8593;3.1242
120;influence_detailed;Baseline_V2;3.9443;3.1415;3.7148;3.0073;3.6365
118;relevance_detailed;Baseline_V2;3.8915;3.9134;3.6815;3.5033;3.4944
119;uniqueness_detailed;Baseline_V2;3.5339;3.0705;3.0005;2.862;1.9091
120;relevance_detailed;Baseline_V2;4.0238;3.3497;3.8151;3.2434;3.6135
118;subjcount_detailed;Baseline_V2;3.7135;3.5842;3.5949;3.0055;3.424
119;follow_detailed;Baseline_V2;4.0105;3.82;3.5991;2.9966;3.1028
120;subjcount_detailed;Baseline_V2;3.9134;3.033;3.5965;3.0059;3.5914
119;influence_detailed;Baseline_V2;4.0387;3.6373;3.1373;2.9547;2.9502
119;relevance_detailed;Baseline_V2;4.0667;3.8247;3.1917;2.6975;2.7305
119;subjcount_detailed;Baseline_V2;3.9702;3.7096;3.2763;2.9807;2.9078
121;subjpos_detailed;Baseline_V2;1.2855;1.6668;2.9592;2.9973;3.0051
121;diversity_detailed;Baseline_V2;1.1274;1.2735;1.3328;1.7731;2.6771
121;uniqueness_detailed;Baseline_V2;2.3789;3.5036;3.0936;3.3496;3.1939
121;follow_detailed;Baseline_V2;1.2238;1.463;1.827;1.7709;2.9451
121;influence_detailed;Baseline_V2;1.0536;1.0447;1.1212;1.0771;1.4732
121;relevance_detailed;Baseline_V2;1.0;1.0;1.0;1.0;1.9993
121;subjcount_detailed;Baseline_V2;1.2838;1.6698;2.0643;2.8223;2.8968
122;subjpos_detailed;Baseline_V2;3.7007;3.0493;3.1833;3.0007;3.0081
122;diversity_detailed;Baseline_V2;3.8016;3.1922;3.229;3.0671;3.0321
122;uniqueness_detailed;Baseline_V2;3.5578;3.0623;3.0248;3.2063;3.1757
122;follow_detailed;Baseline_V2;3.9396;3.3932;3.411;3.121;3.1193
122;influence_detailed;Baseline_V2;3.7866;3.0591;3.074;3.0072;2.9961
122;relevance_detailed;Baseline_V2;3.7862;3.5315;3.2159;3.1226;3.1835
122;subjcount_detailed;Baseline_V2;3.6631;3.0732;3.1342;3.0051;3.0057
124;subjpos_detailed;Baseline_V2;3.5294;3.4488;2.8913;3.0419;2.9582
124;diversity_detailed;Baseline_V2;3.8028;3.7163;3.1823;3.1058;3.1343
124;uniqueness_detailed;Baseline_V2;3.1042;3.367;2.8153;3.004;2.9814
124;follow_detailed;Baseline_V2;3.9177;3.8126;3.4677;3.4395;3.2476
124;influence_detailed;Baseline_V2;3.5167;3.3659;2.8245;3.049;2.9042
124;relevance_detailed;Baseline_V2;3.4326;3.7213;3.1973;3.2203;3.1785
123;subjpos_detailed;Baseline_V2;4.189;3.0587;3.226;3.0625;3.5652
125;subjpos_detailed;Baseline_V2;4.0631;3.6493;3.027;3.1629;3.1735
124;subjcount_detailed;Baseline_V2;3.4723;3.5291;3.0361;3.0303;3.0248
123;diversity_detailed;Baseline_V2;3.9552;3.2534;3.6222;3.1644;3.8323
125;diversity_detailed;Baseline_V2;3.9607;3.7925;3.865;3.1973;3.2617
123;uniqueness_detailed;Baseline_V2;3.3943;2.7706;2.9629;2.9341;3.173
125;uniqueness_detailed;Baseline_V2;3.3579;3.2178;2.9153;3.223;2.9492
123;follow_detailed;Baseline_V2;4.0445;3.1926;3.4937;3.2153;3.8084
125;follow_detailed;Baseline_V2;4.0014;3.6676;3.4061;3.1792;3.2718
123;influence_detailed;Baseline_V2;4.0939;2.9605;3.0899;3.0704;3.3677
125;influence_detailed;Baseline_V2;3.99;3.5328;3.0273;3.1705;3.2758
123;relevance_detailed;Baseline_V2;4.0219;3.6984;3.3999;3.3602;3.9494
125;relevance_detailed;Baseline_V2;3.9294;3.792;3.4601;3.2846;3.4945
123;subjcount_detailed;Baseline_V2;3.9805;2.9791;3.2188;3.0405;3.3241
125;subjcount_detailed;Baseline_V2;3.9717;3.4314;3.0771;3.0534;3.04
126;subjpos_detailed;Baseline_V2;4.1548;3.3604;3.0309;3.0183;3.8009
126;diversity_detailed;Baseline_V2;3.442;3.3462;3.6874;3.4199;3.9641
126;uniqueness_detailed;Baseline_V2;3.0924;3.072;2.6766;2.2056;3.3894
126;follow_detailed;Baseline_V2;3.9782;3.1843;3.2667;3.3059;3.9139
126;influence_detailed;Baseline_V2;4.0445;3.3591;3.2537;3.217;3.89
126;relevance_detailed;Baseline_V2;3.9831;3.3754;3.7803;3.8168;3.9024
126;subjcount_detailed;Baseline_V2;3.979;3.0516;3.2215;3.0741;3.8475
127;subjpos_detailed;Baseline_V2;3.7173;3.5825;3.6803;2.9971;3.6947
127;diversity_detailed;Baseline_V2;3.6114;3.8521;3.6797;3.0144;3.8691
127;uniqueness_detailed;Baseline_V2;3.0392;3.1618;3.167;2.9599;3.0669
127;follow_detailed;Baseline_V2;3.6974;3.5539;3.4675;2.9801;3.6093
127;influence_detailed;Baseline_V2;3.781;3.5334;3.6772;2.9721;3.7727
127;relevance_detailed;Baseline_V2;3.7292;3.8424;3.5048;2.9963;3.8023
127;subjcount_detailed;Baseline_V2;3.5176;3.5353;3.2384;2.9937;3.3397
128;subjpos_detailed;Baseline_V2;4.3343;3.4188;3.2491;3.0174;3.0163
128;diversity_detailed;Baseline_V2;3.9773;3.209;3.3115;3.2869;3.3298
128;uniqueness_detailed;Baseline_V2;3.5857;3.1658;3.118;2.9974;2.9965
128;follow_detailed;Baseline_V2;4.0327;3.319;3.3152;3.0262;3.1024
128;influence_detailed;Baseline_V2;3.9931;3.2702;3.1333;3.0069;2.9765
128;relevance_detailed;Baseline_V2;4.0228;3.8316;3.5318;3.5429;3.8569
129;subjpos_detailed;Baseline_V2;3.9239;3.8289;3.3702;2.8348;2.9737
130;subjpos_detailed;Baseline_V2;4.0156;3.5828;3.4398;3.6514;3.3026
128;subjcount_detailed;Baseline_V2;3.8374;3.0902;3.0854;3.0028;3.0522
129;diversity_detailed;Baseline_V2;3.9467;3.8023;3.4597;3.5484;3.5086
130;diversity_detailed;Baseline_V2;3.9348;3.3855;3.5264;3.4733;3.2416
129;uniqueness_detailed;Baseline_V2;3.3912;3.6202;3.1797;2.8345;2.9433
130;uniqueness_detailed;Baseline_V2;3.3186;3.0291;3.0716;3.3705;2.8734
129;follow_detailed;Baseline_V2;3.9388;3.9053;3.2317;3.066;3.2012
130;follow_detailed;Baseline_V2;3.9759;3.5083;3.6952;3.6577;3.1607
129;influence_detailed;Baseline_V2;3.9694;3.861;3.3381;2.8295;2.9738
130;influence_detailed;Baseline_V2;3.9023;3.4209;3.3943;3.6277;3.1493
129;relevance_detailed;Baseline_V2;3.9771;3.9547;3.4254;3.4587;3.9136
130;relevance_detailed;Baseline_V2;3.9035;3.8658;3.7127;3.5548;3.2098
129;subjcount_detailed;Baseline_V2;3.8019;3.6852;3.0971;2.984;2.999
130;subjcount_detailed;Baseline_V2;3.7083;3.1069;3.1706;3.2049;3.0608
131;subjpos_detailed;Baseline_V2;3.7084;3.2819;3.3219;3.3488;3.4239
131;diversity_detailed;Baseline_V2;3.4316;3.5651;3.4149;3.0481;3.0597
131;uniqueness_detailed;Baseline_V2;3.0941;3.235;3.1264;3.1308;3.0164
131;follow_detailed;Baseline_V2;3.844;3.5119;3.4365;3.3238;3.2616
131;influence_detailed;Baseline_V2;3.7546;3.3481;3.2155;3.1629;3.3514
131;relevance_detailed;Baseline_V2;3.6254;3.6863;3.4781;3.4323;3.4187
131;subjcount_detailed;Baseline_V2;3.6057;3.1678;3.2241;3.0671;3.2543
132;subjpos_detailed;Baseline_V2;4.0299;3.0624;3.229;3.0384;3.6674
132;diversity_detailed;Baseline_V2;3.9406;3.41;3.4398;3.1944;3.3555
132;uniqueness_detailed;Baseline_V2;3.426;2.8428;3.016;3.0434;3.1123
132;follow_detailed;Baseline_V2;4.0097;3.3097;3.3136;3.1453;3.5171
132;influence_detailed;Baseline_V2;3.9942;3.0262;3.2794;2.9447;3.283
132;relevance_detailed;Baseline_V2;4.0276;3.5063;3.4564;3.3941;3.8123
132;subjcount_detailed;Baseline_V2;3.9497;3.0632;3.1684;3.0252;3.3607
133;subjpos_detailed;Baseline_V2;4.0659;3.0576;3.1575;2.8256;3.004
133;diversity_detailed;Baseline_V2;3.9792;3.248;3.4726;3.4221;3.732
133;uniqueness_detailed;Baseline_V2;3.355;2.9801;3.0522;2.7751;2.8156
134;subjpos_detailed;Baseline_V2;4.2476;3.02;3.361;3.057;2.826
133;follow_detailed;Baseline_V2;4.1661;3.4926;3.2443;3.2316;3.6174
134;diversity_detailed;Baseline_V2;3.9737;3.4265;3.4113;3.0612;3.1098
135;subjpos_detailed;Baseline_V2;3.3627;3.0501;3.5626;3.1229;3.1893
133;influence_detailed;Baseline_V2;3.9523;3.0662;3.1434;2.548;2.8228
134;uniqueness_detailed;Baseline_V2;3.406;2.6761;3.0203;2.9013;1.5992
135;diversity_detailed;Baseline_V2;3.1173;3.1956;3.484;3.1332;3.1706
133;relevance_detailed;Baseline_V2;3.9244;3.5982;3.3091;3.0;3.6114
134;follow_detailed;Baseline_V2;4.0014;3.3212;3.2333;3.0734;3.0426
135;uniqueness_detailed;Baseline_V2;3.0374;2.6995;3.1669;3.0582;3.0587
133;subjcount_detailed;Baseline_V2;3.9057;3.0257;3.1502;3.0;3.1261
134;influence_detailed;Baseline_V2;4.0703;3.0448;3.3226;3.0556;2.9217
135;follow_detailed;Baseline_V2;3.5757;3.2645;3.8688;3.2262;3.4678
134;relevance_detailed;Baseline_V2;4.0478;3.7617;3.3912;2.9817;3.5496
135;influence_detailed;Baseline_V2;3.2464;3.0114;3.5745;3.1548;3.0512
134;subjcount_detailed;Baseline_V2;3.9893;3.1041;3.0726;3.0003;2.9637
135;relevance_detailed;Baseline_V2;3.0907;3.5702;3.5667;3.148;3.3391
135;subjcount_detailed;Baseline_V2;3.2697;3.0532;3.3725;3.0355;3.0733
136;subjpos_detailed;Baseline_V2;3.9564;3.0086;3.7033;3.3567;2.7828
136;diversity_detailed;Baseline_V2;3.9535;3.4998;3.6428;3.7106;3.032
136;uniqueness_detailed;Baseline_V2;3.0307;2.9148;3.0322;3.1855;2.0179
136;follow_detailed;Baseline_V2;3.9744;3.0981;3.6581;3.5572;3.0
136;influence_detailed;Baseline_V2;3.9709;3.0102;3.4584;3.432;2.6834
136;relevance_detailed;Baseline_V2;4.0078;3.7063;3.7764;3.6034;3.1467
137;subjpos_detailed;Baseline_V2;4.0045;3.1623;3.4502;3.102;2.9334
136;subjcount_detailed;Baseline_V2;3.9182;3.0822;3.5286;3.3545;2.9424
137;diversity_detailed;Baseline_V2;3.8823;3.2792;3.5538;3.0944;3.4439
137;uniqueness_detailed;Baseline_V2;3.5375;3.1799;3.154;3.288;3.2761
137;follow_detailed;Baseline_V2;3.9035;3.2655;3.5606;3.053;3.0575
137;influence_detailed;Baseline_V2;3.9441;3.2845;3.5937;3.073;2.8874
137;relevance_detailed;Baseline_V2;3.764;3.7448;3.5525;3.0883;3.6132
137;subjcount_detailed;Baseline_V2;3.7756;3.092;3.2389;3.0391;3.0283
138;subjpos_detailed;Baseline_V2;4.106;3.0699;3.0921;3.0586;3.042
138;diversity_detailed;Baseline_V2;3.9874;3.3539;3.8635;3.8546;3.8758
138;uniqueness_detailed;Baseline_V2;3.9021;2.9145;2.8137;2.937;3.0335
138;follow_detailed;Baseline_V2;4.0205;3.3943;3.6947;3.5472;3.7476
138;influence_detailed;Baseline_V2;4.0346;3.1525;3.5555;3.5695;3.4875
138;relevance_detailed;Baseline_V2;4.0334;3.6756;3.8866;3.8154;3.9696
138;subjcount_detailed;Baseline_V2;3.8919;3.0463;3.3112;3.1106;3.3225
139;subjpos_detailed;Baseline_V2;3.9721;3.2683;3.4511;3.8432;3.8773
139;diversity_detailed;Baseline_V2;3.9786;3.7755;3.5987;3.8774;3.8317
139;uniqueness_detailed;Baseline_V2;3.2441;3.0107;3.0185;3.1987;3.3074
140;subjpos_detailed;Baseline_V2;3.4346;3.7909;3.9703;2.9278;3.793
139;follow_detailed;Baseline_V2;3.9744;3.1723;3.5559;3.7516;3.9063
140;diversity_detailed;Baseline_V2;3.3052;3.8714;3.9903;3.0834;3.4412
139;influence_detailed;Baseline_V2;3.9188;3.2145;3.6605;3.8602;3.7458
140;uniqueness_detailed;Baseline_V2;3.047;3.3311;3.4075;3.0454;3.3935
139;relevance_detailed;Baseline_V2;4.1845;3.9883;3.8361;3.8326;4.006
140;follow_detailed;Baseline_V2;3.533;3.8653;3.9801;2.9246;3.5858
139;subjcount_detailed;Baseline_V2;3.8004;3.0642;3.1829;3.2268;3.5658
140;influence_detailed;Baseline_V2;3.3365;3.868;3.9078;2.965;3.5175
140;relevance_detailed;Baseline_V2;3.7376;3.9113;3.9776;3.301;3.5555
140;subjcount_detailed;Baseline_V2;3.1539;3.347;3.7598;2.9808;3.104
141;subjpos_detailed;Baseline_V2;3.1131;3.8677;3.0785;1.9613;2.1594
141;diversity_detailed;Baseline_V2;3.0145;3.9127;3.084;3.1083;3.0623
141;uniqueness_detailed;Baseline_V2;2.9672;3.7046;2.9275;2.0175;3.0629
141;follow_detailed;Baseline_V2;3.102;3.9698;3.2838;3.084;3.1636
141;influence_detailed;Baseline_V2;3.0066;3.9442;3.1778;2.6332;2.8517
141;relevance_detailed;Baseline_V2;3.4974;3.9953;3.1333;3.7383;3.8775
141;subjcount_detailed;Baseline_V2;3.0251;3.8026;3.0291;2.9521;2.9567
142;subjpos_detailed;Baseline_V2;3.6541;3.2516;3.7389;3.1463;3.6473
142;diversity_detailed;Baseline_V2;3.4382;3.3739;3.814;3.0288;3.2756
142;uniqueness_detailed;Baseline_V2;3.0189;3.2037;3.068;3.1525;3.14
142;follow_detailed;Baseline_V2;3.5589;3.1445;3.6236;3.0102;3.2277
142;influence_detailed;Baseline_V2;3.7374;3.1698;3.6616;3.1062;3.4387
142;relevance_detailed;Baseline_V2;3.4377;3.7219;3.6463;3.0584;3.1576
142;subjcount_detailed;Baseline_V2;3.2864;3.0446;3.4671;3.0242;3.3042
144;subjpos_detailed;Baseline_V2;4.1097;3.1586;2.8029;3.1052;1.7184
143;subjpos_detailed;Baseline_V2;3.9959;3.2595;3.7456;3.4183;2.4315
144;diversity_detailed;Baseline_V2;3.9607;3.4999;3.27;3.2292;3.0294
143;diversity_detailed;Baseline_V2;3.9715;3.8383;3.8905;3.8119;3.0069
144;uniqueness_detailed;Baseline_V2;3.0759;3.0102;2.0921;2.9211;1.41
143;uniqueness_detailed;Baseline_V2;2.9315;3.2098;3.0062;3.4346;2.7892
144;follow_detailed;Baseline_V2;3.984;3.1373;3.1614;3.0293;3.1051
143;follow_detailed;Baseline_V2;3.9399;3.1996;3.8964;3.4923;3.0251
144;influence_detailed;Baseline_V2;3.94;3.3368;3.0073;3.3524;2.8302
143;influence_detailed;Baseline_V2;3.8996;3.2443;3.4767;3.2543;2.4409
144;relevance_detailed;Baseline_V2;4.0863;3.4409;3.2974;3.1186;3.269
145;subjpos_detailed;Baseline_V2;3.8581;3.1513;2.9413;2.956;3.0444
143;relevance_detailed;Baseline_V2;3.9653;3.6752;3.9522;3.6864;3.3472
144;subjcount_detailed;Baseline_V2;3.9512;3.1112;3.0086;3.0612;2.9601
145;diversity_detailed;Baseline_V2;3.735;3.1518;3.0473;3.0196;3.1537
143;subjcount_detailed;Baseline_V2;3.8656;3.1921;3.6558;3.1901;2.8446
145;uniqueness_detailed;Baseline_V2;3.0885;3.0438;2.9956;3.0338;3.2005
146;subjpos_detailed;Baseline_V2;3.9023;3.8202;3.0136;3.051;3.0811
145;follow_detailed;Baseline_V2;3.8671;3.1342;3.0485;3.0242;3.1284
146;diversity_detailed;Baseline_V2;3.9238;3.8894;3.4531;3.4494;3.1982
145;influence_detailed;Baseline_V2;3.7839;3.1181;2.7592;2.9065;3.0086
146;uniqueness_detailed;Baseline_V2;3.123;3.2279;2.9477;2.9938;2.9561
145;relevance_detailed;Baseline_V2;3.4879;3.2333;3.056;3.0562;3.2832
146;follow_detailed;Baseline_V2;3.8725;3.4721;3.0752;3.0911;3.1383
145;subjcount_detailed;Baseline_V2;3.5133;3.0578;2.9382;2.9867;3.0306
147;subjpos_detailed;Baseline_V2;4.0061;3.4651;3.2087;3.1179;3.4422
146;influence_detailed;Baseline_V2;3.9521;3.8242;3.0794;3.1381;3.035
147;diversity_detailed;Baseline_V2;3.9573;3.6762;3.1405;3.237;3.1465
146;relevance_detailed;Baseline_V2;3.8231;3.9266;3.4764;3.4168;3.0911
147;uniqueness_detailed;Baseline_V2;3.6474;3.0874;3.0228;3.105;3.0495
146;subjcount_detailed;Baseline_V2;3.855;3.5827;3.0209;3.0292;3.0436
147;follow_detailed;Baseline_V2;3.9878;3.7628;3.091;3.3937;3.1698
147;influence_detailed;Baseline_V2;3.9375;3.427;3.461;3.1542;3.0888
147;relevance_detailed;Baseline_V2;3.8482;3.6787;3.1643;3.2728;3.2403
147;subjcount_detailed;Baseline_V2;3.8842;3.2713;3.0854;3.0401;3.0959
148;subjpos_detailed;Baseline_V2;3.8857;3.7351;3.3183;3.5485;3.4832
148;diversity_detailed;Baseline_V2;3.9565;3.9148;3.5119;3.7831;3.7792
148;uniqueness_detailed;Baseline_V2;3.089;3.2384;3.07;3.483;3.1444
148;follow_detailed;Baseline_V2;3.9526;3.9133;3.5324;3.8052;3.7375
148;influence_detailed;Baseline_V2;3.8514;3.5752;3.3003;3.566;3.3489
148;relevance_detailed;Baseline_V2;3.8183;3.9447;3.7565;3.8941;3.816
148;subjcount_detailed;Baseline_V2;3.8976;3.8242;3.2332;3.4042;3.4181
149;subjpos_detailed;Baseline_V2;3.9341;3.3871;3.5385;3.0398;2.9983
149;diversity_detailed;Baseline_V2;3.9535;3.6462;3.5112;3.283;3.2316
149;uniqueness_detailed;Baseline_V2;3.4314;3.3043;3.1132;3.2305;3.042
149;follow_detailed;Baseline_V2;3.9803;3.6748;3.6971;3.1641;3.2649
150;subjpos_detailed;Baseline_V2;4.0097;3.1575;3.5538;2.9987;3.1062
149;influence_detailed;Baseline_V2;3.9895;3.5154;3.6713;3.1169;2.8801
150;diversity_detailed;Baseline_V2;3.7064;3.8091;3.706;3.532;3.295
149;relevance_detailed;Baseline_V2;3.9311;3.8732;3.76;3.6097;3.5849
150;uniqueness_detailed;Baseline_V2;3.4802;3.2378;3.1128;3.1679;3.0024
149;subjcount_detailed;Baseline_V2;3.8259;3.2023;3.2088;3.0082;3.0369
150;follow_detailed;Baseline_V2;3.9874;3.3612;3.571;3.1337;3.1184
150;influence_detailed;Baseline_V2;3.8721;3.205;3.3854;3.0164;3.0441
150;relevance_detailed;Baseline_V2;3.7513;3.9537;3.7736;3.44;3.8272
150;subjcount_detailed;Baseline_V2;3.8209;3.2388;3.341;3.0197;3.0967
151;subjpos_detailed;Baseline_V2;3.8853;3.7148;3.6009;3.9251;3.9433
151;diversity_detailed;Baseline_V2;3.9019;3.7637;3.8837;3.9599;3.88
151;uniqueness_detailed;Baseline_V2;3.0552;3.1943;3.1585;3.7469;3.1014
151;follow_detailed;Baseline_V2;3.9598;3.9015;3.8006;3.9426;3.8409
151;influence_detailed;Baseline_V2;3.8582;3.396;3.5158;3.8795;3.6635
151;relevance_detailed;Baseline_V2;3.9431;3.9769;3.8446;3.9887;3.92
151;subjcount_detailed;Baseline_V2;3.8739;3.5308;3.4506;3.8368;3.6305
152;subjpos_detailed;Baseline_V2;3.0452;3.9519;3.3998;3.3886;3.0747
152;diversity_detailed;Baseline_V2;3.2505;3.9331;3.5027;3.2376;3.0887
152;uniqueness_detailed;Baseline_V2;3.0045;3.6458;3.2525;3.3307;3.033
152;follow_detailed;Baseline_V2;3.1467;3.9237;3.5328;3.1017;3.0361
152;influence_detailed;Baseline_V2;3.0342;3.8504;3.2023;3.0598;3.0052
152;relevance_detailed;Baseline_V2;3.6277;3.9897;3.4724;3.2679;3.176
152;subjcount_detailed;Baseline_V2;3.03;3.7438;3.3004;3.0426;2.9783
153;subjpos_detailed;Baseline_V2;3.705;3.0585;3.7154;3.1713;3.0265
153;diversity_detailed;Baseline_V2;3.7302;3.8217;3.9849;3.8487;3.7567
153;uniqueness_detailed;Baseline_V2;3.0717;3.0749;3.6748;3.5498;3.081
153;follow_detailed;Baseline_V2;3.786;3.673;3.8872;3.0726;3.5278
153;influence_detailed;Baseline_V2;3.7442;3.1332;3.8892;3.2991;3.017
153;relevance_detailed;Baseline_V2;3.3287;3.6026;3.8685;3.2682;3.4922
153;subjcount_detailed;Baseline_V2;3.3373;3.1466;3.7947;3.0184;3.048
154;subjpos_detailed;Baseline_V2;3.8555;3.6973;3.0075;3.5237;2.7502
154;diversity_detailed;Baseline_V2;3.9511;3.5822;3.4085;3.6897;3.1184
154;uniqueness_detailed;Baseline_V2;3.2594;3.1243;2.8016;3.3781;2.7513
154;follow_detailed;Baseline_V2;3.9392;3.5407;3.193;3.5687;3.056
154;influence_detailed;Baseline_V2;3.861;3.6937;3.1065;3.4782;2.9112
156;subjpos_detailed;Baseline_V2;3.4187;3.4109;3.3353;3.0229;3.027
154;relevance_detailed;Baseline_V2;3.7975;3.7169;3.4212;3.7005;3.542
156;diversity_detailed;Baseline_V2;3.4143;3.241;3.1494;3.1625;3.1905
154;subjcount_detailed;Baseline_V2;3.8131;3.4105;3.1377;3.1414;3.0198
156;uniqueness_detailed;Baseline_V2;3.093;3.1059;3.0106;3.0113;2.9628
156;follow_detailed;Baseline_V2;3.6994;3.5243;3.2701;3.2231;3.2693
155;subjpos_detailed;Baseline_V2;3.8218;3.939;3.5306;2.3939;3.7995
156;influence_detailed;Baseline_V2;3.4689;3.6213;3.3365;2.9149;3.0492
155;diversity_detailed;Baseline_V2;3.9171;3.9848;3.9524;3.6253;3.8503
156;relevance_detailed;Baseline_V2;3.2354;3.457;3.1153;3.1777;3.2343
155;uniqueness_detailed;Baseline_V2;3.038;3.6793;3.0732;2.9949;3.3999
156;subjcount_detailed;Baseline_V2;3.1641;3.1851;3.0803;3.0199;3.0449
155;follow_detailed;Baseline_V2;3.8957;3.9564;3.8223;3.0802;3.8018
155;influence_detailed;Baseline_V2;3.8982;3.9812;3.6399;2.8623;3.7486
155;relevance_detailed;Baseline_V2;3.922;3.9886;3.941;3.6655;3.9516
155;subjcount_detailed;Baseline_V2;3.7529;3.8808;3.4123;2.8982;3.6093
157;subjpos_detailed;Baseline_V2;3.5698;3.9078;3.4419;3.3405;3.4688
157;diversity_detailed;Baseline_V2;3.6239;3.9035;3.6918;3.4941;3.5478
157;uniqueness_detailed;Baseline_V2;2.944;3.6782;3.1869;3.2414;3.3149
157;follow_detailed;Baseline_V2;3.3231;3.8836;3.6088;3.4565;3.6052
157;influence_detailed;Baseline_V2;3.5667;3.9143;3.53;3.339;3.3281
157;relevance_detailed;Baseline_V2;3.3649;3.9738;3.7808;3.7914;3.6358
157;subjcount_detailed;Baseline_V2;3.2749;3.7839;3.4652;3.1134;3.2502
158;subjpos_detailed;Baseline_V2;3.8633;3.7063;3.0358;3.0393;3.7613
158;diversity_detailed;Baseline_V2;3.9894;3.6978;3.9026;3.8609;3.5799
158;uniqueness_detailed;Baseline_V2;3.4482;3.1399;2.8855;3.1772;3.3598
158;follow_detailed;Baseline_V2;3.9793;3.4517;3.3083;3.2076;3.5108
158;influence_detailed;Baseline_V2;3.9122;3.7308;3.0487;3.0764;3.418
158;relevance_detailed;Baseline_V2;3.9412;3.7977;3.6289;3.7486;3.7268
158;subjcount_detailed;Baseline_V2;3.8572;3.4512;3.0759;3.0468;3.4328
159;subjpos_detailed;Baseline_V2;3.2703;3.4665;3.3358;3.1384;3.1736
159;diversity_detailed;Baseline_V2;3.9915;4.0225;4.0342;4.0026;4.0036
159;uniqueness_detailed;Baseline_V2;2.1808;2.9888;3.2406;3.2811;3.1309
159;follow_detailed;Baseline_V2;4.2579;4.1635;4.2168;4.2634;4.0834
159;influence_detailed;Baseline_V2;3.4527;3.7863;3.4503;3.4948;3.2319
159;relevance_detailed;Baseline_V2;5.0;4.5967;4.4745;4.6085;4.0
159;subjcount_detailed;Baseline_V2;3.549;3.67;3.637;3.6724;3.575
160;subjpos_detailed;Baseline_V2;3.8092;3.2882;3.5642;3.1177;2.9769
160;diversity_detailed;Baseline_V2;3.9312;3.6952;3.802;3.3821;3.3688
160;uniqueness_detailed;Baseline_V2;3.2608;3.2066;3.0671;3.4149;2.9403
160;follow_detailed;Baseline_V2;3.8657;3.664;3.7964;3.375;3.3174
160;influence_detailed;Baseline_V2;3.7895;3.3977;3.4238;3.3102;2.9405
160;relevance_detailed;Baseline_V2;3.8251;3.9168;3.8176;3.7118;3.7678
160;subjcount_detailed;Baseline_V2;3.7854;3.3261;3.4393;3.1136;3.1009
161;subjpos_detailed;Baseline_V2;3.1155;3.3637;2.9596;3.0902;3.1498
161;diversity_detailed;Baseline_V2;3.2073;3.493;3.0645;3.128;3.2595
161;uniqueness_detailed;Baseline_V2;2.9975;3.0492;2.9847;3.2098;3.1177
161;follow_detailed;Baseline_V2;3.317;3.4454;3.0;3.0682;3.2571
161;influence_detailed;Baseline_V2;3.0784;3.4101;2.9459;3.0327;3.0506
161;relevance_detailed;Baseline_V2;3.0598;3.3593;3.1251;3.1844;3.0798
161;subjcount_detailed;Baseline_V2;3.1354;3.272;3.012;3.0375;3.0952
162;subjpos_detailed;Baseline_V2;4.0362;3.8137;3.2102;3.227;3.1333
162;diversity_detailed;Baseline_V2;3.9686;3.6639;3.1578;3.3463;3.0648
162;uniqueness_detailed;Baseline_V2;3.5282;3.2497;2.9418;3.1003;2.956
162;follow_detailed;Baseline_V2;4.0378;3.7698;3.0871;3.0524;3.2078
162;influence_detailed;Baseline_V2;4.0082;3.6984;3.2495;3.1212;3.0574
162;relevance_detailed;Baseline_V2;4.0696;4.0171;3.2277;3.3112;3.8139
162;subjcount_detailed;Baseline_V2;3.9309;3.4697;3.0642;3.0249;3.0496
163;subjpos_detailed;Baseline_V2;3.975;3.6741;2.9924;3.0583;3.4939
163;diversity_detailed;Baseline_V2;3.5714;3.6617;3.0778;3.0642;3.1975
163;uniqueness_detailed;Baseline_V2;3.134;3.3541;2.976;3.0579;3.0698
163;follow_detailed;Baseline_V2;3.8964;3.6931;3.0542;3.0695;3.6058
163;influence_detailed;Baseline_V2;3.8152;3.7284;2.9233;3.0208;3.2149
163;relevance_detailed;Baseline_V2;3.846;3.8755;3.3121;3.1269;3.6333
163;subjcount_detailed;Baseline_V2;3.7779;3.5145;3.0141;3.0225;3.4025
164;subjpos_detailed;Baseline_V2;3.9262;3.2616;3.8747;3.3709;3.093
164;diversity_detailed;Baseline_V2;3.8226;3.098;3.9198;3.3;3.0915
164;uniqueness_detailed;Baseline_V2;3.0145;3.0278;3.2735;3.0631;3.0091
164;follow_detailed;Baseline_V2;3.9191;3.1299;3.8717;3.4893;3.0704
164;influence_detailed;Baseline_V2;3.731;3.1473;3.604;3.238;3.0719
164;relevance_detailed;Baseline_V2;3.5739;3.1711;3.7714;3.2266;3.2017
164;subjcount_detailed;Baseline_V2;3.5985;3.0427;3.5248;3.0767;3.0514
165;subjpos_detailed;Baseline_V2;3.9481;3.1453;3.1321;3.0152;3.4216
165;diversity_detailed;Baseline_V2;3.9735;3.3991;3.0335;3.0218;3.5725
166;subjpos_detailed;Baseline_V2;4.0634;3.6412;3.057;3.2816;3.0381
165;uniqueness_detailed;Baseline_V2;3.4672;3.1569;2.856;3.0852;3.222
166;diversity_detailed;Baseline_V2;3.9769;3.8348;3.9451;3.1869;3.8179
165;follow_detailed;Baseline_V2;4.018;3.5287;3.2346;3.0687;3.638
166;uniqueness_detailed;Baseline_V2;3.6996;3.4582;2.9261;3.272;3.1605
165;influence_detailed;Baseline_V2;3.9436;3.2111;3.0791;3.099;3.2389
166;follow_detailed;Baseline_V2;4.0165;3.7909;3.8357;3.2371;3.5393
165;relevance_detailed;Baseline_V2;3.9628;3.386;3.0081;3.1288;3.4768
166;influence_detailed;Baseline_V2;3.9942;3.4601;3.4538;3.0966;3.119
167;subjpos_detailed;Baseline_V2;3.8524;3.5504;3.4289;3.1971;2.0452
165;subjcount_detailed;Baseline_V2;3.8139;3.1433;3.0504;3.0108;3.1396
166;relevance_detailed;Baseline_V2;4.0113;3.9345;3.9917;3.5987;3.9794
167;diversity_detailed;Baseline_V2;3.213;3.3474;3.124;3.0459;3.034
166;subjcount_detailed;Baseline_V2;3.9358;3.4321;3.2372;3.1646;3.1504
167;uniqueness_detailed;Baseline_V2;2.9898;3.0253;3.0314;3.0364;2.5508
167;follow_detailed;Baseline_V2;3.7852;3.3074;3.157;3.074;3.066
167;influence_detailed;Baseline_V2;3.6957;3.3119;3.2431;3.0672;2.1197
167;relevance_detailed;Baseline_V2;3.5464;3.409;3.1175;3.1336;1.0
167;subjcount_detailed;Baseline_V2;3.5949;3.2017;3.1412;3.016;2.5357
168;subjpos_detailed;Baseline_V2;3.4128;3.3802;3.453;3.0635;3.3576
168;diversity_detailed;Baseline_V2;3.4937;3.5613;3.4242;3.0937;3.5002
168;uniqueness_detailed;Baseline_V2;3.0614;3.1288;3.0918;3.1334;3.1229
168;follow_detailed;Baseline_V2;3.416;3.5345;3.4746;3.114;3.5787
168;influence_detailed;Baseline_V2;3.4356;3.3377;3.3862;3.0968;3.269
168;relevance_detailed;Baseline_V2;3.529;3.9013;3.5534;3.1617;3.719
168;subjcount_detailed;Baseline_V2;3.1317;3.2227;3.2077;3.0369;3.1552
169;subjpos_detailed;Baseline_V2;4.3172;3.2379;3.1003;3.1675;3.0233
169;diversity_detailed;Baseline_V2;4.0309;3.701;3.5777;3.5211;3.0932
169;uniqueness_detailed;Baseline_V2;3.8185;2.0312;2.0981;1.7729;2.9456
169;follow_detailed;Baseline_V2;4.3018;4.3292;4.0211;4.072;3.007
169;influence_detailed;Baseline_V2;4.1727;3.5623;3.0995;3.1049;2.972
169;relevance_detailed;Baseline_V2;4.0536;4.0427;4.0441;4.0346;3.1445
170;subjpos_detailed;Baseline_V2;4.0973;3.0796;3.4339;3.35;2.9845
169;subjcount_detailed;Baseline_V2;3.9899;3.0858;3.1595;3.0722;3.0093
170;diversity_detailed;Baseline_V2;3.9175;3.0858;3.0924;3.281;3.1229
170;uniqueness_detailed;Baseline_V2;3.1656;2.9983;3.0827;3.2747;2.815
170;follow_detailed;Baseline_V2;3.9868;3.0597;3.2098;3.2201;3.1034
170;influence_detailed;Baseline_V2;3.9955;3.1101;3.1216;3.2939;3.039
170;relevance_detailed;Baseline_V2;3.9226;3.5361;3.0845;3.498;3.4622
170;subjcount_detailed;Baseline_V2;3.9343;3.031;3.1644;3.1266;3.1029
171;subjpos_detailed;Baseline_V2;3.9781;3.1823;2.9957;3.0492;3.007
171;diversity_detailed;Baseline_V2;3.9452;3.0947;3.1432;3.0393;2.9752
171;uniqueness_detailed;Baseline_V2;3.6258;3.0033;2.9486;3.0522;2.8696
171;follow_detailed;Baseline_V2;4.0663;3.2661;3.1241;3.0304;3.036
171;influence_detailed;Baseline_V2;3.9326;3.1752;2.9316;3.0284;2.9752
171;relevance_detailed;Baseline_V2;3.7511;3.356;3.3736;3.0844;3.0497
171;subjcount_detailed;Baseline_V2;3.8302;3.0575;2.9887;3.0185;2.9972
172;subjpos_detailed;Baseline_V2;3.5707;3.3446;3.2506;3.6007;3.0263
172;diversity_detailed;Baseline_V2;3.5595;3.756;3.177;3.9262;3.794
172;uniqueness_detailed;Baseline_V2;3.0233;3.2063;3.1048;3.3551;3.0747
172;follow_detailed;Baseline_V2;3.564;3.3489;3.3017;3.4438;3.2122
172;influence_detailed;Baseline_V2;3.6419;3.4566;3.6529;3.6673;3.1005
172;relevance_detailed;Baseline_V2;3.4373;3.923;3.2456;3.755;3.752
172;subjcount_detailed;Baseline_V2;3.153;3.1491;3.1322;3.1729;3.0132
173;subjpos_detailed;Baseline_V2;3.9794;3.0472;3.536;3.0617;3.3869
173;diversity_detailed;Baseline_V2;3.7457;3.449;3.315;3.2842;3.33
173;uniqueness_detailed;Baseline_V2;3.54;2.9855;3.0778;3.0803;3.0773
173;follow_detailed;Baseline_V2;4.0171;3.6352;3.7429;3.3131;3.7305
173;influence_detailed;Baseline_V2;3.8815;3.1371;3.3349;2.9542;3.2151
173;relevance_detailed;Baseline_V2;4.0003;3.8651;3.8803;3.5001;3.8358
173;subjcount_detailed;Baseline_V2;3.7482;3.1359;3.2322;3.0424;3.1711
174;subjpos_detailed;Baseline_V2;3.6516;3.3878;3.2097;3.308;3.0009
174;diversity_detailed;Baseline_V2;3.0882;3.5665;3.1468;3.5663;3.1797
174;uniqueness_detailed;Baseline_V2;3.0223;3.2969;2.9286;3.22;3.0314
174;follow_detailed;Baseline_V2;3.7579;3.342;3.2792;3.5266;3.132
174;influence_detailed;Baseline_V2;3.7748;3.5297;3.2155;3.5456;2.9561
174;relevance_detailed;Baseline_V2;3.7924;3.8569;3.1987;3.5164;3.4001
174;subjcount_detailed;Baseline_V2;3.4658;3.1607;3.0563;3.1147;3.043
175;subjpos_detailed;Baseline_V2;3.0801;3.3752;3.0221;3.019;3.8228
175;diversity_detailed;Baseline_V2;3.0047;3.3713;3.6622;3.328;3.92
175;uniqueness_detailed;Baseline_V2;2.9213;3.3158;2.9826;3.0635;3.5695
175;follow_detailed;Baseline_V2;3.0222;3.4102;3.0278;3.0398;3.8629
175;influence_detailed;Baseline_V2;3.0069;3.3034;3.1006;3.0244;3.9032
175;relevance_detailed;Baseline_V2;3.0104;3.4984;3.475;3.2851;3.8927
175;subjcount_detailed;Baseline_V2;2.9908;3.1668;3.001;3.0009;3.5723
176;subjpos_detailed;Baseline_V2;3.944;3.8058;3.0873;3.0667;3.0623
176;diversity_detailed;Baseline_V2;3.9472;3.968;3.8258;3.7783;3.6142
176;uniqueness_detailed;Baseline_V2;3.2112;3.691;2.9534;3.1285;3.0783
176;follow_detailed;Baseline_V2;4.0225;3.9289;3.8906;3.8679;3.8264
176;influence_detailed;Baseline_V2;3.9661;3.757;3.1429;3.2062;3.1482
176;relevance_detailed;Baseline_V2;3.9628;3.9555;3.9527;3.9391;3.912
176;subjcount_detailed;Baseline_V2;3.8601;3.5239;3.2005;3.0907;3.1295
177;subjpos_detailed;Baseline_V2;3.1764;3.6086;3.106;3.2487;3.7222
177;diversity_detailed;Baseline_V2;3.6257;3.7603;3.6802;3.8086;3.8801
177;uniqueness_detailed;Baseline_V2;2.9572;3.2762;3.0413;3.3868;3.5083
177;follow_detailed;Baseline_V2;3.4119;3.7709;3.4014;3.5281;3.8021
177;influence_detailed;Baseline_V2;3.2184;3.6813;3.3827;3.3843;3.4459
177;relevance_detailed;Baseline_V2;3.47;3.9214;3.2689;3.7832;3.7611
177;subjcount_detailed;Baseline_V2;3.202;3.5307;3.2156;3.2662;3.4082
178;subjpos_detailed;Baseline_V2;3.4483;3.6663;3.9454;2.9102;3.736
178;diversity_detailed;Baseline_V2;3.4012;3.4908;3.9719;3.2738;3.6165
178;uniqueness_detailed;Baseline_V2;3.0538;3.1967;3.5449;3.0456;3.0915
178;follow_detailed;Baseline_V2;3.6047;3.8922;3.9516;3.1106;3.3922
178;influence_detailed;Baseline_V2;3.4153;3.697;3.9318;2.9275;3.4104
178;relevance_detailed;Baseline_V2;3.3929;3.9107;3.9278;3.7265;3.2873
178;subjcount_detailed;Baseline_V2;3.5909;3.8076;3.9048;2.9832;3.6365
179;subjpos_detailed;Baseline_V2;3.7274;3.1077;3.2756;3.0726;2.9857
180;subjpos_detailed;Baseline_V2;4.0642;3.187;3.3518;3.2489;3.2389
179;diversity_detailed;Baseline_V2;3.5723;3.3235;3.4517;3.2425;3.3028
180;diversity_detailed;Baseline_V2;3.967;3.31;3.5021;3.2066;3.3913
179;uniqueness_detailed;Baseline_V2;3.7439;2.9741;3.0901;3.367;3.129
180;uniqueness_detailed;Baseline_V2;3.2256;3.1752;3.0895;3.3882;3.0255
179;follow_detailed;Baseline_V2;3.8908;3.4662;3.5144;3.2402;3.3182
180;follow_detailed;Baseline_V2;3.9761;3.1014;3.2987;3.2359;3.277
179;influence_detailed;Baseline_V2;3.8365;3.378;3.1461;3.0568;3.1332
180;influence_detailed;Baseline_V2;3.9854;3.1661;3.2185;3.1217;3.0874
179;relevance_detailed;Baseline_V2;3.2847;3.5086;3.2828;3.2066;3.4209
180;relevance_detailed;Baseline_V2;3.8733;3.3245;3.2059;3.1937;3.2183
179;subjcount_detailed;Baseline_V2;3.6367;3.4295;3.2568;3.0969;3.3377
180;subjcount_detailed;Baseline_V2;3.9518;3.0695;3.1557;3.0495;3.0487
181;subjpos_detailed;Baseline_V2;3.9433;3.4158;3.1322;3.0408;2.9065
181;diversity_detailed;Baseline_V2;3.8405;3.5243;3.2674;2.9995;3.0982
181;uniqueness_detailed;Baseline_V2;3.2416;3.3523;3.0096;3.1154;2.9962
181;follow_detailed;Baseline_V2;3.9735;3.8209;3.3366;3.0273;3.2333
181;influence_detailed;Baseline_V2;3.9274;3.4831;3.1975;2.9772;2.4838
181;relevance_detailed;Baseline_V2;3.9455;3.8324;3.6162;3.1263;3.9383
181;subjcount_detailed;Baseline_V2;3.706;3.3914;3.0776;3.0039;3.029
182;subjpos_detailed;Baseline_V2;3.0629;3.7246;3.5228;3.2515;3.8992
182;diversity_detailed;Baseline_V2;3.4831;3.6696;3.8595;3.5892;3.988
182;uniqueness_detailed;Baseline_V2;2.793;3.358;3.132;3.2064;3.8014
182;follow_detailed;Baseline_V2;3.4649;3.5039;3.5111;3.3874;3.9353
182;influence_detailed;Baseline_V2;3.1678;3.6147;3.2723;3.3952;3.9042
182;relevance_detailed;Baseline_V2;3.7842;3.807;3.8628;3.8354;3.9527
182;subjcount_detailed;Baseline_V2;3.2902;3.5334;3.4603;3.1543;3.8663
183;subjpos_detailed;Baseline_V2;3.6635;3.7548;3.2484;3.0238;3.5883
183;diversity_detailed;Baseline_V2;3.7678;3.8223;3.6781;3.1707;3.5364
183;uniqueness_detailed;Baseline_V2;3.1315;3.4955;3.0237;2.9294;3.0622
183;follow_detailed;Baseline_V2;3.8599;3.8566;3.7124;3.2528;3.76
183;influence_detailed;Baseline_V2;3.7262;3.7032;3.255;2.9806;3.3969
183;relevance_detailed;Baseline_V2;3.6331;3.8933;3.6516;3.3605;3.5445
183;subjcount_detailed;Baseline_V2;3.6525;3.6687;3.3644;3.0432;3.4074
184;subjpos_detailed;Baseline_V2;3.1061;3.8855;3.7996;3.0453;2.7486
184;diversity_detailed;Baseline_V2;3.0165;3.9154;3.8112;2.9865;3.0294
184;uniqueness_detailed;Baseline_V2;2.9834;3.5917;3.287;3.0262;3.0181
184;follow_detailed;Baseline_V2;3.0861;3.9469;3.9249;3.0166;3.0455
184;influence_detailed;Baseline_V2;3.0404;3.9386;3.8385;3.026;2.8703
184;relevance_detailed;Baseline_V2;3.0627;3.9518;3.6915;3.0027;3.1993
184;subjcount_detailed;Baseline_V2;3.0335;3.8682;3.8122;3.0987;2.9748
185;subjpos_detailed;Baseline_V2;3.9374;3.5592;3.6757;3.3448;3.4164
185;diversity_detailed;Baseline_V2;3.9293;3.4987;3.8667;3.507;3.0957
185;uniqueness_detailed;Baseline_V2;3.448;3.4395;3.1532;3.2693;3.2627
185;follow_detailed;Baseline_V2;3.9751;3.6417;3.7346;3.446;3.1449
185;influence_detailed;Baseline_V2;3.9564;3.6824;3.7364;3.2283;3.2753
185;relevance_detailed;Baseline_V2;3.9762;3.8187;3.7732;3.6859;3.1127
185;subjcount_detailed;Baseline_V2;3.8368;3.4239;3.3285;3.1412;3.058
186;subjpos_detailed;Baseline_V2;4.0814;3.5947;3.0418;3.1179;3.2908
186;diversity_detailed;Baseline_V2;3.978;3.8069;3.6701;3.4022;3.4634
186;uniqueness_detailed;Baseline_V2;3.4114;3.7913;2.9244;3.2133;3.5873
186;follow_detailed;Baseline_V2;4.0144;3.5368;3.357;3.0699;3.0655
186;influence_detailed;Baseline_V2;4.0128;3.5883;2.9871;3.0754;3.1111
186;relevance_detailed;Baseline_V2;4.0308;3.9421;3.9129;3.8869;3.5831
186;subjcount_detailed;Baseline_V2;3.9691;3.4487;3.022;3.0323;3.1749
187;subjpos_detailed;Baseline_V2;4.2531;3.0627;3.021;3.0293;3.1237
187;diversity_detailed;Baseline_V2;3.9639;3.0353;3.1912;3.1331;3.0382
187;uniqueness_detailed;Baseline_V2;3.5576;2.98;2.9522;2.9196;2.9231
187;follow_detailed;Baseline_V2;4.0527;3.0506;3.2472;3.4005;3.1091
187;influence_detailed;Baseline_V2;4.0808;3.1072;3.032;3.0766;3.0834
187;relevance_detailed;Baseline_V2;4.1123;3.114;3.4798;3.4728;3.525
187;subjcount_detailed;Baseline_V2;3.9895;3.004;3.0443;3.0256;3.0216
188;subjpos_detailed;Baseline_V2;4.0607;3.7612;3.1791;3.0314;3.4137
188;diversity_detailed;Baseline_V2;3.5823;3.6097;3.0134;3.0661;3.1951
188;uniqueness_detailed;Baseline_V2;3.2434;3.7903;2.9823;3.0804;3.1671
188;follow_detailed;Baseline_V2;3.908;3.823;3.1496;3.1087;3.4383
188;influence_detailed;Baseline_V2;3.8931;3.576;3.0702;3.0613;3.1286
188;relevance_detailed;Baseline_V2;3.9064;3.8303;3.2994;3.2148;3.4529
188;subjcount_detailed;Baseline_V2;3.7969;3.428;3.0619;3.0183;3.0849
189;subjpos_detailed;Baseline_V2;3.1898;4.0504;2.8597;3.245;3.2163
189;diversity_detailed;Baseline_V2;3.4256;3.9756;3.1926;3.2591;3.412
189;uniqueness_detailed;Baseline_V2;3.0787;3.8044;2.7788;3.1447;3.0814
189;follow_detailed;Baseline_V2;3.2619;4.0287;3.1986;3.165;3.0917
189;influence_detailed;Baseline_V2;3.3985;3.9883;2.8552;3.1838;3.0862
189;relevance_detailed;Baseline_V2;3.3226;4.0902;3.9391;3.4833;3.4657
189;subjcount_detailed;Baseline_V2;3.2759;3.9724;3.0317;3.0818;3.0748
190;subjpos_detailed;Baseline_V2;4.2039;2.9953;2.7948;3.5931;3.3043
190;diversity_detailed;Baseline_V2;3.9997;3.4164;3.2587;3.3516;3.9531
190;uniqueness_detailed;Baseline_V2;3.5224;2.8927;2.8341;3.1816;3.4911
190;follow_detailed;Baseline_V2;4.0276;3.0574;3.1372;3.1012;3.5567
190;influence_detailed;Baseline_V2;4.0016;3.0021;2.6443;3.618;3.2648
190;relevance_detailed;Baseline_V2;4.0524;3.3263;3.4012;3.5719;3.8507
190;subjcount_detailed;Baseline_V2;3.9783;3.0196;2.9963;3.0172;3.1501
191;subjpos_detailed;Baseline_V2;4.1795;3.2354;3.3145;3.4488;3.3871
191;diversity_detailed;Baseline_V2;4.0004;3.3723;3.5288;3.3141;3.261
191;uniqueness_detailed;Baseline_V2;3.3008;2.173;2.5683;1.9125;1.5704
191;follow_detailed;Baseline_V2;4.0289;3.7402;3.6257;3.5974;3.7897
191;influence_detailed;Baseline_V2;4.03;3.4443;3.5682;3.5317;3.435
191;relevance_detailed;Baseline_V2;3.9945;3.747;3.9908;4.0298;4.1836
191;subjcount_detailed;Baseline_V2;3.9444;3.2426;3.283;3.3268;3.2833
192;subjpos_detailed;Baseline_V2;3.8216;3.2785;3.5638;3.0634;3.0695
192;diversity_detailed;Baseline_V2;3.8393;3.3622;3.5888;3.1103;3.0303
192;uniqueness_detailed;Baseline_V2;3.2385;3.1808;3.1726;3.0623;3.0472
192;follow_detailed;Baseline_V2;3.7712;3.3241;3.5725;3.0171;2.9926
192;influence_detailed;Baseline_V2;3.9018;3.4483;3.7446;3.022;3.0139
192;relevance_detailed;Baseline_V2;3.7468;3.6187;3.4077;3.225;3.3354
192;subjcount_detailed;Baseline_V2;3.566;3.2114;3.4156;3.0242;3.0052
193;subjpos_detailed;Baseline_V2;3.9987;3.3564;3.4164;3.113;2.8328
193;diversity_detailed;Baseline_V2;3.9566;3.3342;3.4669;3.0713;3.082
193;uniqueness_detailed;Baseline_V2;3.073;3.0184;3.0078;3.038;2.6258
193;follow_detailed;Baseline_V2;3.9686;3.3193;3.549;3.1725;3.0376
194;subjpos_detailed;Baseline_V2;4.2999;3.8299;3.7387;2.53;2.8888
193;influence_detailed;Baseline_V2;3.9185;3.2623;3.2321;3.1715;2.8068
194;diversity_detailed;Baseline_V2;4.0162;3.7609;3.4174;3.6169;3.7933
193;relevance_detailed;Baseline_V2;3.9702;3.8016;3.7403;3.0902;3.569
194;uniqueness_detailed;Baseline_V2;3.2878;3.3916;2.9804;2.0395;2.9877
193;subjcount_detailed;Baseline_V2;3.7548;3.0789;3.1407;3.0143;2.9917
194;follow_detailed;Baseline_V2;4.0123;3.5016;3.4677;3.0788;3.1003
194;influence_detailed;Baseline_V2;4.037;3.6225;3.7247;2.7132;2.9988
194;relevance_detailed;Baseline_V2;4.0581;3.9189;3.7354;3.7017;3.9044
194;subjcount_detailed;Baseline_V2;3.9602;3.3761;3.434;3.0042;3.0279
195;subjpos_detailed;Baseline_V2;4.0477;3.0375;3.4641;3.1082;3.8836
195;diversity_detailed;Baseline_V2;4.0032;3.673;3.811;3.1335;3.8864
195;uniqueness_detailed;Baseline_V2;3.5395;2.7761;3.1739;3.0868;3.4713
196;subjpos_detailed;Baseline_V2;3.114;4.0281;3.1432;3.3137;3.4125
195;follow_detailed;Baseline_V2;4.0053;3.3137;3.5487;3.0929;3.866
196;diversity_detailed;Baseline_V2;3.1463;3.9368;3.04;3.3086;3.8428
195;influence_detailed;Baseline_V2;4.0264;3.0353;3.5608;3.0913;3.6236
196;uniqueness_detailed;Baseline_V2;3.0111;3.8439;2.981;3.1628;3.4114
195;relevance_detailed;Baseline_V2;4.0647;3.8982;3.8635;3.3992;3.9354
196;follow_detailed;Baseline_V2;3.2441;3.9646;3.0383;3.3962;3.3382
195;subjcount_detailed;Baseline_V2;3.9927;3.0655;3.3734;3.0317;3.675
196;influence_detailed;Baseline_V2;3.3845;3.9805;3.0844;3.2961;3.3947
196;relevance_detailed;Baseline_V2;3.5782;4.0994;2.9891;3.3562;3.4518
196;subjcount_detailed;Baseline_V2;3.2201;3.9355;3.0522;3.2464;3.4186
197;subjpos_detailed;Baseline_V2;3.8451;3.051;3.8219;3.2132;3.5712
197;diversity_detailed;Baseline_V2;3.8967;3.5418;3.9035;3.3681;3.5961
197;uniqueness_detailed;Baseline_V2;3.1775;3.0575;3.2025;3.3322;3.1859
197;follow_detailed;Baseline_V2;3.9278;3.3126;3.7857;3.1896;3.45
197;influence_detailed;Baseline_V2;3.839;3.1432;3.5871;3.2435;3.3794
197;relevance_detailed;Baseline_V2;3.7478;3.826;3.7355;3.3581;3.4677
197;subjcount_detailed;Baseline_V2;3.7604;3.1385;3.5398;3.0997;3.2489
198;subjpos_detailed;Baseline_V2;3.2584;3.377;3.3307;3.3578;3.1887
198;diversity_detailed;Baseline_V2;3.8946;3.9559;3.9254;3.8952;3.7872
198;uniqueness_detailed;Baseline_V2;3.0772;3.4785;3.1982;3.3709;3.531
198;follow_detailed;Baseline_V2;3.5125;3.7126;3.6268;3.5784;3.4065
198;influence_detailed;Baseline_V2;3.7983;3.868;3.7285;3.8532;3.7316
198;relevance_detailed;Baseline_V2;3.7024;3.8472;3.9175;3.868;3.5519
198;subjcount_detailed;Baseline_V2;3.4542;3.7432;3.7032;3.5358;3.4278
199;subjpos_detailed;Baseline_V2;3.7822;3.1219;3.4597;3.5042;2.6176
199;diversity_detailed;Baseline_V2;3.6426;3.4658;3.5632;3.5786;3.0685
199;uniqueness_detailed;Baseline_V2;3.1617;2.9711;3.2107;3.6554;2.7804
199;follow_detailed;Baseline_V2;3.7325;3.2715;3.677;3.6788;3.0507
200;subjpos_detailed;Baseline_V2;3.8278;3.3978;3.0777;3.3152;3.0823
199;influence_detailed;Baseline_V2;3.7012;3.1858;3.3565;3.591;2.8207
200;diversity_detailed;Baseline_V2;3.9418;3.3141;3.2722;3.6928;3.6035
199;relevance_detailed;Baseline_V2;3.5367;3.2579;3.3112;3.3383;3.0
200;uniqueness_detailed;Baseline_V2;3.1086;3.049;3.0239;3.458;3.1288
199;subjcount_detailed;Baseline_V2;3.5039;3.1109;3.2833;3.1955;2.9923
200;follow_detailed;Baseline_V2;3.9536;3.3056;3.0656;3.5875;3.2567
200;influence_detailed;Baseline_V2;3.8852;3.3854;3.0334;3.3705;3.0619
200;relevance_detailed;Baseline_V2;3.9333;3.4098;3.1869;3.5904;3.1499
200;subjcount_detailed;Baseline_V2;3.7575;3.2502;3.038;3.2389;3.0842
201;subjpos_detailed;Baseline_V2;3.7903;3.801;3.7779;3.1892;2.5841
201;diversity_detailed;Baseline_V2;3.6196;3.5301;3.9444;3.648;3.0247
201;uniqueness_detailed;Baseline_V2;2.887;3.069;3.3777;3.1563;2.9688
201;follow_detailed;Baseline_V2;3.8254;3.6643;3.8288;3.2892;2.9467
201;influence_detailed;Baseline_V2;3.6783;3.7521;3.8096;3.4421;2.9394
201;relevance_detailed;Baseline_V2;3.2796;3.8034;3.9068;3.646;3.0841
201;subjcount_detailed;Baseline_V2;3.4946;3.3216;3.6671;3.1453;2.9589
202;subjpos_detailed;Baseline_V2;3.9738;3.4755;3.3585;3.0634;2.8704
202;diversity_detailed;Baseline_V2;3.9787;3.5792;3.2948;3.1142;3.1349
202;uniqueness_detailed;Baseline_V2;3.2855;3.1423;2.9923;2.8393;2.9966
202;follow_detailed;Baseline_V2;3.9293;3.7182;3.522;3.1222;3.1548
202;influence_detailed;Baseline_V2;3.9683;3.2948;3.3414;2.7619;2.8261
202;relevance_detailed;Baseline_V2;3.8855;3.7311;3.2859;3.3077;3.4736
202;subjcount_detailed;Baseline_V2;3.8716;3.4614;3.2589;3.0125;3.0524
203;subjpos_detailed;Baseline_V2;3.1632;3.2218;3.8765;2.933;3.2688
203;diversity_detailed;Baseline_V2;3.0317;3.3135;3.9407;3.1263;3.2816
203;uniqueness_detailed;Baseline_V2;2.9787;3.2149;3.4152;2.6461;3.1072
203;follow_detailed;Baseline_V2;3.3874;3.2068;3.9578;3.0553;3.1839
203;influence_detailed;Baseline_V2;3.0736;3.2995;3.8788;3.0138;3.1669
203;relevance_detailed;Baseline_V2;3.0729;3.6227;3.8719;3.1998;3.3801
203;subjcount_detailed;Baseline_V2;3.1097;3.1643;3.9037;3.0114;3.1955
204;subjpos_detailed;Baseline_V2;3.7241;3.3213;3.9028;3.2774;3.1076
204;diversity_detailed;Baseline_V2;3.5266;3.2366;3.9152;3.1171;3.0885
204;uniqueness_detailed;Baseline_V2;2.8557;3.0306;3.4822;3.0915;2.5585
204;follow_detailed;Baseline_V2;3.8547;3.3787;3.929;3.3641;3.4144
204;influence_detailed;Baseline_V2;3.5451;3.1934;3.7636;3.1974;3.0667
204;relevance_detailed;Baseline_V2;3.7386;3.4846;3.8991;3.4534;3.2899
204;subjcount_detailed;Baseline_V2;3.593;3.2412;3.7708;3.1315;3.0899
205;subjpos_detailed;Baseline_V2;3.964;3.7929;3.1769;3.3117;3.6891
205;diversity_detailed;Baseline_V2;3.8426;3.9169;3.489;3.4712;3.8934
205;uniqueness_detailed;Baseline_V2;3.2865;3.1265;2.9109;3.5137;3.432
205;follow_detailed;Baseline_V2;3.9513;3.9271;3.3694;3.4487;3.8855
205;influence_detailed;Baseline_V2;3.8249;3.8633;3.4504;3.4455;3.4725
205;relevance_detailed;Baseline_V2;3.7566;3.9546;3.6161;3.8108;3.8877
205;subjcount_detailed;Baseline_V2;3.8445;3.6789;3.1393;3.2836;3.5912
206;subjpos_detailed;Baseline_V2;4.0055;3.4251;3.7184;3.9046;3.7631
206;diversity_detailed;Baseline_V2;3.3456;3.4346;3.1298;3.7728;3.5499
206;uniqueness_detailed;Baseline_V2;3.046;3.0572;3.0562;3.5506;3.1225
207;subjpos_detailed;Baseline_V2;3.9864;3.083;3.1787;3.0262;3.1601
206;follow_detailed;Baseline_V2;3.9324;3.2404;3.0242;3.892;3.5503
207;diversity_detailed;Baseline_V2;3.811;3.9415;3.8966;3.6504;3.3799
206;influence_detailed;Baseline_V2;3.8374;3.2261;3.5515;3.7248;3.4143
207;uniqueness_detailed;Baseline_V2;4.0024;3.2339;3.1054;3.1181;3.1838
206;relevance_detailed;Baseline_V2;3.8195;3.917;3.3251;3.9207;3.5685
207;follow_detailed;Baseline_V2;3.9884;3.6998;3.5043;3.1541;3.1203
208;subjpos_detailed;Baseline_V2;4.2026;2.9569;3.0055;3.0619;3.0416
206;subjcount_detailed;Baseline_V2;3.8345;3.1216;3.2386;3.7067;3.3105
207;influence_detailed;Baseline_V2;3.9737;3.4551;3.6906;3.048;3.0876
208;diversity_detailed;Baseline_V2;3.9324;3.0001;2.9689;3.0125;2.9968
207;relevance_detailed;Baseline_V2;3.8307;3.9258;3.7821;3.8569;3.8544
208;uniqueness_detailed;Baseline_V2;3.5691;2.0221;2.3348;1.9225;2.0607
207;subjcount_detailed;Baseline_V2;3.9392;3.5799;3.6608;3.0205;3.1147
208;follow_detailed;Baseline_V2;4.0366;3.4215;3.6241;3.5626;3.5914
208;influence_detailed;Baseline_V2;3.9868;3.0548;3.1261;3.1295;3.0458
208;relevance_detailed;Baseline_V2;4.1701;3.2851;3.0;3.0;3.1731
208;subjcount_detailed;Baseline_V2;3.836;3.009;3.046;3.0137;3.0038
209;subjpos_detailed;Baseline_V2;3.2034;3.136;3.0898;3.0392;3.0178
209;diversity_detailed;Baseline_V2;3.0547;3.1885;3.2297;3.086;3.0937
209;uniqueness_detailed;Baseline_V2;3.0382;3.0598;3.0775;3.1726;2.6844
209;follow_detailed;Baseline_V2;3.3563;3.7432;3.5763;3.3037;3.3758
209;influence_detailed;Baseline_V2;3.0804;3.1656;3.0986;3.0372;3.0
209;relevance_detailed;Baseline_V2;3.0918;3.3898;3.3145;3.138;3.1646
209;subjcount_detailed;Baseline_V2;3.083;3.1839;3.1413;3.0737;3.0646
210;subjpos_detailed;Baseline_V2;4.8811;3.4623;3.3358;3.4493;3.0009
210;diversity_detailed;Baseline_V2;4.1171;3.7028;3.7224;3.5915;3.7531
210;uniqueness_detailed;Baseline_V2;3.5415;1.5499;1.5579;1.1901;1.5146
210;follow_detailed;Baseline_V2;4.314;4.0572;3.9005;3.7715;3.9
210;influence_detailed;Baseline_V2;4.388;3.6542;3.4319;3.2895;2.4124
210;relevance_detailed;Baseline_V2;4.5201;4.2187;4.2882;4.3902;4.237
210;subjcount_detailed;Baseline_V2;3.975;3.3714;3.4984;3.3073;3.441
211;subjpos_detailed;Baseline_V2;3.7787;3.6164;3.3189;3.8481;1.7616
211;diversity_detailed;Baseline_V2;3.8067;3.6568;3.5147;3.916;3.0198
211;uniqueness_detailed;Baseline_V2;3.1398;3.1132;2.9972;3.5325;2.934
211;follow_detailed;Baseline_V2;3.8277;3.6682;3.3724;3.9081;3.0851
211;influence_detailed;Baseline_V2;3.8195;3.6147;3.1714;3.8142;1.7307
211;relevance_detailed;Baseline_V2;3.6624;3.832;3.4666;3.9755;3.3864
211;subjcount_detailed;Baseline_V2;3.774;3.5629;3.2276;3.7911;2.9321
212;subjpos_detailed;Baseline_V2;4.155;3.6523;2.8592;2.9692;2.9724
212;diversity_detailed;Baseline_V2;3.9424;3.3652;3.2004;3.0725;3.0394
212;uniqueness_detailed;Baseline_V2;3.0789;3.061;1.6811;1.5354;1.6496
212;follow_detailed;Baseline_V2;4.0453;3.282;3.445;3.1742;3.1492
212;influence_detailed;Baseline_V2;3.9102;3.6969;2.1693;2.2634;2.5316
212;relevance_detailed;Baseline_V2;4.0219;3.6074;3.7809;3.7502;3.8892
212;subjcount_detailed;Baseline_V2;3.9585;3.2572;3.1185;3.1071;3.2076
214;subjpos_detailed;Baseline_V2;3.8357;3.8274;3.409;3.4884;2.9917
214;diversity_detailed;Baseline_V2;3.7871;3.8758;3.2054;3.0812;3.2066
214;uniqueness_detailed;Baseline_V2;2.9443;3.2741;2.8055;2.9107;2.6606
214;follow_detailed;Baseline_V2;3.969;3.93;3.5149;3.4598;3.2783
213;subjpos_detailed;Baseline_V2;3.6327;4.0719;3.082;3.0539;3.6052
214;influence_detailed;Baseline_V2;3.7724;3.7919;3.3503;3.1835;2.8688
213;diversity_detailed;Baseline_V2;3.6038;3.9952;3.4637;3.0017;3.2707
214;relevance_detailed;Baseline_V2;3.452;3.9203;3.0413;3.077;3.1669
213;uniqueness_detailed;Baseline_V2;3.0387;3.9358;3.0122;3.0409;3.1855
214;subjcount_detailed;Baseline_V2;3.6357;3.6375;3.1176;3.0479;2.9947
213;follow_detailed;Baseline_V2;3.4703;4.0046;3.1078;3.0251;3.6509
213;influence_detailed;Baseline_V2;3.8328;4.0079;3.1845;3.0733;3.2993
213;relevance_detailed;Baseline_V2;3.4498;4.1061;3.5133;3.028;3.6096
213;subjcount_detailed;Baseline_V2;3.5841;3.9718;3.1111;2.9897;3.1613
215;subjpos_detailed;Baseline_V2;4.0926;3.6371;3.5528;3.7134;3.5272
215;diversity_detailed;Baseline_V2;3.8886;3.2684;3.3296;3.1076;3.3357
215;uniqueness_detailed;Baseline_V2;3.1866;3.0404;3.0673;3.4539;3.1143
215;follow_detailed;Baseline_V2;3.9524;3.3303;3.4126;3.3317;3.3835
215;influence_detailed;Baseline_V2;3.8927;3.3792;3.4799;3.7635;3.1403
215;relevance_detailed;Baseline_V2;3.9896;3.5053;3.3185;3.3615;3.3453
215;subjcount_detailed;Baseline_V2;3.9206;3.0996;3.2621;3.2448;3.1811
216;subjpos_detailed;Baseline_V2;3.417;3.1262;3.2513;3.0747;3.4354
216;diversity_detailed;Baseline_V2;3.4091;3.2982;3.4419;3.2188;3.6094
216;uniqueness_detailed;Baseline_V2;3.0834;3.1511;3.1081;3.3604;3.3073
216;follow_detailed;Baseline_V2;3.5233;3.1254;3.6577;3.3379;3.5198
216;influence_detailed;Baseline_V2;3.412;3.1434;3.343;3.148;3.3642
216;relevance_detailed;Baseline_V2;3.5116;3.615;3.6544;3.3693;3.6667
217;subjpos_detailed;Baseline_V2;3.0624;3.1277;3.8788;3.3945;3.3224
216;subjcount_detailed;Baseline_V2;3.3522;3.0986;3.2863;3.0898;3.3986
218;subjpos_detailed;Baseline_V2;4.318;3.1918;3.1275;3.1061;3.092
217;diversity_detailed;Baseline_V2;3.2163;3.6544;3.8789;3.5426;3.6495
218;diversity_detailed;Baseline_V2;3.9831;3.5538;3.9314;3.8548;3.8555
217;uniqueness_detailed;Baseline_V2;2.647;2.9665;3.0927;3.3952;3.0406
218;uniqueness_detailed;Baseline_V2;3.8438;3.1358;2.526;2.4419;3.0
217;follow_detailed;Baseline_V2;3.3368;3.597;3.924;3.6288;3.6904
218;follow_detailed;Baseline_V2;4.1626;3.5362;3.7593;3.6846;3.5899
217;influence_detailed;Baseline_V2;3.0358;3.1692;3.8811;3.6136;3.1528
218;influence_detailed;Baseline_V2;4.1796;3.068;3.3866;3.4269;3.1953
217;relevance_detailed;Baseline_V2;3.4705;3.6161;3.7723;3.249;3.3667
218;relevance_detailed;Baseline_V2;4.0589;3.5622;3.8082;3.8455;3.8371
217;subjcount_detailed;Baseline_V2;3.1685;3.3188;3.8029;3.3899;3.3133
218;subjcount_detailed;Baseline_V2;3.9765;3.1316;3.2218;3.1578;3.2034
219;subjpos_detailed;Baseline_V2;3.9182;3.2975;3.9056;3.0404;3.2299
219;diversity_detailed;Baseline_V2;3.9263;3.2063;3.9289;3.0043;3.0686
219;uniqueness_detailed;Baseline_V2;3.0824;2.9674;3.1787;2.9671;3.0149
219;follow_detailed;Baseline_V2;3.9193;3.2412;3.9258;2.9939;3.0597
219;influence_detailed;Baseline_V2;3.9316;3.3957;3.8825;3.0422;3.1488
219;relevance_detailed;Baseline_V2;3.7089;3.3936;3.9235;2.972;3.0074
219;subjcount_detailed;Baseline_V2;3.8137;3.1076;3.7135;2.9955;3.0435
220;subjpos_detailed;Baseline_V2;3.9368;3.8299;3.6779;3.1827;3.7998
220;diversity_detailed;Baseline_V2;3.9807;3.925;3.9369;3.4145;3.8405
220;uniqueness_detailed;Baseline_V2;3.2837;3.1773;3.4343;3.3124;3.2938
220;follow_detailed;Baseline_V2;4.0186;3.8452;3.8791;3.2203;3.9157
220;influence_detailed;Baseline_V2;3.7184;3.6784;3.6086;3.3405;3.4544
220;relevance_detailed;Baseline_V2;4.0234;3.9531;3.8897;3.3466;3.8165
220;subjcount_detailed;Baseline_V2;3.8351;3.7513;3.6483;3.0972;3.2138
221;subjpos_detailed;Baseline_V2;3.1033;2.8752;3.862;3.1425;3.1479
221;diversity_detailed;Baseline_V2;3.0047;3.179;3.7975;3.055;3.1052
221;uniqueness_detailed;Baseline_V2;2.9658;2.9494;3.2437;3.3042;3.0623
221;follow_detailed;Baseline_V2;3.0414;3.3062;3.9584;3.098;3.1501
221;influence_detailed;Baseline_V2;3.088;2.9885;3.8101;3.1297;3.1561
221;relevance_detailed;Baseline_V2;3.0663;3.2843;3.8419;3.1078;3.1235
221;subjcount_detailed;Baseline_V2;3.0213;3.0215;3.5747;3.0254;3.18
222;subjpos_detailed;Baseline_V2;3.8197;3.2694;3.606;2.9762;3.7887
222;diversity_detailed;Baseline_V2;3.3283;3.3954;3.8718;3.2343;3.8887
222;uniqueness_detailed;Baseline_V2;3.143;3.6303;3.3153;2.9434;3.5268
222;follow_detailed;Baseline_V2;3.5952;3.1348;3.7423;2.9883;3.6381
222;influence_detailed;Baseline_V2;3.862;3.5869;3.7782;2.9917;3.64
222;relevance_detailed;Baseline_V2;3.5916;3.6778;3.9422;3.3854;3.8855
222;subjcount_detailed;Baseline_V2;3.628;3.2742;3.6771;2.9818;3.5715
224;subjpos_detailed;Baseline_V2;3.058;3.9838;3.0699;3.3016;3.696
223;subjpos_detailed;Baseline_V2;4.1625;3.3953;3.3601;3.2545;3.1269
224;diversity_detailed;Baseline_V2;3.1562;3.9503;3.2812;3.427;3.7551
223;diversity_detailed;Baseline_V2;3.9668;3.8708;3.878;3.811;3.9041
224;uniqueness_detailed;Baseline_V2;2.7433;3.4631;2.9529;3.2351;3.3234
223;uniqueness_detailed;Baseline_V2;3.6685;2.7679;2.9542;3.0745;3.0033
224;follow_detailed;Baseline_V2;3.1835;3.9581;3.2058;3.2121;3.7627
223;follow_detailed;Baseline_V2;4.0069;3.9256;3.8283;3.88;3.8775
224;influence_detailed;Baseline_V2;3.0054;3.9081;3.0836;3.1513;3.5838
223;influence_detailed;Baseline_V2;4.0822;3.8005;3.6756;3.6593;3.7299
224;relevance_detailed;Baseline_V2;3.1831;3.9115;3.2749;3.1953;3.5233
223;relevance_detailed;Baseline_V2;4.0024;3.836;3.9199;3.8474;3.9504
225;subjpos_detailed;Baseline_V2;4.6575;3.3008;3.5513;3.4473;3.0435
224;subjcount_detailed;Baseline_V2;3.1464;3.8811;3.0944;3.0839;3.4699
223;subjcount_detailed;Baseline_V2;3.9154;3.5586;3.558;3.4346;3.6005
225;diversity_detailed;Baseline_V2;4.0135;3.6809;3.952;3.7899;3.0885
225;uniqueness_detailed;Baseline_V2;3.8388;3.128;3.2747;3.4568;3.1103
225;follow_detailed;Baseline_V2;4.2488;3.6844;3.9575;3.7295;3.0893
225;influence_detailed;Baseline_V2;4.2211;3.2721;3.664;3.2494;2.9964
225;relevance_detailed;Baseline_V2;4.0846;3.9032;3.9384;3.8762;3.185
225;subjcount_detailed;Baseline_V2;3.9967;3.1902;3.5065;3.3031;3.0053
226;subjpos_detailed;Baseline_V2;3.0812;3.4841;3.7688;3.0378;3.8837
226;diversity_detailed;Baseline_V2;3.0967;3.7887;3.9339;3.1493;3.9502
226;uniqueness_detailed;Baseline_V2;3.035;2.9753;3.1436;2.9233;3.4681
226;follow_detailed;Baseline_V2;3.1506;3.5139;3.8346;3.1827;3.9633
226;influence_detailed;Baseline_V2;3.0759;3.2769;3.6269;3.0043;3.8704
226;relevance_detailed;Baseline_V2;3.3897;3.9864;3.8075;3.8069;4.0027
226;subjcount_detailed;Baseline_V2;3.1915;3.4605;3.4971;3.018;3.8743
227;subjpos_detailed;Baseline_V2;3.9702;3.4783;3.1595;3.0256;3.0677
228;subjpos_detailed;Baseline_V2;3.2684;3.9485;3.3214;3.2578;3.4938
227;diversity_detailed;Baseline_V2;3.4759;3.1389;2.9991;2.9625;2.82
228;diversity_detailed;Baseline_V2;3.5484;3.9605;3.3498;3.6604;3.6069
227;uniqueness_detailed;Baseline_V2;3.2924;3.13;3.0036;3.0558;2.8992
228;uniqueness_detailed;Baseline_V2;3.0316;3.7149;3.0721;3.3983;3.3324
227;follow_detailed;Baseline_V2;4.0948;3.7711;3.2209;3.3608;3.0537
228;follow_detailed;Baseline_V2;3.8271;3.9379;3.4248;3.5763;3.4997
227;influence_detailed;Baseline_V2;3.8976;3.308;3.1884;2.8542;2.9398
228;influence_detailed;Baseline_V2;3.1923;3.957;3.4487;3.4097;3.4046
229;subjpos_detailed;Baseline_V2;4.0225;3.4011;3.0839;3.1201;2.9131
227;relevance_detailed;Baseline_V2;3.6913;3.6805;3.1768;3.3877;3.4467
230;subjpos_detailed;Baseline_V2;3.9468;3.2038;3.2866;3.1146;3.5697
228;relevance_detailed;Baseline_V2;1.0;3.8304;3.2599;3.571;3.6274
229;diversity_detailed;Baseline_V2;3.9698;3.5464;3.8958;3.1193;3.8649
227;subjcount_detailed;Baseline_V2;3.7144;3.2267;3.1111;3.0369;2.9943
230;diversity_detailed;Baseline_V2;3.6927;3.5435;3.8782;3.5173;3.737
228;subjcount_detailed;Baseline_V2;3.2134;3.9227;3.2771;3.1477;3.1977
229;uniqueness_detailed;Baseline_V2;4.12;3.4081;3.029;3.2261;3.2727
230;uniqueness_detailed;Baseline_V2;3.0086;2.9456;3.0796;3.2687;3.3067
229;follow_detailed;Baseline_V2;3.9875;3.6514;3.5796;2.9687;3.6398
230;follow_detailed;Baseline_V2;3.7184;3.2266;3.2612;3.2015;3.3026
229;influence_detailed;Baseline_V2;3.9897;3.4117;3.2493;3.1118;3.105
230;influence_detailed;Baseline_V2;3.8429;3.2456;3.5871;3.1455;3.6353
229;relevance_detailed;Baseline_V2;4.0035;3.7145;3.9157;3.3088;4.0259
230;relevance_detailed;Baseline_V2;3.4992;3.4487;3.4226;3.5521;3.6433
229;subjcount_detailed;Baseline_V2;3.8691;3.2156;3.1643;2.9477;3.0736
230;subjcount_detailed;Baseline_V2;3.7606;3.1816;3.3028;3.0995;3.4542
231;subjpos_detailed;Baseline_V2;4.1643;3.7166;3.8837;2.9105;3.0426
231;diversity_detailed;Baseline_V2;3.8655;3.8191;3.8259;3.5183;3.3338
231;uniqueness_detailed;Baseline_V2;3.0619;3.1451;3.0636;2.8622;2.9583
231;follow_detailed;Baseline_V2;3.9563;3.9073;3.8145;3.3772;3.548
231;influence_detailed;Baseline_V2;3.7611;3.8383;3.7371;3.0296;3.0736
231;relevance_detailed;Baseline_V2;3.9659;3.9607;3.9312;3.5441;3.8244
231;subjcount_detailed;Baseline_V2;3.7435;3.6791;3.7022;3.0574;3.1891
232;subjpos_detailed;Baseline_V2;3.9284;3.4802;3.1701;3.058;3.42
232;diversity_detailed;Baseline_V2;3.8176;3.696;3.2031;3.5813;3.2122
232;uniqueness_detailed;Baseline_V2;3.3875;3.4895;3.0387;2.9931;3.0509
232;follow_detailed;Baseline_V2;4.0627;3.9532;3.7765;3.3041;3.2147
232;influence_detailed;Baseline_V2;3.7524;3.3761;3.1355;3.0619;3.2422
232;relevance_detailed;Baseline_V2;5.0;4.0;1.0;1.0;1.0
232;subjcount_detailed;Baseline_V2;3.482;3.3579;3.168;3.0267;3.2605
233;subjpos_detailed;Baseline_V2;3.5555;3.1441;3.0596;3.0713;3.2678
234;subjpos_detailed;Baseline_V2;4.0563;3.3851;3.41;2.9873;3.7153
233;diversity_detailed;Baseline_V2;3.6453;3.0845;3.1582;3.1424;3.2618
234;diversity_detailed;Baseline_V2;4.0155;3.6913;3.8095;3.2043;3.7864
235;subjpos_detailed;Baseline_V2;3.5052;3.4573;2.9367;3.2244;3.5576
233;uniqueness_detailed;Baseline_V2;3.1356;3.098;2.8662;3.1257;3.4954
234;uniqueness_detailed;Baseline_V2;3.599;3.0486;3.1515;2.7795;3.2435
235;diversity_detailed;Baseline_V2;3.0452;3.3954;3.1138;3.4067;3.595
233;follow_detailed;Baseline_V2;3.8852;3.2397;3.3215;3.2244;3.416
234;follow_detailed;Baseline_V2;4.0385;3.5647;3.5711;2.943;3.4956
235;uniqueness_detailed;Baseline_V2;2.9135;3.1818;2.743;3.2759;3.0429
233;influence_detailed;Baseline_V2;3.7108;3.3294;3.0183;3.104;3.3361
234;influence_detailed;Baseline_V2;4.0323;3.4036;3.4499;2.9796;3.0761
235;follow_detailed;Baseline_V2;3.1102;3.5873;3.0346;3.332;3.8431
236;subjpos_detailed;Baseline_V2;4.0533;3.8724;3.0936;3.5639;3.6158
233;relevance_detailed;Baseline_V2;3.1694;3.0441;3.2301;3.1731;3.3099
234;relevance_detailed;Baseline_V2;4.0852;3.8536;3.492;3.1896;3.6817
235;influence_detailed;Baseline_V2;3.1248;3.4442;2.8338;3.1999;3.33
236;diversity_detailed;Baseline_V2;3.9553;3.92;3.1606;3.3755;3.4503
233;subjcount_detailed;Baseline_V2;3.6754;3.1262;3.1655;3.0881;3.3656
234;subjcount_detailed;Baseline_V2;3.9941;3.3109;3.4136;2.9785;3.2592
235;relevance_detailed;Baseline_V2;3.1739;3.6393;3.1645;3.4635;3.6878
236;uniqueness_detailed;Baseline_V2;3.0245;3.3061;3.0058;3.2256;3.1223
235;subjcount_detailed;Baseline_V2;3.1433;3.4039;3.0383;3.0954;3.453
236;follow_detailed;Baseline_V2;3.9595;3.8766;3.0942;3.3181;3.3662
236;influence_detailed;Baseline_V2;3.9329;3.8645;3.1473;3.4052;3.275
236;relevance_detailed;Baseline_V2;3.9269;3.9496;3.177;3.5284;3.4263
236;subjcount_detailed;Baseline_V2;3.9138;3.6678;3.0679;3.1402;3.2878
238;subjpos_detailed;Baseline_V2;4.0659;3.5562;3.1058;2.9521;3.0386
238;diversity_detailed;Baseline_V2;3.9827;3.5984;3.2739;3.2144;3.3337
238;uniqueness_detailed;Baseline_V2;3.4204;3.0146;2.9507;2.9903;3.0212
237;subjpos_detailed;Baseline_V2;4.0762;3.6857;2.9266;2.9314;2.7844
238;follow_detailed;Baseline_V2;4.001;3.3134;3.163;3.1945;3.0884
237;diversity_detailed;Baseline_V2;3.9895;3.7409;3.5373;3.628;3.3422
238;influence_detailed;Baseline_V2;3.9856;3.555;3.1229;2.9397;3.0066
237;uniqueness_detailed;Baseline_V2;4.0375;3.7064;3.0383;3.2971;3.0979
238;relevance_detailed;Baseline_V2;4.0675;3.447;3.1238;3.7918;3.1002
237;follow_detailed;Baseline_V2;4.0198;3.6626;3.2497;3.1723;3.0953
238;subjcount_detailed;Baseline_V2;3.9539;3.1959;3.055;3.0005;3.0112
237;influence_detailed;Baseline_V2;4.0182;3.5977;2.9807;2.9943;3.0122
237;relevance_detailed;Baseline_V2;3.9835;3.8103;3.5737;3.5202;3.524
239;subjpos_detailed;Baseline_V2;4.3287;2.6161;2.7762;2.8989;2.9097
240;subjpos_detailed;Baseline_V2;3.4962;3.5032;3.1705;3.0209;3.1679
237;subjcount_detailed;Baseline_V2;3.9892;3.5015;3.0129;2.9992;2.9966
239;diversity_detailed;Baseline_V2;4.0698;3.02;3.1651;3.1471;3.0928
240;diversity_detailed;Baseline_V2;3.7091;3.5777;3.2904;2.9013;2.9881
239;uniqueness_detailed;Baseline_V2;3.2419;2.0304;2.6215;2.4318;2.605
240;uniqueness_detailed;Baseline_V2;3.1798;3.1053;3.0299;3.0411;3.0164
239;follow_detailed;Baseline_V2;4.0275;3.3691;3.3774;3.217;3.4516
240;follow_detailed;Baseline_V2;3.9028;3.7742;3.4972;3.067;3.2102
239;influence_detailed;Baseline_V2;4.2193;2.6772;2.3999;2.7208;2.9123
240;influence_detailed;Baseline_V2;3.5743;3.4461;3.171;2.9518;3.0447
239;relevance_detailed;Baseline_V2;4.1372;3.6055;3.6964;3.8576;3.9062
240;relevance_detailed;Baseline_V2;3.4831;3.6134;3.2252;2.7695;3.0987
239;subjcount_detailed;Baseline_V2;3.9699;3.0528;3.1941;3.1245;3.4066
240;subjcount_detailed;Baseline_V2;3.3689;3.4296;3.1075;2.9996;3.0552
241;subjpos_detailed;Baseline_V2;4.0162;3.8513;3.5526;3.0145;3.2411
241;diversity_detailed;Baseline_V2;3.9177;3.4507;3.1118;3.0296;3.265
241;uniqueness_detailed;Baseline_V2;3.2161;3.248;3.0045;2.9369;2.9718
241;follow_detailed;Baseline_V2;3.9687;3.88;3.6449;3.186;3.6984
241;influence_detailed;Baseline_V2;3.986;3.8089;3.1657;3.0771;3.7248
241;relevance_detailed;Baseline_V2;3.9853;3.8011;3.5173;3.0293;3.1043
241;subjcount_detailed;Baseline_V2;3.9072;3.5995;3.2066;3.015;3.3101
242;subjpos_detailed;Baseline_V2;3.2993;3.1362;2.9155;3.2055;3.5444
242;diversity_detailed;Baseline_V2;3.4116;3.4463;3.3304;3.1623;3.7416
242;uniqueness_detailed;Baseline_V2;3.0217;3.0256;2.6913;3.1751;3.381
242;follow_detailed;Baseline_V2;3.6567;3.3149;3.2952;3.2391;3.8568
242;influence_detailed;Baseline_V2;3.3373;3.1019;2.6453;3.1241;3.268
242;relevance_detailed;Baseline_V2;3.3149;3.4663;3.3345;3.1072;3.5485
242;subjcount_detailed;Baseline_V2;3.2249;3.1206;3.051;3.0612;3.4182
244;subjpos_detailed;Baseline_V2;3.264;4.0379;3.1384;2.5181;3.0548
245;subjpos_detailed;Baseline_V2;3.9592;3.0007;3.3989;2.7363;3.5828
243;subjpos_detailed;Baseline_V2;3.0471;3.1068;3.0787;3.0279;3.0098
246;subjpos_detailed;Baseline_V2;4.086;3.0684;3.1243;3.0345;3.5679
244;diversity_detailed;Baseline_V2;3.6597;4.0074;3.5249;3.3176;3.4505
245;diversity_detailed;Baseline_V2;3.9914;3.8396;3.6229;3.6158;3.7462
243;diversity_detailed;Baseline_V2;4.6378;4.6469;4.58;4.6452;4.4785
246;diversity_detailed;Baseline_V2;3.7862;3.1234;3.0631;3.3231;3.4612
244;uniqueness_detailed;Baseline_V2;3.0363;3.988;3.1781;3.3883;3.1451
245;uniqueness_detailed;Baseline_V2;3.223;2.9499;3.1209;3.0118;3.5538
243;uniqueness_detailed;Baseline_V2;1.4019;2.6891;2.7404;2.7327;2.4242
246;uniqueness_detailed;Baseline_V2;3.5417;2.9675;3.0261;3.3914;3.2303
244;follow_detailed;Baseline_V2;3.4106;4.0526;3.1167;3.0564;3.1629
245;follow_detailed;Baseline_V2;3.9868;3.335;3.5527;3.0342;3.4304
243;follow_detailed;Baseline_V2;3.6556;3.8316;3.8357;3.6018;3.3634
246;follow_detailed;Baseline_V2;4.0124;3.4362;3.1233;3.1588;3.7327
244;influence_detailed;Baseline_V2;3.3086;4.0374;3.4042;2.8697;3.0278
247;subjpos_detailed;Baseline_V2;3.1206;3.2533;3.029;3.1763;3.4412
245;influence_detailed;Baseline_V2;3.9735;3.0733;3.5091;3.0042;3.527
243;influence_detailed;Baseline_V2;3.2502;3.491;3.3998;3.1427;3.1418
246;influence_detailed;Baseline_V2;3.8914;3.1051;3.084;3.0572;3.1249
248;subjpos_detailed;Baseline_V2;4.0411;3.0475;3.1457;3.0459;3.3974
244;relevance_detailed;Baseline_V2;3.6071;4.1624;3.1609;3.6664;3.4834
247;diversity_detailed;Baseline_V2;2.9839;3.2045;3.4562;3.392;3.4996
245;relevance_detailed;Baseline_V2;3.905;3.9099;3.909;3.5923;3.8699
243;relevance_detailed;Baseline_V2;3.4594;3.5639;3.5608;3.3882;3.1673
250;subjpos_detailed;Baseline_V2;3.7507;3.5814;2.9838;2.9425;2.9453
249;subjpos_detailed;Baseline_V2;3.8431;3.4002;3.332;3.1877;3.2338
246;relevance_detailed;Baseline_V2;3.8762;3.7307;3.6758;3.6643;3.8261
248;diversity_detailed;Baseline_V2;3.5975;3.3916;3.0517;3.0858;3.147
244;subjcount_detailed;Baseline_V2;3.3246;3.9687;3.1224;2.9238;3.049
247;uniqueness_detailed;Baseline_V2;2.872;3.0716;2.9835;3.4402;3.0981
245;subjcount_detailed;Baseline_V2;3.9657;3.137;3.405;3.0587;3.527
243;subjcount_detailed;Baseline_V2;3.3041;3.4981;3.4835;3.1889;3.135
250;diversity_detailed;Baseline_V2;3.2142;3.4856;2.9725;2.9773;2.9521
249;diversity_detailed;Baseline_V2;3.5836;3.0817;3.1085;3.0202;2.9368
246;subjcount_detailed;Baseline_V2;3.9277;3.1085;3.0565;3.1153;3.2578
248;uniqueness_detailed;Baseline_V2;3.6872;3.068;3.1892;3.3794;3.0759
247;follow_detailed;Baseline_V2;3.3885;3.3423;3.5683;3.541;3.783
250;uniqueness_detailed;Baseline_V2;2.9573;3.2875;1.4659;2.01;2.0229
249;uniqueness_detailed;Baseline_V2;3.0683;3.0747;3.0025;3.1851;3.1018
248;follow_detailed;Baseline_V2;3.9942;3.3499;3.206;3.125;3.2722
247;influence_detailed;Baseline_V2;3.2182;3.1989;3.1343;3.4091;3.7397
250;follow_detailed;Baseline_V2;3.6874;3.909;3.0;3.0;3.0778
249;follow_detailed;Baseline_V2;3.955;3.246;3.4092;3.1611;3.1476
248;influence_detailed;Baseline_V2;3.9519;3.0771;3.336;3.0585;3.1963
247;relevance_detailed;Baseline_V2;3.1403;3.7245;3.7544;3.2806;3.6102
250;influence_detailed;Baseline_V2;3.7738;3.7605;2.8095;2.8652;2.9216
249;influence_detailed;Baseline_V2;3.9091;3.1324;3.1698;3.2039;3.1215
248;relevance_detailed;Baseline_V2;3.593;3.5995;3.4297;3.3261;3.3876
247;subjcount_detailed;Baseline_V2;3.0503;3.1166;3.135;3.0999;3.5085
250;relevance_detailed;Baseline_V2;3.7768;3.7255;3.1693;3.2366;3.2468
249;relevance_detailed;Baseline_V2;3.6861;3.4724;3.2179;3.1215;3.3109
248;subjcount_detailed;Baseline_V2;3.8453;3.1635;3.1917;3.0206;3.1507
250;subjcount_detailed;Baseline_V2;3.4937;3.3814;3.0184;2.9861;2.9856
249;subjcount_detailed;Baseline_V2;3.7652;3.0912;3.1787;3.0577;3.0123
251;subjpos_detailed;Baseline_V2;4.0896;3.1019;3.1117;3.1181;3.0547
251;diversity_detailed;Baseline_V2;3.8855;3.3299;3.4853;3.2405;3.2796
251;uniqueness_detailed;Baseline_V2;3.0598;2.5605;2.5047;2.4447;2.4052
251;follow_detailed;Baseline_V2;4.044;3.4697;3.4456;3.3598;3.463
251;influence_detailed;Baseline_V2;4.016;3.2387;3.1715;3.1119;3.0826
251;relevance_detailed;Baseline_V2;3.4104;3.4973;3.4245;3.3154;3.3617
251;subjcount_detailed;Baseline_V2;3.8276;3.2084;3.2657;3.1387;3.1605
252;subjpos_detailed;Baseline_V2;3.0;3.1942;3.5724;3.0858;3.5107
252;diversity_detailed;Baseline_V2;3.0291;3.0985;3.3201;3.089;3.2249
252;uniqueness_detailed;Baseline_V2;2.8937;3.0813;3.1109;3.1987;2.9462
252;follow_detailed;Baseline_V2;3.217;3.4204;3.1961;3.2751;3.6667
252;influence_detailed;Baseline_V2;2.9754;3.1704;3.5437;3.142;3.2182
252;relevance_detailed;Baseline_V2;3.3381;3.7277;3.4111;3.3799;3.3178
252;subjcount_detailed;Baseline_V2;3.0259;3.0968;3.3151;3.0926;3.1162
253;subjpos_detailed;Baseline_V2;3.914;3.1583;3.3933;3.7205;2.9161
253;diversity_detailed;Baseline_V2;3.5813;3.2744;3.3555;3.803;3.2556
253;uniqueness_detailed;Baseline_V2;3.0535;2.8665;2.8479;3.6795;2.2424
253;follow_detailed;Baseline_V2;3.9612;3.6376;3.5946;3.7996;3.5136
253;influence_detailed;Baseline_V2;3.9655;3.1898;3.1134;3.539;2.7147
253;relevance_detailed;Baseline_V2;3.8987;3.917;3.7563;3.6564;3.5123
254;subjpos_detailed;Baseline_V2;3.9736;3.1638;3.1325;3.1947;3.9412
253;subjcount_detailed;Baseline_V2;3.7598;3.1134;3.1242;3.1333;2.9381
255;subjpos_detailed;Baseline_V2;3.5734;3.3003;3.737;3.5682;3.3524
254;diversity_detailed;Baseline_V2;3.8246;3.4077;3.5155;3.1424;3.9918
255;diversity_detailed;Baseline_V2;3.6621;3.2398;3.4441;3.7151;3.3612
254;uniqueness_detailed;Baseline_V2;3.1688;3.1656;3.0844;3.3194;3.7512
256;subjpos_detailed;Baseline_V2;3.8939;3.7286;3.0049;3.0733;2.9928
255;uniqueness_detailed;Baseline_V2;2.994;2.989;3.066;3.5865;3.1095
254;follow_detailed;Baseline_V2;3.9711;3.0719;3.1656;3.0659;3.9609
256;diversity_detailed;Baseline_V2;3.8648;3.7055;3.5964;3.1331;3.2698
255;follow_detailed;Baseline_V2;3.7101;3.2655;3.62;3.6388;3.1083
254;influence_detailed;Baseline_V2;3.6673;3.0921;3.0511;3.1464;3.8215
256;uniqueness_detailed;Baseline_V2;3.0342;3.5477;2.8849;3.1375;3.0577
255;influence_detailed;Baseline_V2;3.7206;3.4965;3.6392;3.7898;3.2053
254;relevance_detailed;Baseline_V2;4.018;3.5853;3.2146;3.569;3.9704
256;follow_detailed;Baseline_V2;3.8471;3.529;3.2011;3.0019;3.0898
255;relevance_detailed;Baseline_V2;3.7118;3.4086;3.8057;3.592;3.1765
254;subjcount_detailed;Baseline_V2;3.768;3.0097;3.0735;3.013;3.66
256;influence_detailed;Baseline_V2;3.9046;3.6005;3.0508;3.1124;2.9149
255;subjcount_detailed;Baseline_V2;3.6199;3.1594;3.3339;3.4399;3.1089
256;relevance_detailed;Baseline_V2;3.849;3.8306;3.6608;3.4195;3.9249
256;subjcount_detailed;Baseline_V2;3.7554;3.4541;3.0608;3.0301;3.0078
257;subjpos_detailed;Baseline_V2;3.8155;3.2431;3.5706;3.1153;3.6214
257;diversity_detailed;Baseline_V2;3.8206;3.1546;3.734;3.2429;3.2398
257;uniqueness_detailed;Baseline_V2;3.1629;3.0593;3.1862;3.0524;3.064
257;follow_detailed;Baseline_V2;3.8519;3.3681;3.8573;3.484;3.7795
257;influence_detailed;Baseline_V2;3.8511;3.148;3.6685;3.2135;3.2817
257;relevance_detailed;Baseline_V2;3.8496;3.7244;3.8127;3.6474;3.7645
258;subjpos_detailed;Baseline_V2;3.702;3.2067;3.03;3.6903;3.8706
257;subjcount_detailed;Baseline_V2;3.7654;3.089;3.544;3.0894;3.4493
258;diversity_detailed;Baseline_V2;3.5674;3.3853;3.2564;3.3242;3.8498
258;uniqueness_detailed;Baseline_V2;3.1075;3.2307;2.9509;3.1493;3.552
258;follow_detailed;Baseline_V2;3.7158;3.2505;3.3358;3.516;3.9776
258;influence_detailed;Baseline_V2;3.895;3.3549;2.9395;3.6757;3.7709
260;subjpos_detailed;Baseline_V2;4.3626;3.0583;3.3838;3.0661;3.1426
259;subjpos_detailed;Baseline_V2;3.7821;3.5435;3.2117;2.7957;2.9773
258;relevance_detailed;Baseline_V2;3.6638;3.8538;3.7656;3.5793;4.0094
260;diversity_detailed;Baseline_V2;3.9916;3.6813;3.653;3.5371;3.6951
259;diversity_detailed;Baseline_V2;3.9202;3.404;3.1202;3.3169;3.3297
258;subjcount_detailed;Baseline_V2;3.8814;3.0281;3.0038;3.3703;3.8908
260;uniqueness_detailed;Baseline_V2;3.1434;2.9061;3.1341;3.1072;2.9844
259;uniqueness_detailed;Baseline_V2;3.1521;2.9912;2.9688;1.1988;2.3769
260;follow_detailed;Baseline_V2;4.0578;3.2864;3.044;3.0748;3.1627
259;follow_detailed;Baseline_V2;3.8221;3.6649;3.2419;3.0739;3.0868
260;influence_detailed;Baseline_V2;4.0768;3.1567;3.4987;3.0506;3.0316
259;influence_detailed;Baseline_V2;3.7533;3.3945;3.1427;2.9539;2.9828
260;relevance_detailed;Baseline_V2;4.0409;3.8644;3.2581;3.3083;3.5772
259;relevance_detailed;Baseline_V2;3.7608;3.6339;3.2038;3.1662;3.4529
260;subjcount_detailed;Baseline_V2;3.9665;3.0236;3.1276;2.9937;3.0493
259;subjcount_detailed;Baseline_V2;3.6325;3.2277;3.1472;2.9972;3.0169
261;subjpos_detailed;Baseline_V2;4.0541;3.1702;3.2114;1.7729;3.4677
261;diversity_detailed;Baseline_V2;3.9886;3.5671;3.5591;3.1337;3.6562
261;uniqueness_detailed;Baseline_V2;3.6986;3.0675;3.0562;2.9737;3.145
261;follow_detailed;Baseline_V2;4.0363;3.182;3.4351;3.0;3.241
261;influence_detailed;Baseline_V2;4.0451;3.2426;3.1409;2.0003;3.2706
261;relevance_detailed;Baseline_V2;4.0562;3.8552;3.5826;3.3046;3.8276
261;subjcount_detailed;Baseline_V2;3.9698;3.0905;3.0933;2.8583;3.3124
262;subjpos_detailed;Baseline_V2;3.0795;3.221;3.4391;3.0829;3.3786
262;diversity_detailed;Baseline_V2;3.0493;3.2824;3.5618;3.0721;3.2201
262;uniqueness_detailed;Baseline_V2;2.9949;3.1242;3.1644;3.0904;3.2362
262;follow_detailed;Baseline_V2;3.227;3.2758;3.7226;3.1603;3.4306
262;influence_detailed;Baseline_V2;3.056;3.2886;3.537;3.235;3.3288
262;relevance_detailed;Baseline_V2;3.0644;3.4465;3.7046;3.1626;3.1645
262;subjcount_detailed;Baseline_V2;3.0572;3.1694;3.4883;3.0448;3.3093
263;subjpos_detailed;Baseline_V2;3.9285;3.3952;3.2664;3.1993;3.2061
263;diversity_detailed;Baseline_V2;3.9416;3.2114;3.2005;3.0895;3.2958
263;uniqueness_detailed;Baseline_V2;3.1333;2.9904;2.9947;3.0309;3.0751
263;follow_detailed;Baseline_V2;3.9701;3.418;3.282;3.0972;3.3857
263;influence_detailed;Baseline_V2;3.9404;3.3112;3.2364;3.1259;3.057
263;relevance_detailed;Baseline_V2;3.9473;3.7444;3.5127;3.4009;3.2056
263;subjcount_detailed;Baseline_V2;3.8967;3.3132;3.0837;3.0267;3.1604
264;subjpos_detailed;Baseline_V2;3.7227;3.3893;3.5865;3.1818;3.483
264;diversity_detailed;Baseline_V2;3.8532;3.425;3.6067;3.1268;3.894
264;uniqueness_detailed;Baseline_V2;3.1323;3.0465;3.1228;3.3974;3.3866
264;follow_detailed;Baseline_V2;3.9027;3.4324;3.5401;3.2333;3.7476
265;subjpos_detailed;Baseline_V2;3.686;3.3607;3.1287;3.1216;3.0027
264;influence_detailed;Baseline_V2;3.7171;3.2275;3.5733;3.1497;3.3654
266;subjpos_detailed;Baseline_V2;3.4986;3.971;3.6281;2.9282;3.3769
265;diversity_detailed;Baseline_V2;3.6356;3.6085;3.1781;3.1236;3.0552
264;relevance_detailed;Baseline_V2;3.5844;3.8191;3.4639;3.2513;3.8963
266;diversity_detailed;Baseline_V2;3.8843;3.9839;3.8874;3.1388;3.6577
267;subjpos_detailed;Baseline_V2;4.1968;2.9383;3.2051;3.1477;3.6924
265;uniqueness_detailed;Baseline_V2;3.095;3.1129;2.9592;3.0277;2.703
264;subjcount_detailed;Baseline_V2;3.6035;3.2491;3.5127;3.0768;3.571
266;uniqueness_detailed;Baseline_V2;3.0935;3.6898;3.2149;2.9162;3.074
267;diversity_detailed;Baseline_V2;3.9952;3.3732;3.7124;3.0335;3.8246
265;follow_detailed;Baseline_V2;3.8371;3.4755;3.0951;3.095;3.0386
266;follow_detailed;Baseline_V2;3.6663;3.9945;3.7979;3.0654;3.4192
268;subjpos_detailed;Baseline_V2;4.0066;3.3041;3.2987;3.077;3.2158
267;uniqueness_detailed;Baseline_V2;3.1709;2.6649;3.0959;3.0539;3.203
265;influence_detailed;Baseline_V2;3.7661;3.4684;3.0943;3.1166;2.7346
266;influence_detailed;Baseline_V2;3.6667;3.9709;3.8154;2.4956;3.3275
268;diversity_detailed;Baseline_V2;3.9134;3.0897;3.4673;3.0913;3.4652
267;follow_detailed;Baseline_V2;4.0043;3.1192;3.1948;3.0592;3.6297
265;relevance_detailed;Baseline_V2;3.607;3.6976;3.3217;3.0081;3.5193
266;relevance_detailed;Baseline_V2;3.8884;4.0351;3.8801;3.6225;3.7613
268;uniqueness_detailed;Baseline_V2;3.4141;3.0313;3.0757;3.0889;2.7277
267;influence_detailed;Baseline_V2;4.0354;2.9475;3.1755;3.0751;3.3893
270;subjpos_detailed;Baseline_V2;3.9814;3.13;3.0673;3.0395;3.08
265;subjcount_detailed;Baseline_V2;3.7465;3.1437;3.0298;3.0486;3.0129
266;subjcount_detailed;Baseline_V2;3.6329;3.9566;3.7256;2.9931;3.3168
268;follow_detailed;Baseline_V2;3.9424;3.1263;3.2428;3.0512;3.3246
269;subjpos_detailed;Baseline_V2;4.0471;3.0321;2.9296;2.8245;3.0468
267;relevance_detailed;Baseline_V2;4.2035;3.8235;3.5498;3.0482;3.7952
270;diversity_detailed;Baseline_V2;3.9069;3.3592;3.1639;3.0244;3.1303
268;influence_detailed;Baseline_V2;3.9148;3.2014;3.2897;3.109;2.8105
269;diversity_detailed;Baseline_V2;3.9719;3.0443;3.4119;3.3526;3.0704
267;subjcount_detailed;Baseline_V2;3.9909;3.0182;3.1148;3.0124;3.3966
270;uniqueness_detailed;Baseline_V2;3.0967;3.1068;2.9965;3.0366;2.9953
268;relevance_detailed;Baseline_V2;3.8734;3.49;3.7805;3.4936;3.9248
269;uniqueness_detailed;Baseline_V2;3.5692;2.9846;2.35;2.3272;2.9583
270;follow_detailed;Baseline_V2;3.9052;3.2424;3.2058;3.0478;3.0357
268;subjcount_detailed;Baseline_V2;3.8508;3.0175;3.1466;3.0083;3.0774
269;follow_detailed;Baseline_V2;4.0016;3.0124;3.2681;3.1407;3.1641
270;influence_detailed;Baseline_V2;3.958;3.2411;3.1155;3.0163;3.0335
269;influence_detailed;Baseline_V2;3.937;3.0061;2.6486;2.6475;2.9861
270;relevance_detailed;Baseline_V2;3.9499;3.7588;3.3167;3.0293;3.1561
269;relevance_detailed;Baseline_V2;3.9278;3.7808;3.862;3.8803;3.0446
270;subjcount_detailed;Baseline_V2;3.9109;3.1609;3.2406;3.0122;3.0543
269;subjcount_detailed;Baseline_V2;3.9754;3.0099;3.0688;3.0101;3.031
271;subjpos_detailed;Baseline_V2;4.0781;3.0126;3.1113;3.0034;3.5386
271;diversity_detailed;Baseline_V2;3.9622;3.5482;3.2171;3.3497;3.7765
271;uniqueness_detailed;Baseline_V2;3.1078;2.6692;2.9554;2.9369;3.305
271;follow_detailed;Baseline_V2;4.0074;3.3601;3.0699;3.0941;3.5757
271;influence_detailed;Baseline_V2;4.0155;3.0968;3.042;2.9941;3.1188
271;relevance_detailed;Baseline_V2;3.9854;3.7993;3.3371;3.6217;3.4613
271;subjcount_detailed;Baseline_V2;3.9897;3.1113;3.0295;3.0016;3.1898
272;subjpos_detailed;Baseline_V2;3.6844;3.4914;3.7225;3.0981;3.6066
272;diversity_detailed;Baseline_V2;3.5496;3.6706;3.9384;3.2047;3.8896
272;uniqueness_detailed;Baseline_V2;3.0156;3.2604;3.3705;3.0444;3.1925
272;follow_detailed;Baseline_V2;3.8051;3.8511;3.823;3.0774;3.769
272;influence_detailed;Baseline_V2;3.8278;3.8473;3.8465;3.1751;3.8049
272;relevance_detailed;Baseline_V2;3.8009;3.9859;3.9646;3.8064;3.9827
272;subjcount_detailed;Baseline_V2;3.698;3.7707;3.8088;3.0782;3.7765
273;subjpos_detailed;Baseline_V2;4.1328;3.1448;3.1581;3.1588;3.0303
273;diversity_detailed;Baseline_V2;3.803;3.1514;3.2357;3.1479;3.0512
273;uniqueness_detailed;Baseline_V2;3.1312;2.8112;2.9071;2.669;2.7498
273;follow_detailed;Baseline_V2;3.9513;3.5488;3.651;3.4399;3.4847
273;influence_detailed;Baseline_V2;3.9385;3.127;3.0861;3.0852;3.0063
273;relevance_detailed;Baseline_V2;3.8346;3.6731;3.4603;3.543;3.4871
273;subjcount_detailed;Baseline_V2;3.7586;3.0867;3.1306;3.0869;3.0706
274;subjpos_detailed;Baseline_V2;3.8403;3.7795;3.6507;3.1658;3.4215
274;diversity_detailed;Baseline_V2;3.544;3.6756;3.5839;3.2532;3.1185
274;uniqueness_detailed;Baseline_V2;2.9076;3.1232;3.0259;2.978;3.0111
274;follow_detailed;Baseline_V2;3.8433;3.6909;3.7601;3.2134;3.265
274;influence_detailed;Baseline_V2;3.6324;3.6187;3.5608;3.0587;3.025
274;relevance_detailed;Baseline_V2;3.8801;3.8514;3.5666;3.1731;3.3659
274;subjcount_detailed;Baseline_V2;3.597;3.4408;3.5298;3.0875;3.0587
275;subjpos_detailed;Baseline_V2;3.9821;3.6966;3.0987;3.6141;2.9394
275;diversity_detailed;Baseline_V2;3.9909;3.721;3.0896;3.2611;3.1533
275;uniqueness_detailed;Baseline_V2;3.0693;3.1089;2.9212;3.037;2.7429
275;follow_detailed;Baseline_V2;3.9962;3.5587;3.034;3.3716;3.01
275;influence_detailed;Baseline_V2;3.9108;3.6165;3.0214;3.0834;2.993
275;relevance_detailed;Baseline_V2;4.0104;3.8562;3.1069;3.2424;3.4058
275;subjcount_detailed;Baseline_V2;3.9465;3.6486;3.0488;3.1317;3.0084
276;subjpos_detailed;Baseline_V2;3.5062;3.2865;2.9835;3.0876;3.3015
277;subjpos_detailed;Baseline_V2;4.0347;2.6849;2.9389;2.8195;3.3299
276;diversity_detailed;Baseline_V2;3.1897;3.2054;2.8809;3.1018;3.1566
277;diversity_detailed;Baseline_V2;3.7641;3.424;3.3673;3.2109;3.5328
276;uniqueness_detailed;Baseline_V2;3.0128;3.392;2.9517;3.3057;3.2351
277;uniqueness_detailed;Baseline_V2;3.4983;2.7236;2.9485;3.0201;3.1041
276;follow_detailed;Baseline_V2;3.542;3.5365;2.9961;3.2267;3.4663
277;follow_detailed;Baseline_V2;3.9188;3.3113;3.1212;3.0663;3.014
276;influence_detailed;Baseline_V2;3.6691;3.5732;2.7076;3.1322;3.0805
277;influence_detailed;Baseline_V2;3.9156;3.5618;3.1809;2.7016;3.2728
278;subjpos_detailed;Baseline_V2;3.8934;3.4581;3.2794;3.0129;2.8653
279;subjpos_detailed;Baseline_V2;4.0214;3.0883;3.7913;3.6845;3.4841
276;relevance_detailed;Baseline_V2;3.2784;3.8522;3.2602;3.2269;3.4167
277;relevance_detailed;Baseline_V2;3.6636;3.7705;3.7094;3.6494;3.4738
278;diversity_detailed;Baseline_V2;3.4041;3.4655;3.2265;3.042;2.9587
279;diversity_detailed;Baseline_V2;3.9286;3.7932;3.8565;3.735;3.5545
276;subjcount_detailed;Baseline_V2;3.1504;3.1633;2.9637;3.0602;3.1024
277;subjcount_detailed;Baseline_V2;3.875;3.1992;3.1495;3.0678;3.2646
280;subjpos_detailed;Baseline_V2;3.947;3.241;3.2761;3.5673;2.8905
278;uniqueness_detailed;Baseline_V2;3.0265;3.2051;2.9963;2.9876;2.997
279;uniqueness_detailed;Baseline_V2;3.0305;2.9433;3.065;3.1601;3.0664
280;diversity_detailed;Baseline_V2;3.8327;3.1829;3.0389;3.421;3.035
278;follow_detailed;Baseline_V2;3.9845;3.718;3.5077;3.043;3.0657
279;follow_detailed;Baseline_V2;3.9591;3.4934;3.6271;3.3526;3.1911
280;uniqueness_detailed;Baseline_V2;3.0476;3.0224;2.9562;3.0225;1.9808
278;influence_detailed;Baseline_V2;3.7407;3.373;3.3052;3.0681;2.7904
279;influence_detailed;Baseline_V2;3.892;3.2296;3.5936;3.6579;3.3672
280;follow_detailed;Baseline_V2;3.9327;3.0966;3.1463;3.6053;3.0277
278;relevance_detailed;Baseline_V2;3.5465;3.5292;3.2224;3.1538;3.4493
279;relevance_detailed;Baseline_V2;4.105;3.861;3.7033;3.9001;3.4727
280;influence_detailed;Baseline_V2;3.8809;3.1336;3.1232;3.3643;2.9162
278;subjcount_detailed;Baseline_V2;3.6956;3.3046;3.1622;3.0156;2.9607
279;subjcount_detailed;Baseline_V2;3.8878;3.2826;3.6672;3.5179;3.5959
280;relevance_detailed;Baseline_V2;4.076;3.1895;3.0787;3.3637;3.1881
280;subjcount_detailed;Baseline_V2;3.8059;3.0571;3.0459;3.2551;2.988
281;subjpos_detailed;Baseline_V2;3.695;3.3706;3.117;3.0524;3.7522
281;diversity_detailed;Baseline_V2;3.4412;3.1902;3.0987;3.7627;3.9569
281;uniqueness_detailed;Baseline_V2;3.1466;3.1569;3.0154;3.1244;3.7484
281;follow_detailed;Baseline_V2;3.9032;3.4713;3.0942;3.5838;3.949
281;influence_detailed;Baseline_V2;3.8309;3.26;3.2785;3.5634;3.897
281;relevance_detailed;Baseline_V2;3.6423;3.6405;3.2252;3.7572;3.9125
281;subjcount_detailed;Baseline_V2;3.5316;3.1698;3.0525;3.1397;3.8736
282;subjpos_detailed;Baseline_V2;4.6287;2.7725;3.3269;3.6329;3.2094
282;diversity_detailed;Baseline_V2;4.2374;3.8506;3.9424;3.9136;3.9188
282;uniqueness_detailed;Baseline_V2;3.7207;1.2852;1.5763;1.196;1.3459
282;follow_detailed;Baseline_V2;4.0841;3.5031;3.5474;3.5274;3.4646
282;influence_detailed;Baseline_V2;4.3582;3.1225;3.2699;3.3414;3.1274
282;relevance_detailed;Baseline_V2;3.582;3.8527;3.6061;3.7362;3.8502
282;subjcount_detailed;Baseline_V2;3.931;3.0617;3.1916;3.2025;3.216
283;subjpos_detailed;Baseline_V2;3.674;3.5516;3.261;3.215;2.7913
283;diversity_detailed;Baseline_V2;3.765;3.4931;3.3347;3.0798;3.128
283;uniqueness_detailed;Baseline_V2;3.1791;3.1;3.0819;3.0789;2.9038
283;follow_detailed;Baseline_V2;3.8197;3.8355;3.5188;3.1965;3.0705
283;influence_detailed;Baseline_V2;3.5611;3.491;3.5165;3.2391;2.7704
283;relevance_detailed;Baseline_V2;3.5489;3.51;3.1922;3.2195;3.2699
283;subjcount_detailed;Baseline_V2;3.58;3.307;3.2467;3.1177;3.0062
284;subjpos_detailed;Baseline_V2;3.8586;3.6848;3.5695;3.3814;3.4347
284;diversity_detailed;Baseline_V2;3.2113;3.1738;3.4665;3.069;3.377
284;uniqueness_detailed;Baseline_V2;3.1273;2.9958;3.1013;3.0821;3.1267
284;follow_detailed;Baseline_V2;3.7657;3.845;3.5201;3.5827;3.5351
284;influence_detailed;Baseline_V2;3.8242;3.367;3.4737;3.302;3.2431
284;relevance_detailed;Baseline_V2;3.4672;3.5368;3.2766;3.1711;3.1173
284;subjcount_detailed;Baseline_V2;3.5317;3.4214;3.179;3.1209;3.2098
285;subjpos_detailed;Baseline_V2;3.9122;3.4633;3.6072;3.1465;3.7648
285;diversity_detailed;Baseline_V2;3.9748;3.467;3.8792;3.3482;3.5129
285;uniqueness_detailed;Baseline_V2;3.0298;3.1017;3.0657;3.0207;3.2824
285;follow_detailed;Baseline_V2;3.953;3.4778;3.7275;3.2478;3.7374
285;influence_detailed;Baseline_V2;3.9123;3.4527;3.5021;3.0757;3.4976
285;relevance_detailed;Baseline_V2;3.9295;3.8701;3.8164;3.3112;3.5535
285;subjcount_detailed;Baseline_V2;3.8726;3.222;3.3951;3.0661;3.6573
286;subjpos_detailed;Baseline_V2;4.5198;3.3462;2.9899;3.0083;2.9632
286;diversity_detailed;Baseline_V2;3.8996;3.1525;3.0546;3.0496;3.0273
286;uniqueness_detailed;Baseline_V2;3.1507;3.0086;2.2679;1.9769;2.137
287;subjpos_detailed;Baseline_V2;3.9797;3.5206;3.0579;3.0363;2.96
286;follow_detailed;Baseline_V2;4.0279;3.299;3.2345;3.2146;3.3584
287;diversity_detailed;Baseline_V2;3.935;3.8774;3.9034;3.7522;3.8762
286;influence_detailed;Baseline_V2;4.0183;3.1588;2.9594;3.1559;3.1554
287;uniqueness_detailed;Baseline_V2;3.7203;3.4089;2.8038;3.1926;3.1042
286;relevance_detailed;Baseline_V2;4.1323;3.2265;3.5916;3.715;3.8218
287;follow_detailed;Baseline_V2;3.9934;3.6616;3.5553;3.0519;3.2822
286;subjcount_detailed;Baseline_V2;3.987;3.0511;3.1734;3.0607;3.2342
287;influence_detailed;Baseline_V2;4.0039;3.5402;2.9591;2.9308;2.8358
290;subjpos_detailed;Baseline_V2;4.077;3.6541;3.0625;2.8748;3.4622
289;subjpos_detailed;Baseline_V2;3.1693;3.1636;3.2895;3.0232;3.0517
288;subjpos_detailed;Baseline_V2;3.0267;3.9661;3.9728;2.7619;2.8688
287;relevance_detailed;Baseline_V2;3.957;3.9195;3.9303;3.8883;3.9979
290;diversity_detailed;Baseline_V2;3.9781;3.3637;3.0526;3.3257;3.7159
289;diversity_detailed;Baseline_V2;3.1255;3.2368;3.6043;3.0462;3.126
288;diversity_detailed;Baseline_V2;3.2521;3.9736;3.988;3.345;3.4081
287;subjcount_detailed;Baseline_V2;3.9829;3.3255;3.238;3.0266;3.0495
290;uniqueness_detailed;Baseline_V2;3.4724;3.2114;2.9228;3.0064;3.215
289;uniqueness_detailed;Baseline_V2;2.956;3.131;3.1679;2.5483;3.0125
288;uniqueness_detailed;Baseline_V2;2.3412;3.4754;3.7576;3.0219;3.0861
290;follow_detailed;Baseline_V2;3.9955;3.1287;2.9963;3.0366;3.2794
289;follow_detailed;Baseline_V2;3.2587;3.3695;3.6266;3.0;3.1823
288;follow_detailed;Baseline_V2;3.1152;3.952;3.9243;3.065;3.1098
290;influence_detailed;Baseline_V2;3.9975;3.3344;3.0434;2.9367;3.1702
289;influence_detailed;Baseline_V2;3.1266;3.4042;3.4504;2.9967;3.0285
288;influence_detailed;Baseline_V2;2.9891;3.9824;3.9568;2.1823;2.8808
290;relevance_detailed;Baseline_V2;3.9895;3.452;3.2854;3.7553;3.6392
289;relevance_detailed;Baseline_V2;3.1636;3.3936;3.4808;3.0;3.195
288;relevance_detailed;Baseline_V2;3.1686;3.9303;3.9625;3.2716;3.274
290;subjcount_detailed;Baseline_V2;3.9726;3.3394;3.0331;3.023;3.3318
289;subjcount_detailed;Baseline_V2;3.1333;3.1985;3.2528;3.013;3.0434
288;subjcount_detailed;Baseline_V2;3.0236;3.9108;3.8803;2.9322;2.9937
291;subjpos_detailed;Baseline_V2;3.863;3.31;3.5022;2.9535;2.9705
291;diversity_detailed;Baseline_V2;3.9858;3.8152;3.6428;3.3089;3.2676
291;uniqueness_detailed;Baseline_V2;3.797;3.4471;3.0727;3.0798;3.0673
291;follow_detailed;Baseline_V2;3.8068;3.375;3.1547;3.0496;3.0678
291;influence_detailed;Baseline_V2;3.9037;3.2869;3.3348;2.7664;2.8852
291;relevance_detailed;Baseline_V2;3.8315;3.4576;3.1302;3.3312;3.5362
291;subjcount_detailed;Baseline_V2;3.7743;3.2554;3.0862;2.9914;3.0313
292;subjpos_detailed;Baseline_V2;3.0454;3.9728;3.0488;3.0122;3.1135
292;diversity_detailed;Baseline_V2;3.1428;3.9351;3.3038;3.2122;3.3353
292;uniqueness_detailed;Baseline_V2;1.6873;4.0265;2.6608;3.0514;3.0724
292;follow_detailed;Baseline_V2;3.1757;3.8633;3.2031;3.1021;3.3229
292;influence_detailed;Baseline_V2;2.8834;3.9488;2.9851;3.015;3.0617
292;relevance_detailed;Baseline_V2;3.0716;4.0136;3.4045;3.1552;3.4577
292;subjcount_detailed;Baseline_V2;3.0619;3.7572;3.0723;3.0711;3.2533
293;subjpos_detailed;Baseline_V2;3.8872;3.2416;3.7501;3.2731;2.9669
293;diversity_detailed;Baseline_V2;3.9337;3.5957;3.9728;3.2825;3.1847
293;uniqueness_detailed;Baseline_V2;3.102;3.4038;3.4518;3.3851;3.0625
293;follow_detailed;Baseline_V2;3.9706;3.6518;3.8628;3.372;3.2196
293;influence_detailed;Baseline_V2;3.8623;3.2138;3.5526;3.1079;2.9163
293;relevance_detailed;Baseline_V2;3.7614;3.9013;3.7527;3.219;3.5538
293;subjcount_detailed;Baseline_V2;3.8157;3.3028;3.5859;3.1382;3.0231
294;subjpos_detailed;Baseline_V2;3.9311;3.4124;3.8939;3.3004;3.6474
294;diversity_detailed;Baseline_V2;3.9886;3.7726;3.9842;3.7271;3.4746
295;subjpos_detailed;Baseline_V2;3.6738;3.1762;3.3123;3.0891;3.1045
294;uniqueness_detailed;Baseline_V2;3.3798;3.4066;3.4387;3.454;3.0969
295;diversity_detailed;Baseline_V2;3.3365;3.1239;3.1869;3.063;3.0065
294;follow_detailed;Baseline_V2;3.9919;3.5859;3.9945;3.7132;3.6864
295;uniqueness_detailed;Baseline_V2;3.0349;2.919;2.9636;3.063;2.9245
294;influence_detailed;Baseline_V2;3.8379;3.6406;3.8288;3.4876;3.2766
295;follow_detailed;Baseline_V2;3.7163;3.3235;3.4021;3.0831;3.1376
294;relevance_detailed;Baseline_V2;3.9097;3.8467;3.9492;3.8479;3.5904
295;influence_detailed;Baseline_V2;3.5096;3.2556;3.2576;3.0829;3.0974
294;subjcount_detailed;Baseline_V2;3.8375;3.3765;3.7663;3.2397;3.2845
295;relevance_detailed;Baseline_V2;3.3527;3.3824;3.3309;3.0157;3.4059
295;subjcount_detailed;Baseline_V2;3.5651;3.0665;3.1335;3.005;3.0331
296;subjpos_detailed;Baseline_V2;3.5698;3.1056;3.028;3.3146;2.7406
296;diversity_detailed;Baseline_V2;3.3813;3.1329;3.0446;3.1667;3.0246
296;uniqueness_detailed;Baseline_V2;3.1053;2.8982;2.8225;3.3587;2.9991
296;follow_detailed;Baseline_V2;3.6325;3.1584;3.1239;3.439;3.0581
296;influence_detailed;Baseline_V2;3.4886;3.0168;2.3813;3.2319;2.1536
296;relevance_detailed;Baseline_V2;3.3066;3.4061;3.2758;3.3105;3.1433
296;subjcount_detailed;Baseline_V2;3.392;3.0769;3.0625;3.0931;2.9883
297;subjpos_detailed;Baseline_V2;4.3573;3.2721;3.2278;3.1652;2.8069
297;diversity_detailed;Baseline_V2;3.4602;3.224;3.0703;3.0909;2.9958
297;uniqueness_detailed;Baseline_V2;3.3894;3.2291;2.95;3.1714;2.4864
297;follow_detailed;Baseline_V2;4.0305;3.3164;3.1326;3.094;3.0407
297;influence_detailed;Baseline_V2;3.9039;3.3105;3.3912;3.3223;2.8334
297;relevance_detailed;Baseline_V2;3.5446;3.2818;3.1572;3.0659;3.097
297;subjcount_detailed;Baseline_V2;3.531;3.1718;3.1858;3.0541;2.9582
298;subjpos_detailed;Baseline_V2;3.9373;3.4228;3.0426;3.3224;2.654
298;diversity_detailed;Baseline_V2;3.957;3.45;3.1576;3.7739;3.033
298;uniqueness_detailed;Baseline_V2;3.1742;3.0798;2.9861;3.4318;2.9728
298;follow_detailed;Baseline_V2;3.9849;3.501;3.0554;3.871;3.0921
299;subjpos_detailed;Baseline_V2;3.6414;3.5632;3.4792;2.9913;3.5169
298;influence_detailed;Baseline_V2;3.9151;3.3449;2.929;3.5086;2.5832
299;diversity_detailed;Baseline_V2;3.9053;3.8964;3.9005;3.7652;3.537
300;subjpos_detailed;Baseline_V2;3.9662;2.965;3.0764;3.0977;3.2842
298;relevance_detailed;Baseline_V2;3.7378;3.3675;3.3868;3.8516;3.4397
299;uniqueness_detailed;Baseline_V2;3.3712;3.3881;3.3491;2.9531;3.1279
300;diversity_detailed;Baseline_V2;3.9516;3.38;3.1842;3.722;3.5862
298;subjcount_detailed;Baseline_V2;3.8792;3.2608;3.0267;3.3932;3.0131
299;follow_detailed;Baseline_V2;3.8271;3.8811;3.8419;3.2008;3.268
300;uniqueness_detailed;Baseline_V2;3.2952;2.7545;3.0643;3.3515;3.0719
299;influence_detailed;Baseline_V2;3.5858;3.7751;3.6645;3.0212;3.2398
300;follow_detailed;Baseline_V2;3.9923;3.203;3.0356;3.1692;3.2203
299;relevance_detailed;Baseline_V2;3.5971;3.9115;3.6935;3.8831;3.4759
300;influence_detailed;Baseline_V2;3.9714;2.8107;3.0398;3.0933;3.0371
299;subjcount_detailed;Baseline_V2;3.4651;3.3919;3.4832;3.0369;3.1115
300;relevance_detailed;Baseline_V2;3.7985;3.7323;3.1633;3.3475;3.5743
300;subjcount_detailed;Baseline_V2;3.9226;3.0716;3.0355;3.05;3.1369
301;subjpos_detailed;Baseline_V2;3.0201;3.0628;3.0267;3.0135;3.0193
301;diversity_detailed;Baseline_V2;3.2203;3.2931;3.0646;3.1443;3.0579
301;uniqueness_detailed;Baseline_V2;1.9767;2.776;2.8273;2.7409;2.7518
301;follow_detailed;Baseline_V2;3.4591;3.5811;3.5218;3.3371;3.3779
301;influence_detailed;Baseline_V2;3.0025;3.0209;2.9715;2.993;2.9709
301;relevance_detailed;Baseline_V2;2.7876;2.7507;2.6373;2.8012;2.6523
301;subjcount_detailed;Baseline_V2;3.0162;3.0726;3.1287;3.0395;3.0712
302;subjpos_detailed;Baseline_V2;3.712;3.1783;3.3891;3.1363;3.7621
302;diversity_detailed;Baseline_V2;3.9828;4.022;3.8473;3.9584;3.9929
302;uniqueness_detailed;Baseline_V2;3.2346;3.1584;3.0688;3.1989;3.7917
302;follow_detailed;Baseline_V2;3.9431;3.9201;3.8593;3.8731;3.9544
302;influence_detailed;Baseline_V2;3.8172;3.2334;3.6298;3.2809;3.725
302;relevance_detailed;Baseline_V2;4.0112;4.1999;3.6451;4.2169;4.0768
302;subjcount_detailed;Baseline_V2;3.5317;3.2367;3.2882;3.2341;3.6579
303;subjpos_detailed;Baseline_V2;4.1375;3.0303;3.0469;3.0283;3.2306
303;diversity_detailed;Baseline_V2;3.9521;3.9146;3.8897;3.3274;3.7471
303;uniqueness_detailed;Baseline_V2;3.5468;2.908;3.1899;3.3156;3.2587
303;follow_detailed;Baseline_V2;4.0221;3.8388;3.5999;3.0669;3.2159
303;influence_detailed;Baseline_V2;4.0102;3.323;3.0129;3.0362;3.1807
303;relevance_detailed;Baseline_V2;3.9737;3.7197;3.8737;3.4625;3.8561
303;subjcount_detailed;Baseline_V2;3.8226;3.1564;3.0468;3.0135;3.0821
305;subjpos_detailed;Baseline_V2;3.6449;3.089;3.7338;2.9978;3.528
305;diversity_detailed;Baseline_V2;3.3447;3.2807;3.6668;3.144;3.5199
305;uniqueness_detailed;Baseline_V2;3.1019;2.9942;3.1677;3.0143;3.0183
305;follow_detailed;Baseline_V2;3.7733;3.4434;3.8074;3.3558;3.5821
305;influence_detailed;Baseline_V2;3.5576;3.0305;3.8543;2.8564;3.2498
304;subjpos_detailed;Baseline_V2;3.867;3.2779;3.3881;3.2961;3.6982
305;relevance_detailed;Baseline_V2;3.2353;3.6166;3.3135;3.1307;3.6397
304;diversity_detailed;Baseline_V2;3.411;3.6647;3.8758;3.3373;3.9091
305;subjcount_detailed;Baseline_V2;3.59;3.1802;3.7337;3.0393;3.4143
304;uniqueness_detailed;Baseline_V2;3.0289;3.048;3.0542;3.203;3.449
304;follow_detailed;Baseline_V2;3.5439;3.2506;3.4654;3.1242;3.3898
304;influence_detailed;Baseline_V2;3.5369;3.4078;3.5473;3.1852;3.3593
304;relevance_detailed;Baseline_V2;3.771;3.7166;3.7347;3.4716;3.7688
304;subjcount_detailed;Baseline_V2;3.5424;3.3408;3.5513;3.0398;3.3675
306;subjpos_detailed;Baseline_V2;3.4862;3.0563;3.0138;3.6415;3.7059
306;diversity_detailed;Baseline_V2;3.5778;3.5111;2.9743;3.8698;3.8817
306;uniqueness_detailed;Baseline_V2;2.9938;2.9309;2.9404;3.6406;3.4099
306;follow_detailed;Baseline_V2;3.6076;3.1233;2.9898;3.7107;3.858
306;influence_detailed;Baseline_V2;3.4876;2.9862;3.0241;3.8424;3.6255
306;relevance_detailed;Baseline_V2;3.5128;3.8245;2.9703;3.9478;3.9577
306;subjcount_detailed;Baseline_V2;3.4495;2.9988;3.0062;3.5214;3.7009
307;subjpos_detailed;Baseline_V2;3.9716;3.559;2.9725;3.2649;3.3986
307;diversity_detailed;Baseline_V2;3.9765;3.5408;3.0866;3.0695;3.4329
307;uniqueness_detailed;Baseline_V2;3.0774;3.1269;2.4129;3.0525;3.0641
307;follow_detailed;Baseline_V2;3.9858;3.3062;3.1948;3.3339;3.43
307;influence_detailed;Baseline_V2;3.975;3.5122;2.9644;3.1642;3.1218
307;relevance_detailed;Baseline_V2;4.049;3.7185;3.5822;3.3381;3.4643
308;subjpos_detailed;Baseline_V2;3.8815;3.0921;3.3277;3.0695;3.5835
307;subjcount_detailed;Baseline_V2;3.9389;3.1908;3.0058;3.0448;3.2913
308;diversity_detailed;Baseline_V2;3.9832;3.571;3.3496;3.1397;3.6572
308;uniqueness_detailed;Baseline_V2;3.6319;3.1592;3.0287;3.2556;3.2895
308;follow_detailed;Baseline_V2;3.9536;3.4303;3.2884;3.0651;3.4378
308;influence_detailed;Baseline_V2;3.9275;3.0985;3.1668;3.0516;3.3032
308;relevance_detailed;Baseline_V2;3.6856;3.489;3.1884;3.1461;3.3941
308;subjcount_detailed;Baseline_V2;3.8227;3.1263;3.1227;3.0334;3.372
309;subjpos_detailed;Baseline_V2;3.0273;3.2696;3.3458;3.0747;3.9273
309;diversity_detailed;Baseline_V2;2.9242;3.069;3.077;3.0908;3.9556
309;uniqueness_detailed;Baseline_V2;2.6504;2.9784;2.9995;2.9788;3.7618
309;follow_detailed;Baseline_V2;3.0488;3.2581;3.0461;3.0;3.9501
309;influence_detailed;Baseline_V2;2.9518;3.1761;3.4613;3.0419;3.9323
309;relevance_detailed;Baseline_V2;2.9479;3.0062;3.0222;1.0;3.9452
309;subjcount_detailed;Baseline_V2;3.0022;3.0367;3.0594;3.0324;3.9343
310;subjpos_detailed;Baseline_V2;3.9849;3.367;3.4553;3.1284;3.8526
310;diversity_detailed;Baseline_V2;3.8956;3.2586;3.3578;3.1797;3.8669
310;uniqueness_detailed;Baseline_V2;3.1754;3.1559;3.0559;3.08;3.3783
310;follow_detailed;Baseline_V2;4.0445;3.617;3.9466;3.9232;3.9854
310;influence_detailed;Baseline_V2;3.9387;3.2365;3.3927;3.1264;3.5894
310;relevance_detailed;Baseline_V2;3.9396;3.7093;3.6759;3.7267;3.9733
310;subjcount_detailed;Baseline_V2;3.7255;3.0817;3.26;3.151;3.5847
311;subjpos_detailed;Baseline_V2;3.7942;3.9079;2.9134;3.0594;3.7846
311;diversity_detailed;Baseline_V2;3.9117;3.9794;3.9266;3.9404;3.9039
311;uniqueness_detailed;Baseline_V2;3.124;3.8284;2.8743;3.0946;3.4776
311;follow_detailed;Baseline_V2;3.7726;3.9034;3.1762;3.2856;3.4976
311;influence_detailed;Baseline_V2;3.9273;3.831;2.9621;3.0944;3.6056
311;relevance_detailed;Baseline_V2;3.8314;3.9677;3.5975;3.8665;3.9317
311;subjcount_detailed;Baseline_V2;3.6817;3.4835;2.9831;3.0131;3.3329
312;subjpos_detailed;Baseline_V2;3.8654;3.5724;3.0527;3.2424;3.1634
312;diversity_detailed;Baseline_V2;3.9099;3.8844;3.8939;3.8081;3.4545
312;uniqueness_detailed;Baseline_V2;3.2579;3.2577;3.0013;3.4365;3.062
312;follow_detailed;Baseline_V2;3.8828;3.6762;3.4441;3.5472;3.2576
312;influence_detailed;Baseline_V2;3.9121;3.6218;3.1732;3.2417;3.1504
312;relevance_detailed;Baseline_V2;3.8031;3.8738;3.6723;3.8521;3.8037
312;subjcount_detailed;Baseline_V2;3.7029;3.4825;3.1209;3.1309;3.0438
313;subjpos_detailed;Baseline_V2;4.3247;3.1362;3.0517;3.1047;2.9703
313;diversity_detailed;Baseline_V2;3.9664;3.4432;3.2822;3.1333;3.1575
313;uniqueness_detailed;Baseline_V2;3.3741;2.6902;2.6291;3.125;2.6051
313;follow_detailed;Baseline_V2;4.1121;3.7588;3.488;3.0804;3.4514
313;influence_detailed;Baseline_V2;3.9878;3.0579;2.8381;3.0119;2.8798
313;relevance_detailed;Baseline_V2;3.9891;3.7864;3.557;3.1058;3.6155
313;subjcount_detailed;Baseline_V2;3.9293;3.1128;3.0427;3.016;3.0322
314;subjpos_detailed;Baseline_V2;4.1105;3.0016;3.09;3.1595;1.3526
314;diversity_detailed;Baseline_V2;3.9937;3.3271;3.444;3.1902;3.1693
314;uniqueness_detailed;Baseline_V2;3.5585;2.9517;2.9845;3.1513;2.987
314;follow_detailed;Baseline_V2;4.0148;3.2415;3.2059;3.0262;3.3368
314;influence_detailed;Baseline_V2;3.9527;3.046;3.0613;3.0532;2.4676
314;relevance_detailed;Baseline_V2;3.9614;3.3805;3.4502;3.0139;3.8765
314;subjcount_detailed;Baseline_V2;3.9427;3.0168;3.0394;3.0157;2.8626
315;subjpos_detailed;Baseline_V2;3.7832;3.908;3.6543;3.7507;1.5117
315;diversity_detailed;Baseline_V2;3.7053;3.7368;3.8099;3.7923;2.8205
315;uniqueness_detailed;Baseline_V2;2.9685;3.0786;3.0297;3.3245;1.8286
315;follow_detailed;Baseline_V2;3.7555;3.8968;3.5233;3.5963;2.9519
315;influence_detailed;Baseline_V2;3.6502;3.8462;3.4099;3.6555;1.5267
315;relevance_detailed;Baseline_V2;3.6081;3.9063;3.8892;3.8522;2.7299
315;subjcount_detailed;Baseline_V2;3.8088;3.625;3.3226;3.4753;2.1927
316;subjpos_detailed;Baseline_V2;3.9569;3.0057;3.6873;3.5725;3.8368
316;diversity_detailed;Baseline_V2;3.9719;3.5072;3.7703;3.8123;3.9661
316;uniqueness_detailed;Baseline_V2;3.0681;2.2484;3.1448;3.1589;3.5963
316;follow_detailed;Baseline_V2;3.9607;3.5082;3.8828;3.7851;3.8379
316;influence_detailed;Baseline_V2;3.9186;3.0262;3.3544;3.2688;3.4991
316;relevance_detailed;Baseline_V2;3.9417;3.9031;3.9365;3.9032;3.9697
316;subjcount_detailed;Baseline_V2;3.9145;3.0174;3.2876;3.3235;3.7011
317;subjpos_detailed;Baseline_V2;3.0687;3.2467;3.9171;3.0957;3.1043
317;diversity_detailed;Baseline_V2;3.2003;3.8868;3.9562;3.6092;3.4386
317;uniqueness_detailed;Baseline_V2;2.9818;3.0234;3.5748;3.0302;2.9396
317;follow_detailed;Baseline_V2;3.1396;3.5986;3.9491;3.5331;3.4289
318;subjpos_detailed;Baseline_V2;3.9968;3.7995;3.0292;3.2143;2.9827
317;influence_detailed;Baseline_V2;3.02;3.3074;3.8399;3.1506;3.0987
318;diversity_detailed;Baseline_V2;3.9996;3.9781;3.9187;3.7831;3.6913
317;relevance_detailed;Baseline_V2;3.4914;3.9735;3.9675;3.9205;3.887
318;uniqueness_detailed;Baseline_V2;3.1358;3.004;2.7825;3.0784;2.9945
317;subjcount_detailed;Baseline_V2;3.0345;3.3684;3.7734;3.1222;3.0624
318;follow_detailed;Baseline_V2;3.9829;3.8989;3.2547;3.5814;3.0911
318;influence_detailed;Baseline_V2;3.9908;3.8751;3.3922;3.3823;2.8999
320;subjpos_detailed;Baseline_V2;3.8112;3.0642;3.2043;3.1969;3.5987
319;subjpos_detailed;Baseline_V2;3.474;3.4599;3.0278;3.1661;3.0022
318;relevance_detailed;Baseline_V2;3.8779;3.9968;3.9224;3.955;3.9906
320;diversity_detailed;Baseline_V2;3.469;3.6983;3.6246;3.5439;3.7126
319;diversity_detailed;Baseline_V2;3.8882;3.9602;3.6373;3.3431;3.2262
318;subjcount_detailed;Baseline_V2;3.9109;3.7448;3.2225;3.1573;3.0618
320;uniqueness_detailed;Baseline_V2;3.2278;3.0334;3.1365;3.3371;3.196
319;uniqueness_detailed;Baseline_V2;3.1848;3.2952;3.1249;3.3549;3.3078
320;follow_detailed;Baseline_V2;3.8391;3.5325;3.1598;3.0892;3.5027
319;follow_detailed;Baseline_V2;3.7513;3.6142;3.1968;3.1802;3.086
320;influence_detailed;Baseline_V2;3.8146;3.2126;3.1742;3.3158;3.5781
319;influence_detailed;Baseline_V2;3.6738;3.5948;3.0349;3.0779;2.8175
320;relevance_detailed;Baseline_V2;3.7823;3.7124;3.6873;3.7832;3.9419
319;relevance_detailed;Baseline_V2;3.4433;3.7413;3.3537;3.3304;3.2685
320;subjcount_detailed;Baseline_V2;3.7111;3.2297;3.3528;3.1929;3.6053
319;subjcount_detailed;Baseline_V2;3.4986;3.3551;3.0758;3.0546;3.0207
321;subjpos_detailed;Baseline_V2;3.8683;3.5502;3.2937;2.9623;2.9829
321;diversity_detailed;Baseline_V2;3.8937;3.6256;3.5387;3.1486;3.1013
321;uniqueness_detailed;Baseline_V2;3.1668;3.6206;3.0377;2.9491;3.0664
321;follow_detailed;Baseline_V2;3.7262;3.4737;3.3501;3.0335;3.1457
321;influence_detailed;Baseline_V2;3.8452;3.2505;3.1921;2.8461;2.8859
321;relevance_detailed;Baseline_V2;3.6527;3.4803;3.0749;3.2854;3.5587
321;subjcount_detailed;Baseline_V2;3.7824;3.2332;3.1611;3.0088;3.0728
322;subjpos_detailed;Baseline_V2;4.574;3.1285;3.2552;3.0351;3.0973
322;diversity_detailed;Baseline_V2;4.0247;3.5718;3.7478;3.3166;3.1289
322;uniqueness_detailed;Baseline_V2;3.7168;2.9183;3.0303;2.9716;3.1053
322;follow_detailed;Baseline_V2;4.1206;3.707;3.8694;3.284;3.2694
322;influence_detailed;Baseline_V2;4.1024;3.3303;3.4465;3.1462;3.0068
322;relevance_detailed;Baseline_V2;4.3957;3.9899;4.1309;3.7851;3.288
322;subjcount_detailed;Baseline_V2;4.0151;3.2179;3.4273;3.0496;3.0602
323;subjpos_detailed;Baseline_V2;3.9727;3.0321;3.026;3.15;3.0525
323;diversity_detailed;Baseline_V2;3.9512;3.4412;3.6511;3.1998;3.258
323;uniqueness_detailed;Baseline_V2;3.0624;2.6071;2.9423;2.998;2.9691
323;follow_detailed;Baseline_V2;3.9417;3.3198;3.1003;3.0829;3.1094
323;influence_detailed;Baseline_V2;3.8904;3.0964;3.0356;3.0935;3.015
323;relevance_detailed;Baseline_V2;3.8811;3.9302;3.8363;3.2591;3.2691
323;subjcount_detailed;Baseline_V2;3.7832;3.0854;3.0521;3.0412;3.0405
324;subjpos_detailed;Baseline_V2;3.5157;2.8594;2.6588;2.3797;2.6818
324;diversity_detailed;Baseline_V2;3.2059;2.8312;2.2987;2.5028;2.5743
324;uniqueness_detailed;Baseline_V2;2.6928;1.4907;1.3891;1.6962;1.2207
324;follow_detailed;Baseline_V2;3.4098;3.29;3.3252;3.0;3.1443
324;influence_detailed;Baseline_V2;3.3265;2.277;1.8071;1.8399;1.7881
324;relevance_detailed;Baseline_V2;3.2104;3.1612;2.8247;2.9071;2.9977
324;subjcount_detailed;Baseline_V2;3.2167;2.6954;2.4274;2.1904;2.4696
325;subjpos_detailed;Baseline_V2;3.4286;4.0065;2.8396;3.1634;3.4281
325;diversity_detailed;Baseline_V2;3.4155;3.9734;3.5821;3.3756;3.5587
325;uniqueness_detailed;Baseline_V2;2.9218;3.7274;2.8666;3.2039;3.0379
325;follow_detailed;Baseline_V2;3.2029;3.9424;2.9989;3.059;3.1702
325;influence_detailed;Baseline_V2;3.5796;3.927;2.9973;3.1423;3.2335
325;relevance_detailed;Baseline_V2;3.7547;3.9837;3.589;3.495;3.5246
325;subjcount_detailed;Baseline_V2;3.4007;3.9179;3.0082;3.086;3.2655
326;subjpos_detailed;Baseline_V2;4.2271;3.3101;3.389;3.1886;3.2024
326;diversity_detailed;Baseline_V2;4.0019;3.6243;3.6268;3.6445;3.5887
326;uniqueness_detailed;Baseline_V2;3.8933;2.7644;3.1693;3.1284;2.1413
326;follow_detailed;Baseline_V2;4.0763;3.7031;3.5288;3.3422;3.4526
326;influence_detailed;Baseline_V2;4.1692;3.3197;3.1571;3.1575;3.0686
326;relevance_detailed;Baseline_V2;4.0227;3.6777;3.7305;3.8946;3.6056
326;subjcount_detailed;Baseline_V2;3.9762;3.4831;3.3276;3.2474;3.302
327;subjpos_detailed;Baseline_V2;3.9886;3.4974;3.1897;3.0509;3.0629
327;diversity_detailed;Baseline_V2;3.9636;3.9179;3.8616;3.9393;3.9046
327;uniqueness_detailed;Baseline_V2;3.0988;3.3329;3.0685;2.8854;2.9407
328;subjpos_detailed;Baseline_V2;4.0102;3.4231;3.7343;3.5465;3.5286
327;follow_detailed;Baseline_V2;3.993;3.4453;3.1824;3.5688;3.7585
328;diversity_detailed;Baseline_V2;3.7969;3.7441;3.0727;3.6606;3.0944
327;influence_detailed;Baseline_V2;3.9825;3.6194;3.0813;3.2353;3.2791
328;uniqueness_detailed;Baseline_V2;3.0396;3.3038;3.0083;3.5245;3.0387
327;relevance_detailed;Baseline_V2;3.844;3.8968;3.587;3.9176;3.9465
328;follow_detailed;Baseline_V2;3.9483;3.4165;3.4151;3.5255;3.2227
327;subjcount_detailed;Baseline_V2;3.9498;3.264;3.1263;3.041;3.2104
330;subjpos_detailed;Baseline_V2;3.9249;3.254;2.9438;3.6272;3.3975
328;influence_detailed;Baseline_V2;3.98;3.622;3.6174;3.6225;3.1015
330;diversity_detailed;Baseline_V2;3.9226;3.6358;3.2149;3.514;3.2579
329;subjpos_detailed;Baseline_V2;3.7627;3.3388;3.0129;3.1702;3.482
328;relevance_detailed;Baseline_V2;3.98;3.9427;3.4548;3.8251;3.3385
330;uniqueness_detailed;Baseline_V2;3.5512;3.1898;2.9679;3.2596;3.1465
329;diversity_detailed;Baseline_V2;3.8774;3.2428;3.3589;3.0754;3.5588
328;subjcount_detailed;Baseline_V2;3.9271;3.2549;3.3196;3.1944;3.1288
330;follow_detailed;Baseline_V2;3.9707;3.2008;3.057;3.5541;3.387
329;uniqueness_detailed;Baseline_V2;3.0139;2.9723;2.9291;3.0148;3.1506
330;influence_detailed;Baseline_V2;3.9468;3.456;2.6536;3.2449;3.2948
329;follow_detailed;Baseline_V2;3.9217;3.3019;3.1579;3.0464;3.4467
330;relevance_detailed;Baseline_V2;3.9049;3.7138;3.3749;3.7756;3.3248
329;influence_detailed;Baseline_V2;3.9233;3.4472;3.0897;3.1301;3.4101
330;subjcount_detailed;Baseline_V2;3.9291;3.096;3.0025;3.3236;3.1559
329;relevance_detailed;Baseline_V2;3.9111;3.5378;3.372;3.0935;3.696
331;subjpos_detailed;Baseline_V2;3.7382;3.7001;3.1838;3.4266;3.0477
329;subjcount_detailed;Baseline_V2;3.8025;3.2617;3.0804;3.0362;3.4187
331;diversity_detailed;Baseline_V2;3.8194;3.8279;3.2617;3.4282;3.0534
331;uniqueness_detailed;Baseline_V2;3.1329;3.1805;2.9718;3.3213;2.8708
331;follow_detailed;Baseline_V2;3.7881;3.8386;3.4754;3.5815;3.1098
331;influence_detailed;Baseline_V2;3.7415;3.6965;3.2075;3.4631;3.0632
331;relevance_detailed;Baseline_V2;3.6376;3.8546;3.4104;3.4505;3.3577
331;subjcount_detailed;Baseline_V2;3.6076;3.649;3.1619;3.2548;3.0161
332;subjpos_detailed;Baseline_V2;3.9047;3.0084;3.1237;2.9735;3.2003
332;diversity_detailed;Baseline_V2;3.938;3.8957;3.1275;3.4052;3.2398
332;uniqueness_detailed;Baseline_V2;3.2293;3.016;2.9158;2.989;3.068
332;follow_detailed;Baseline_V2;3.9074;3.3306;3.0643;3.0563;3.2492
332;influence_detailed;Baseline_V2;3.9073;3.4029;3.1683;2.977;3.1957
332;relevance_detailed;Baseline_V2;3.8546;3.9536;3.6952;3.9304;3.8244
332;subjcount_detailed;Baseline_V2;3.6805;3.3548;3.0649;3.0299;3.101
333;subjpos_detailed;Baseline_V2;3.9981;3.4139;3.216;3.3913;3.1711
333;diversity_detailed;Baseline_V2;3.7499;3.0392;3.1015;3.2514;3.1175
333;uniqueness_detailed;Baseline_V2;3.1111;3.0158;3.0334;3.2103;3.061
333;follow_detailed;Baseline_V2;3.8376;3.2325;3.0442;3.0981;3.1013
333;influence_detailed;Baseline_V2;3.7497;3.1932;3.2838;3.5208;3.1083
333;relevance_detailed;Baseline_V2;3.9056;3.7544;3.4983;3.4582;3.4287
333;subjcount_detailed;Baseline_V2;3.756;3.0828;3.0438;3.1446;3.0481
334;subjpos_detailed;Baseline_V2;3.4877;3.7199;3.2183;2.9991;3.2871
334;diversity_detailed;Baseline_V2;3.79;3.8895;3.5325;3.5468;3.5794
334;uniqueness_detailed;Baseline_V2;3.2056;3.436;3.0832;3.0759;3.0776
334;follow_detailed;Baseline_V2;3.8502;3.8856;3.7329;3.2142;3.5123
334;influence_detailed;Baseline_V2;3.6392;3.7351;3.3248;3.0167;3.1793
334;relevance_detailed;Baseline_V2;3.5737;3.7808;3.5056;3.4795;3.5039
334;subjcount_detailed;Baseline_V2;3.4794;3.4802;3.1615;3.0385;3.199
335;subjpos_detailed;Baseline_V2;4.4219;3.0722;2.9931;3.0099;3.1653
335;diversity_detailed;Baseline_V2;4.0117;3.3258;3.2564;3.2993;3.4157
335;uniqueness_detailed;Baseline_V2;3.4417;2.9462;2.8307;2.9433;3.0462
335;follow_detailed;Baseline_V2;4.0526;3.226;3.6532;3.3911;3.1488
335;influence_detailed;Baseline_V2;4.0537;3.173;3.1105;2.9848;3.138
335;relevance_detailed;Baseline_V2;4.0459;3.689;4.0176;4.0478;3.3503
335;subjcount_detailed;Baseline_V2;3.9957;3.0807;3.1427;3.0263;3.1344
336;subjpos_detailed;Baseline_V2;3.9451;3.4568;3.3007;2.9913;3.0197
336;diversity_detailed;Baseline_V2;3.9236;3.4976;3.0414;3.5151;3.4662
336;uniqueness_detailed;Baseline_V2;3.4924;3.3545;3.0204;2.2644;2.6983
336;follow_detailed;Baseline_V2;3.8674;3.3058;3.1374;3.0479;3.072
336;influence_detailed;Baseline_V2;3.9298;3.3519;3.1941;3.0196;2.9488
336;relevance_detailed;Baseline_V2;3.9624;3.7894;3.0253;3.7629;3.8346
336;subjcount_detailed;Baseline_V2;3.8238;3.3175;3.0674;3.0101;3.0266
337;subjpos_detailed;Baseline_V2;3.4817;2.0552;3.4848;1.5053;3.5228
337;diversity_detailed;Baseline_V2;3.0077;3.0603;3.1966;2.9477;3.1575
337;uniqueness_detailed;Baseline_V2;3.0022;2.9708;3.0476;2.985;3.0137
337;follow_detailed;Baseline_V2;3.4338;3.0864;3.1841;3.1641;3.2818
337;influence_detailed;Baseline_V2;3.2806;2.9073;3.3861;2.1759;3.4145
337;relevance_detailed;Baseline_V2;3.4458;3.5971;3.4851;3.0;3.2705
337;subjcount_detailed;Baseline_V2;3.1556;2.9395;3.2175;2.333;3.1884
338;subjpos_detailed;Baseline_V2;4.0331;3.8629;3.2502;3.0783;2.5846
338;diversity_detailed;Baseline_V2;3.9061;3.9389;3.2166;3.0932;3.0602
338;uniqueness_detailed;Baseline_V2;3.0674;3.2431;3.0571;3.1288;2.6361
338;follow_detailed;Baseline_V2;4.0067;3.7725;3.188;3.0305;3.0643
338;influence_detailed;Baseline_V2;3.9301;3.7648;3.1376;3.0084;2.7425
338;relevance_detailed;Baseline_V2;4.1602;3.8728;3.3231;3.3069;3.2417
338;subjcount_detailed;Baseline_V2;3.9274;3.6721;3.1771;3.019;2.9987
339;subjpos_detailed;Baseline_V2;4.1055;3.8278;3.7186;3.2896;3.7658
339;diversity_detailed;Baseline_V2;4.0064;3.8512;3.7849;3.3072;3.5146
339;uniqueness_detailed;Baseline_V2;3.6129;3.4538;3.154;3.3066;3.4494
339;follow_detailed;Baseline_V2;3.9931;3.5042;3.7145;3.2295;3.2176
340;subjpos_detailed;Baseline_V2;3.9828;3.431;3.5033;3.0687;3.5418
339;influence_detailed;Baseline_V2;3.9924;3.5962;3.451;3.0935;3.2061
341;subjpos_detailed;Baseline_V2;3.7952;3.4534;3.3049;3.1641;3.0646
340;diversity_detailed;Baseline_V2;3.844;3.2993;3.1863;3.0523;3.2392
339;relevance_detailed;Baseline_V2;4.0927;3.9668;3.9663;3.8032;3.8231
341;diversity_detailed;Baseline_V2;3.5705;3.5647;3.1642;3.0425;3.0947
340;uniqueness_detailed;Baseline_V2;3.2317;3.0982;2.9953;3.0436;3.1627
339;subjcount_detailed;Baseline_V2;3.9655;3.468;3.5048;3.0483;3.0932
341;uniqueness_detailed;Baseline_V2;3.0827;3.089;3.0045;3.0553;3.0127
340;follow_detailed;Baseline_V2;3.9361;3.1677;3.1704;3.0226;3.2196
341;follow_detailed;Baseline_V2;3.8267;3.4463;3.6671;3.273;3.1296
340;influence_detailed;Baseline_V2;3.9575;3.2672;3.4015;2.9991;3.3416
341;influence_detailed;Baseline_V2;3.6003;3.2642;3.2414;3.3108;3.0474
340;relevance_detailed;Baseline_V2;4.0176;3.6547;3.1567;3.2944;3.4791
341;relevance_detailed;Baseline_V2;3.5626;3.6613;3.3705;3.0636;3.1363
340;subjcount_detailed;Baseline_V2;3.8895;3.1023;3.0331;3.0063;3.3953
341;subjcount_detailed;Baseline_V2;3.368;3.1161;3.082;3.0182;3.0126
342;subjpos_detailed;Baseline_V2;3.884;3.1698;3.0508;3.047;3.0042
342;diversity_detailed;Baseline_V2;3.7929;3.5609;3.6684;3.4739;3.5942
342;uniqueness_detailed;Baseline_V2;3.1038;2.9952;2.2444;1.8421;2.1526
342;follow_detailed;Baseline_V2;3.8368;3.4016;3.4799;3.3342;3.4489
342;influence_detailed;Baseline_V2;3.9491;3.3003;2.9158;2.9801;2.9551
342;relevance_detailed;Baseline_V2;4.1015;3.9251;3.9276;3.8912;4.0288
342;subjcount_detailed;Baseline_V2;3.8403;3.0488;3.1846;3.1451;3.2953
343;subjpos_detailed;Baseline_V2;4.24;3.1246;3.2944;3.6032;3.1049
343;diversity_detailed;Baseline_V2;3.9495;3.7779;3.8732;3.7918;3.7907
343;uniqueness_detailed;Baseline_V2;3.7979;2.4949;2.8654;3.0809;3.5355
343;follow_detailed;Baseline_V2;4.1013;3.7617;3.8639;3.6865;3.7998
343;influence_detailed;Baseline_V2;4.0542;3.6452;3.7704;3.7497;3.2667
343;relevance_detailed;Baseline_V2;4.1245;4.2901;4.1825;4.1956;4.1398
343;subjcount_detailed;Baseline_V2;3.9607;3.5261;3.7597;3.5749;3.6122
344;subjpos_detailed;Baseline_V2;4.115;3.2467;3.0257;3.1999;3.3107
344;diversity_detailed;Baseline_V2;4.0353;3.5111;3.7355;3.1164;3.2767
344;uniqueness_detailed;Baseline_V2;3.4687;2.8823;2.9434;3.0914;3.0856
344;follow_detailed;Baseline_V2;4.0182;3.3763;3.1694;3.1114;3.1369
344;influence_detailed;Baseline_V2;4.0039;3.2078;3.0734;3.134;3.1763
344;relevance_detailed;Baseline_V2;3.8752;3.4037;3.4907;3.1237;3.1352
344;subjcount_detailed;Baseline_V2;3.9877;3.2218;3.0803;3.0811;3.0749
345;subjpos_detailed;Baseline_V2;3.3175;3.0408;3.5128;2.8828;2.9458
345;diversity_detailed;Baseline_V2;3.2907;3.2562;3.6371;3.073;3.0966
345;uniqueness_detailed;Baseline_V2;3.0349;3.0143;3.3432;2.3683;2.9315
345;follow_detailed;Baseline_V2;3.506;3.3623;3.7511;3.0562;3.0952
345;influence_detailed;Baseline_V2;3.3031;3.0609;3.533;2.7921;2.9559
345;relevance_detailed;Baseline_V2;3.2002;3.2503;3.3991;3.0;3.0821
345;subjcount_detailed;Baseline_V2;3.154;3.0683;3.2554;3.0;3.0055
346;subjpos_detailed;Baseline_V2;4.0207;3.5057;3.7723;3.0204;3.0194
346;diversity_detailed;Baseline_V2;3.9648;3.7174;3.8728;3.5968;3.6468
346;uniqueness_detailed;Baseline_V2;3.2072;2.9954;3.122;2.8798;2.7958
346;follow_detailed;Baseline_V2;3.9581;3.2675;3.6897;3.0938;3.2885
346;influence_detailed;Baseline_V2;3.968;3.3138;3.7394;3.0933;3.1708
346;relevance_detailed;Baseline_V2;3.9912;3.871;3.8669;3.7735;3.8516
346;subjcount_detailed;Baseline_V2;3.9421;3.3007;3.5312;3.0577;3.2236
347;subjpos_detailed;Baseline_V2;4.0699;3.0585;3.1993;2.9615;2.8751
347;diversity_detailed;Baseline_V2;3.72;3.1498;3.1494;3.0253;3.022
347;uniqueness_detailed;Baseline_V2;3.1492;2.9804;3.0887;2.1084;2.7469
347;follow_detailed;Baseline_V2;3.8311;3.1856;3.3715;3.0277;3.0227
347;influence_detailed;Baseline_V2;3.8441;3.1288;3.1042;2.6448;2.6589
347;relevance_detailed;Baseline_V2;3.6594;3.5185;3.0596;3.081;3.2117
347;subjcount_detailed;Baseline_V2;3.8084;3.09;3.1098;2.9922;2.9983
348;subjpos_detailed;Baseline_V2;4.7741;3.5641;3.1739;2.2453;3.0602
348;diversity_detailed;Baseline_V2;4.0085;3.8554;3.7375;3.5046;3.2062
348;uniqueness_detailed;Baseline_V2;3.7179;3.1075;3.0526;2.9472;2.8453
348;follow_detailed;Baseline_V2;4.1203;3.3382;3.0209;3.1155;2.9945
348;influence_detailed;Baseline_V2;4.2649;3.3965;3.2143;2.8704;3.0227
348;relevance_detailed;Baseline_V2;4.1351;3.7847;3.4442;4.0151;3.1231
348;subjcount_detailed;Baseline_V2;4.0028;3.2072;3.0608;3.029;2.9957
349;subjpos_detailed;Baseline_V2;3.6437;3.9719;2.8443;2.8722;2.697
349;diversity_detailed;Baseline_V2;3.9349;3.9808;3.419;3.5243;3.1631
349;uniqueness_detailed;Baseline_V2;3.2411;3.7904;2.9609;3.1051;3.0051
349;follow_detailed;Baseline_V2;3.8709;3.9595;3.3227;3.2578;3.1078
349;influence_detailed;Baseline_V2;3.5581;3.9179;2.7834;2.9023;2.7259
349;relevance_detailed;Baseline_V2;3.9084;3.9424;3.5155;3.5518;3.4901
350;subjpos_detailed;Baseline_V2;4.2439;3.8384;3.5416;3.3489;3.7546
349;subjcount_detailed;Baseline_V2;3.6495;3.8788;3.0938;3.1013;3.0386
351;subjpos_detailed;Baseline_V2;3.8868;3.7036;3.3923;3.604;2.9962
350;diversity_detailed;Baseline_V2;3.9618;3.9282;3.6043;3.4008;3.4712
351;diversity_detailed;Baseline_V2;3.952;3.9412;3.8497;3.9084;3.4741
350;uniqueness_detailed;Baseline_V2;3.3205;3.4943;3.0859;3.3248;3.0896
351;uniqueness_detailed;Baseline_V2;3.0484;3.4695;3.1891;3.7717;2.8887
350;follow_detailed;Baseline_V2;4.0574;3.8799;3.5397;3.3553;3.5113
351;follow_detailed;Baseline_V2;3.8778;3.7269;3.5551;3.7849;3.0593
350;influence_detailed;Baseline_V2;4.0591;3.7315;3.5501;3.2078;3.6558
351;influence_detailed;Baseline_V2;3.9131;3.6825;3.615;3.3966;2.9585
350;relevance_detailed;Baseline_V2;3.9351;3.8766;3.5131;3.5545;3.8394
351;relevance_detailed;Baseline_V2;4.0593;3.8283;3.7267;3.6017;3.6127
350;subjcount_detailed;Baseline_V2;3.9798;3.5437;3.1774;3.0847;3.2251
351;subjcount_detailed;Baseline_V2;3.8873;3.6202;3.374;3.6613;3.0101
352;subjpos_detailed;Baseline_V2;4.0155;3.4173;3.0145;3.047;3.246
352;diversity_detailed;Baseline_V2;3.9581;3.3797;3.3064;3.0679;3.3756
352;uniqueness_detailed;Baseline_V2;3.4301;3.1527;2.8335;2.9505;3.2074
352;follow_detailed;Baseline_V2;3.9708;3.2676;3.195;2.9908;3.0433
352;influence_detailed;Baseline_V2;3.9942;3.4322;2.8454;3.0;3.0883
352;relevance_detailed;Baseline_V2;3.9669;3.7342;3.8505;3.312;3.5748
352;subjcount_detailed;Baseline_V2;3.9688;3.2123;3.0304;3.0104;3.1092
353;subjpos_detailed;Baseline_V2;3.9115;3.1629;3.0608;3.5896;3.1813
353;diversity_detailed;Baseline_V2;3.884;3.4901;3.091;3.7323;3.8065
353;uniqueness_detailed;Baseline_V2;3.3047;3.0874;3.0644;3.3164;3.1176
353;follow_detailed;Baseline_V2;3.8962;3.4193;3.1276;3.807;3.3424
353;influence_detailed;Baseline_V2;3.8443;3.1548;3.0647;3.6238;3.0887
353;relevance_detailed;Baseline_V2;3.8789;3.7668;3.5142;3.9643;3.9456
353;subjcount_detailed;Baseline_V2;3.8778;3.1572;3.0403;3.4694;3.1577
354;subjpos_detailed;Baseline_V2;3.8166;3.3458;2.9731;2.9384;2.7319
354;diversity_detailed;Baseline_V2;3.5875;3.528;3.2794;3.3293;3.168
354;uniqueness_detailed;Baseline_V2;3.0906;3.143;2.7601;2.3383;2.3783
354;follow_detailed;Baseline_V2;3.9782;3.3411;3.1613;3.1923;3.0955
354;influence_detailed;Baseline_V2;3.7472;3.5968;2.9891;2.7828;2.6486
354;relevance_detailed;Baseline_V2;3.7271;3.3535;3.3582;3.4359;3.4024
354;subjcount_detailed;Baseline_V2;3.6795;3.2056;3.05;3.0326;3.0489
355;subjpos_detailed;Baseline_V2;3.1893;2.957;3.0689;3.0137;3.5951
355;diversity_detailed;Baseline_V2;2.9366;3.1526;3.1319;3.1086;3.9001
355;uniqueness_detailed;Baseline_V2;2.9909;2.9398;2.9797;3.0269;3.0883
355;follow_detailed;Baseline_V2;3.2478;3.2766;3.191;3.1324;3.8472
355;influence_detailed;Baseline_V2;3.0855;2.9283;3.0614;3.0255;3.5194
355;relevance_detailed;Baseline_V2;3.138;3.0;3.0;3.0;3.8166
355;subjcount_detailed;Baseline_V2;3.0956;3.0146;3.0479;3.0211;3.6443
356;subjpos_detailed;Baseline_V2;4.0103;3.2421;3.3113;3.3728;3.2172
356;diversity_detailed;Baseline_V2;3.8818;3.4938;3.576;3.5675;3.5051
356;uniqueness_detailed;Baseline_V2;3.0795;1.3051;1.6292;1.1791;1.3311
356;follow_detailed;Baseline_V2;3.9956;3.8481;3.8989;3.8747;3.8414
356;influence_detailed;Baseline_V2;3.9237;3.6102;3.6822;3.8153;3.576
356;relevance_detailed;Baseline_V2;3.9676;4.1755;4.1102;4.1948;4.2532
356;subjcount_detailed;Baseline_V2;3.8482;3.5178;3.6632;3.6167;3.7067
357;subjpos_detailed;Baseline_V2;3.0987;3.1868;3.2171;3.1103;3.1179
357;diversity_detailed;Baseline_V2;3.31;3.4535;3.4377;3.241;3.3243
357;uniqueness_detailed;Baseline_V2;3.1288;2.982;3.0244;3.2257;3.2827
357;follow_detailed;Baseline_V2;3.6031;3.7204;3.6518;3.5456;3.6264
357;influence_detailed;Baseline_V2;3.2927;3.3809;3.4831;3.3454;3.3081
357;relevance_detailed;Baseline_V2;3.3688;3.4353;3.4198;3.2323;3.3671
357;subjcount_detailed;Baseline_V2;3.3705;3.4561;3.433;3.3762;3.3988
358;subjpos_detailed;Baseline_V2;3.9125;3.2983;3.0192;3.1201;2.6015
358;diversity_detailed;Baseline_V2;3.8175;3.2361;3.1196;3.0361;3.048
358;uniqueness_detailed;Baseline_V2;3.1138;3.077;2.9907;3.038;2.8916
358;follow_detailed;Baseline_V2;3.9351;3.2589;3.1076;3.0742;3.0
358;influence_detailed;Baseline_V2;3.9024;3.1735;3.0358;3.0951;2.6393
358;relevance_detailed;Baseline_V2;3.78;3.5404;3.0844;3.0472;3.2246
358;subjcount_detailed;Baseline_V2;3.7622;3.1119;3.0291;3.016;2.9915
359;subjpos_detailed;Baseline_V2;4.2572;3.2881;2.8733;3.0528;3.1298
359;diversity_detailed;Baseline_V2;4.0138;3.0746;3.1931;3.6673;3.3747
359;uniqueness_detailed;Baseline_V2;3.4778;2.9772;1.3382;1.6927;2.0189
359;follow_detailed;Baseline_V2;4.0205;3.0637;3.4852;3.2943;3.5246
359;influence_detailed;Baseline_V2;4.0553;3.0545;3.1278;3.2667;3.5997
359;relevance_detailed;Baseline_V2;4.1117;3.409;3.8145;3.9728;4.0436
359;subjcount_detailed;Baseline_V2;3.9901;3.0569;3.0289;3.0436;3.2159
360;subjpos_detailed;Baseline_V2;4.0017;3.8517;2.7317;3.6257;3.7879
361;subjpos_detailed;Baseline_V2;3.4719;3.3784;2.9422;3.6231;2.9618
360;diversity_detailed;Baseline_V2;3.9653;3.9605;3.3451;3.6593;3.738
361;diversity_detailed;Baseline_V2;3.2256;3.0799;3.0027;3.6331;3.0073
360;uniqueness_detailed;Baseline_V2;3.3;3.55;2.9603;3.5817;3.3373
361;uniqueness_detailed;Baseline_V2;3.0423;2.9632;2.9039;3.6114;2.6941
360;follow_detailed;Baseline_V2;3.9859;3.9378;2.9076;3.7582;3.8404
361;follow_detailed;Baseline_V2;3.6491;3.3105;3.0398;3.5084;3.1077
360;influence_detailed;Baseline_V2;3.9794;3.7555;2.8573;3.3811;3.5116
361;influence_detailed;Baseline_V2;3.4047;3.3741;2.8116;3.5877;2.9132
360;relevance_detailed;Baseline_V2;3.9722;3.9946;3.3628;3.7878;3.902
361;relevance_detailed;Baseline_V2;3.8352;3.207;3.1654;3.7383;3.1383
360;subjcount_detailed;Baseline_V2;3.9589;3.8324;2.8021;3.4645;3.401
361;subjcount_detailed;Baseline_V2;3.2731;3.1304;2.9955;3.475;2.9911
362;subjpos_detailed;Baseline_V2;3.8245;3.719;3.5521;3.6508;3.6393
362;diversity_detailed;Baseline_V2;3.8073;3.5078;3.7014;3.2831;3.6358
362;uniqueness_detailed;Baseline_V2;3.1365;3.4007;3.0668;3.2397;3.3861
362;follow_detailed;Baseline_V2;3.6307;3.685;3.3754;3.1815;3.2763
362;influence_detailed;Baseline_V2;3.8552;3.7386;3.4936;3.5647;3.4757
362;relevance_detailed;Baseline_V2;3.7367;3.7598;3.8211;3.3802;3.8572
362;subjcount_detailed;Baseline_V2;3.5625;3.359;3.2323;3.0747;3.2479
363;subjpos_detailed;Baseline_V2;3.8224;3.4333;3.4006;2.4121;2.9829
363;diversity_detailed;Baseline_V2;3.9553;3.8479;3.8454;3.203;3.1991
363;uniqueness_detailed;Baseline_V2;3.3698;3.3857;3.2618;3.0478;3.1359
363;follow_detailed;Baseline_V2;3.8908;3.5832;3.6372;3.0;3.0158
363;influence_detailed;Baseline_V2;3.9373;3.6229;3.5192;2.7419;2.926
363;relevance_detailed;Baseline_V2;3.8134;3.6087;3.2984;3.0;3.4048
363;subjcount_detailed;Baseline_V2;3.6882;3.3036;3.2723;2.7826;2.9811
364;subjpos_detailed;Baseline_V2;3.963;3.0889;3.6104;3.0366;3.3575
364;diversity_detailed;Baseline_V2;3.9287;3.2097;3.6995;3.0449;3.4193
364;uniqueness_detailed;Baseline_V2;3.5374;3.3326;3.1853;3.2563;3.147
364;follow_detailed;Baseline_V2;4.0213;3.3741;3.7964;3.037;3.2866
364;influence_detailed;Baseline_V2;4.008;3.135;3.6616;3.1022;3.3114
364;relevance_detailed;Baseline_V2;4.0124;3.6556;3.8457;3.0786;3.3169
364;subjcount_detailed;Baseline_V2;3.8838;3.1968;3.3337;3.0247;3.0748
365;subjpos_detailed;Baseline_V2;3.7448;3.6919;3.0973;3.4198;3.012
365;diversity_detailed;Baseline_V2;3.9537;3.6291;3.3967;3.718;3.8159
365;uniqueness_detailed;Baseline_V2;3.3612;3.229;2.9469;3.6627;3.1905
365;follow_detailed;Baseline_V2;3.8627;3.7313;2.9908;3.6158;3.2913
365;influence_detailed;Baseline_V2;3.8829;3.5366;2.992;3.6017;2.9786
365;relevance_detailed;Baseline_V2;3.8266;3.8776;3.5577;3.5922;3.6847
365;subjcount_detailed;Baseline_V2;3.6523;3.4249;3.0305;3.1906;3.03
366;subjpos_detailed;Baseline_V2;3.6985;2.9986;3.8074;3.1311;3.4021
366;diversity_detailed;Baseline_V2;3.8457;3.7148;3.9597;3.7246;3.7088
366;uniqueness_detailed;Baseline_V2;2.9661;2.8251;3.5399;3.0601;3.2125
366;follow_detailed;Baseline_V2;3.7321;3.2006;3.8212;3.3139;3.3759
366;influence_detailed;Baseline_V2;3.6719;3.2216;3.8667;3.4112;3.3638
366;relevance_detailed;Baseline_V2;3.604;3.7616;3.914;3.5954;3.4074
366;subjcount_detailed;Baseline_V2;3.6438;3.1058;3.7533;3.1182;3.1865
367;subjpos_detailed;Baseline_V2;4.1701;3.5035;3.5685;3.6147;3.2023
367;diversity_detailed;Baseline_V2;3.7919;3.0128;3.5498;3.416;3.0463
367;uniqueness_detailed;Baseline_V2;3.1481;2.8861;3.0705;3.1323;2.815
367;follow_detailed;Baseline_V2;3.9804;3.1996;3.3306;3.5682;3.2952
367;influence_detailed;Baseline_V2;3.9752;3.3984;3.519;3.5551;3.1647
367;relevance_detailed;Baseline_V2;4.1051;3.1389;3.4726;3.4722;3.2834
367;subjcount_detailed;Baseline_V2;3.94;3.1091;3.2282;3.278;3.1159
368;subjpos_detailed;Baseline_V2;3.9239;3.1724;3.5795;3.1388;3.8876
368;diversity_detailed;Baseline_V2;3.2996;3.2117;3.3011;3.0165;3.5684
368;uniqueness_detailed;Baseline_V2;3.1547;2.9911;3.1623;3.0056;3.336
368;follow_detailed;Baseline_V2;3.9492;3.5042;3.8628;3.3747;3.9706
368;influence_detailed;Baseline_V2;3.8888;3.1341;3.5817;3.0332;3.7099
368;relevance_detailed;Baseline_V2;3.7443;3.5483;3.4333;3.3726;3.7803
368;subjcount_detailed;Baseline_V2;3.6527;3.1894;3.4702;3.071;3.6681
369;subjpos_detailed;Baseline_V2;3.7305;2.9852;3.018;3.2281;3.1045
369;diversity_detailed;Baseline_V2;3.6259;3.1018;3.1716;3.248;3.1508
369;uniqueness_detailed;Baseline_V2;3.3626;2.7689;2.9176;3.2424;3.154
369;follow_detailed;Baseline_V2;3.688;3.0611;3.0598;3.1949;3.2137
369;influence_detailed;Baseline_V2;3.6702;2.6943;2.9737;3.3094;3.215
369;relevance_detailed;Baseline_V2;3.6837;3.615;3.4401;3.543;3.4438
369;subjcount_detailed;Baseline_V2;3.5529;3.0217;3.0312;3.0963;3.0803
371;subjpos_detailed;Baseline_V2;3.2925;3.8889;3.0041;3.0642;3.0554
370;subjpos_detailed;Baseline_V2;3.8522;3.7258;3.7682;3.0271;1.4394
371;diversity_detailed;Baseline_V2;3.0925;3.5631;3.348;3.0593;3.0323
370;diversity_detailed;Baseline_V2;3.8832;3.6224;3.916;3.254;3.2023
371;uniqueness_detailed;Baseline_V2;2.9229;3.2083;2.9068;3.0094;2.9016
370;uniqueness_detailed;Baseline_V2;3.0478;3.2182;3.2149;3.2989;2.9721
371;follow_detailed;Baseline_V2;3.3841;3.8006;3.1421;3.1406;3.0298
370;follow_detailed;Baseline_V2;3.9346;3.7186;3.883;2.9923;3.0374
371;influence_detailed;Baseline_V2;3.2114;3.8657;3.0528;3.0229;3.0433
370;influence_detailed;Baseline_V2;3.8697;3.7243;3.8677;3.0754;1.8148
371;relevance_detailed;Baseline_V2;3.1606;3.8505;3.5442;3.108;3.036
370;relevance_detailed;Baseline_V2;3.9851;3.7071;4.0031;3.6194;3.6457
371;subjcount_detailed;Baseline_V2;3.0607;3.7058;3.0493;3.0103;3.0174
370;subjcount_detailed;Baseline_V2;3.7083;3.3713;3.6349;2.9912;3.0011
372;subjpos_detailed;Baseline_V2;3.9978;3.0257;3.2675;3.0605;3.2306
372;diversity_detailed;Baseline_V2;3.7557;3.3585;3.3815;3.0026;3.1424
372;uniqueness_detailed;Baseline_V2;3.1644;2.9059;2.9874;3.0826;2.9898
372;follow_detailed;Baseline_V2;4.0144;3.4207;3.3081;3.0524;3.329
372;influence_detailed;Baseline_V2;3.9181;3.1399;3.2446;3.0806;3.0568
372;relevance_detailed;Baseline_V2;3.9383;3.8636;3.7465;3.5073;3.4673
372;subjcount_detailed;Baseline_V2;3.9151;3.0887;3.0909;3.0018;3.0642
373;subjpos_detailed;Baseline_V2;3.7788;3.4696;3.0215;3.4972;3.479
373;diversity_detailed;Baseline_V2;3.8302;3.5468;3.5558;3.3675;3.7926
373;uniqueness_detailed;Baseline_V2;3.0726;3.0234;2.9732;3.1784;3.3119
373;follow_detailed;Baseline_V2;3.9032;3.5113;3.0717;3.3701;3.2568
373;influence_detailed;Baseline_V2;3.7976;3.2346;3.084;3.6514;3.3672
373;relevance_detailed;Baseline_V2;3.7713;3.5101;3.3707;3.2388;3.4055
373;subjcount_detailed;Baseline_V2;3.7397;3.2487;3.0915;3.1453;3.2723
374;subjpos_detailed;Baseline_V2;3.8505;3.0289;3.5484;3.1353;3.2616
374;diversity_detailed;Baseline_V2;3.7826;3.3713;3.7181;3.3927;3.1315
374;uniqueness_detailed;Baseline_V2;3.0866;2.681;3.122;3.3253;2.9063
374;follow_detailed;Baseline_V2;3.8867;3.2163;3.7385;3.2815;3.2638
374;influence_detailed;Baseline_V2;3.8608;3.0587;3.4194;3.1258;3.0685
374;relevance_detailed;Baseline_V2;3.8339;3.7188;3.6555;3.1862;3.4352
374;subjcount_detailed;Baseline_V2;3.5709;3.0773;3.5424;3.1333;3.0843
375;subjpos_detailed;Baseline_V2;3.7673;3.734;3.0144;3.1345;3.379
375;diversity_detailed;Baseline_V2;3.4181;3.6026;3.2366;3.0618;3.4378
375;uniqueness_detailed;Baseline_V2;3.0641;3.4991;2.9754;3.1429;3.1803
375;follow_detailed;Baseline_V2;3.749;3.8365;3.0261;3.1209;3.3672
375;influence_detailed;Baseline_V2;3.4433;3.7913;2.9567;3.2544;3.2785
375;relevance_detailed;Baseline_V2;3.8679;3.7581;3.2543;3.1272;3.3635
376;subjpos_detailed;Baseline_V2;3.0713;3.0315;3.4501;3.023;3.1763
375;subjcount_detailed;Baseline_V2;3.4989;3.5687;3.0417;3.045;3.2561
376;diversity_detailed;Baseline_V2;3.044;3.3018;3.5596;3.1181;3.1039
376;uniqueness_detailed;Baseline_V2;3.0222;3.0188;3.3609;3.0178;3.0873
376;follow_detailed;Baseline_V2;3.3637;3.2755;3.8868;3.2948;3.3151
376;influence_detailed;Baseline_V2;3.0903;3.0248;3.4166;3.0324;3.1278
376;relevance_detailed;Baseline_V2;3.2129;3.4414;3.6784;3.2585;3.2627
376;subjcount_detailed;Baseline_V2;3.1148;3.1341;3.5078;3.0958;3.1119
377;subjpos_detailed;Baseline_V2;3.8809;3.3071;3.6519;3.2104;2.9958
377;diversity_detailed;Baseline_V2;3.9201;3.739;3.8499;3.4631;3.2278
377;uniqueness_detailed;Baseline_V2;3.3474;3.2257;3.1261;3.2751;2.9501
377;follow_detailed;Baseline_V2;3.9012;3.527;3.8393;3.2252;2.9917
377;influence_detailed;Baseline_V2;3.8357;3.3607;3.6617;3.3127;2.5291
377;relevance_detailed;Baseline_V2;4.0942;3.8361;3.9307;3.4498;3.2685
377;subjcount_detailed;Baseline_V2;3.465;3.1441;3.4422;3.0613;3.0228
378;subjpos_detailed;Baseline_V2;4.0499;3.2317;3.2456;3.1442;2.9769
378;diversity_detailed;Baseline_V2;3.9813;3.1211;3.7178;3.0632;3.6006
378;uniqueness_detailed;Baseline_V2;3.1716;3.0985;3.0318;3.0018;2.6552
378;follow_detailed;Baseline_V2;4.0207;3.1792;3.4217;3.1532;3.3101
379;subjpos_detailed;Baseline_V2;4.0506;3.5841;2.9111;3.137;3.4031
378;influence_detailed;Baseline_V2;4.0314;3.2622;3.2825;3.0874;2.9579
379;diversity_detailed;Baseline_V2;3.9935;3.7379;3.2564;3.0475;3.1804
378;relevance_detailed;Baseline_V2;3.9875;3.7337;3.3485;2.9651;3.9183
379;uniqueness_detailed;Baseline_V2;3.469;3.0999;2.7443;2.9998;3.0166
378;subjcount_detailed;Baseline_V2;3.953;3.0749;3.1345;3.0033;3.0148
379;follow_detailed;Baseline_V2;4.0011;3.4525;3.0;3.0275;3.0428
379;influence_detailed;Baseline_V2;4.0083;3.4927;2.9607;3.0998;3.148
379;relevance_detailed;Baseline_V2;4.0268;3.7026;3.1595;3.0189;3.0156
379;subjcount_detailed;Baseline_V2;3.9661;3.217;2.9824;3.0132;3.0316
380;subjpos_detailed;Baseline_V2;3.6178;3.2937;2.8943;2.9487;2.8766
380;diversity_detailed;Baseline_V2;3.3733;3.5908;3.1042;3.1091;3.0849
381;subjpos_detailed;Baseline_V2;3.8296;3.0335;3.2752;3.1464;3.1245
380;uniqueness_detailed;Baseline_V2;3.2233;3.4518;2.9232;3.0466;2.9646
381;diversity_detailed;Baseline_V2;3.4436;3.2253;3.5325;3.1203;3.1077
380;follow_detailed;Baseline_V2;3.8653;3.825;3.1082;3.0792;3.0703
381;uniqueness_detailed;Baseline_V2;3.6676;3.0874;3.2093;3.2023;3.022
380;influence_detailed;Baseline_V2;3.4717;3.4013;3.003;2.9929;2.9692
381;follow_detailed;Baseline_V2;4.1123;3.4027;3.7256;3.2299;3.2602
380;relevance_detailed;Baseline_V2;3.4311;3.523;3.0643;3.0799;3.1092
381;influence_detailed;Baseline_V2;3.6517;2.9868;3.2213;3.1179;3.0271
380;subjcount_detailed;Baseline_V2;3.4659;3.3895;3.0167;3.008;3.0047
381;relevance_detailed;Baseline_V2;3.3977;3.3603;3.2381;3.1057;3.0918
381;subjcount_detailed;Baseline_V2;3.6347;3.0329;3.1954;3.0535;3.0739
382;subjpos_detailed;Baseline_V2;2.8907;4.1151;2.9108;2.9961;2.9631
382;diversity_detailed;Baseline_V2;3.0343;3.5857;3.0332;3.0625;3.0434
382;uniqueness_detailed;Baseline_V2;1.2472;3.9751;1.5317;1.2217;1.5065
382;follow_detailed;Baseline_V2;3.0629;3.8234;3.0599;3.0413;3.0324
382;influence_detailed;Baseline_V2;2.9513;3.9909;2.9107;3.0095;2.9684
382;relevance_detailed;Baseline_V2;3.3024;3.9852;3.1497;3.1985;3.1082
382;subjcount_detailed;Baseline_V2;3.0137;3.7782;3.0054;3.0134;2.9968
383;subjpos_detailed;Baseline_V2;3.9952;3.6138;3.4795;3.1465;2.9909
383;diversity_detailed;Baseline_V2;3.9396;3.6222;3.3327;3.2047;3.2925
383;uniqueness_detailed;Baseline_V2;3.6794;3.4193;3.3375;3.3239;3.1099
383;follow_detailed;Baseline_V2;4.0655;3.6835;3.2288;3.2697;3.0509
383;influence_detailed;Baseline_V2;4.0052;3.6225;3.4062;3.3068;2.9424
383;relevance_detailed;Baseline_V2;4.0955;3.8757;3.4936;3.4345;3.7569
383;subjcount_detailed;Baseline_V2;3.907;3.3246;3.1872;3.0438;3.0018
384;subjpos_detailed;Baseline_V2;3.5506;3.0497;3.0771;3.2122;3.6602
384;diversity_detailed;Baseline_V2;3.0405;3.2997;3.2782;3.1537;3.5234
384;uniqueness_detailed;Baseline_V2;3.0341;2.9927;2.9956;3.0858;3.1652
384;follow_detailed;Baseline_V2;3.4268;3.2308;3.0913;3.1274;3.5557
384;influence_detailed;Baseline_V2;3.5269;3.0542;3.0474;3.1742;3.257
384;relevance_detailed;Baseline_V2;3.3158;3.5164;3.3098;3.0799;3.7345
384;subjcount_detailed;Baseline_V2;3.4351;3.1304;3.1088;3.0607;3.4362
385;subjpos_detailed;Baseline_V2;3.9285;3.1915;3.2073;3.138;2.8804
385;diversity_detailed;Baseline_V2;3.8825;3.292;3.4789;3.0442;3.2614
385;uniqueness_detailed;Baseline_V2;3.0886;3.0669;3.0539;3.0029;2.9037
385;follow_detailed;Baseline_V2;3.9779;3.2802;3.2752;3.0616;3.0623
385;influence_detailed;Baseline_V2;3.9815;3.2927;3.3675;3.0848;3.0085
386;subjpos_detailed;Baseline_V2;3.0232;3.9084;3.3056;3.6494;3.2571
385;relevance_detailed;Baseline_V2;4.0081;3.7067;3.491;3.4256;3.83
386;diversity_detailed;Baseline_V2;2.9924;3.8319;3.0508;3.4148;3.3681
385;subjcount_detailed;Baseline_V2;3.9124;3.1498;3.1951;3.0408;3.0018
386;uniqueness_detailed;Baseline_V2;2.7633;3.4619;2.9822;3.3011;3.0988
386;follow_detailed;Baseline_V2;2.9295;3.9175;3.0577;3.4704;3.109
386;influence_detailed;Baseline_V2;3.0523;3.8646;3.1919;3.4577;3.106
386;relevance_detailed;Baseline_V2;3.0142;3.949;3.0094;3.4114;3.3438
386;subjcount_detailed;Baseline_V2;2.9996;3.7762;3.0511;3.1107;3.1059
387;subjpos_detailed;Baseline_V2;3.661;3.0638;3.0683;3.3022;2.858
387;diversity_detailed;Baseline_V2;3.6363;3.5061;3.0441;3.4519;3.2142
387;uniqueness_detailed;Baseline_V2;3.0653;2.7774;2.9878;3.203;2.8473
387;follow_detailed;Baseline_V2;3.9392;3.1793;3.1248;3.605;3.1334
387;influence_detailed;Baseline_V2;3.7093;3.0089;3.0836;3.2442;2.5384
387;relevance_detailed;Baseline_V2;3.5118;3.5551;3.1861;3.5126;3.2393
387;subjcount_detailed;Baseline_V2;3.3681;3.0299;3.0314;3.1447;2.979
388;subjpos_detailed;Baseline_V2;3.3043;3.0189;3.1152;3.0301;2.9775
389;subjpos_detailed;Baseline_V2;3.966;3.254;3.115;3.0274;3.0565
388;diversity_detailed;Baseline_V2;3.1545;3.108;2.997;3.0194;3.016
389;diversity_detailed;Baseline_V2;3.9474;3.5892;3.5843;3.7253;3.5887
388;uniqueness_detailed;Baseline_V2;3.0062;2.8122;2.8924;3.019;2.7624
389;uniqueness_detailed;Baseline_V2;3.7891;3.1947;3.0225;3.1752;3.4425
388;follow_detailed;Baseline_V2;3.3085;3.1109;3.0298;3.0089;3.062
389;follow_detailed;Baseline_V2;4.0727;3.5907;3.3824;3.1958;3.5072
388;influence_detailed;Baseline_V2;3.2105;3.0318;3.032;3.003;2.9614
389;influence_detailed;Baseline_V2;4.0306;3.1891;3.1608;3.054;3.0616
388;relevance_detailed;Baseline_V2;3.1512;3.2783;3.0486;3.1168;3.119
389;relevance_detailed;Baseline_V2;4.1364;3.9058;3.7058;3.7052;3.9464
388;subjcount_detailed;Baseline_V2;3.2156;3.0351;3.0456;3.0053;2.9889
389;subjcount_detailed;Baseline_V2;3.9379;3.1687;3.1529;3.0355;3.1216
390;subjpos_detailed;Baseline_V2;3.7365;3.0241;3.2942;2.9359;2.9974
390;diversity_detailed;Baseline_V2;3.425;3.2268;3.3916;3.086;3.0218
390;uniqueness_detailed;Baseline_V2;3.1244;2.972;3.0415;2.2192;2.8485
391;subjpos_detailed;Baseline_V2;3.6105;3.8448;3.2139;2.795;2.9508
390;follow_detailed;Baseline_V2;3.8855;3.5439;3.5427;3.1107;3.1475
391;diversity_detailed;Baseline_V2;3.546;3.8603;3.7492;3.0585;2.9902
390;influence_detailed;Baseline_V2;3.7728;3.1371;3.2943;2.6406;2.7879
391;uniqueness_detailed;Baseline_V2;3.1094;3.8212;3.1787;3.0013;3.0567
390;relevance_detailed;Baseline_V2;3.5399;3.5359;3.28;3.2093;3.4772
391;follow_detailed;Baseline_V2;3.8459;3.9377;3.4036;2.9803;3.0665
390;subjcount_detailed;Baseline_V2;3.4386;3.1222;3.1124;2.9917;3.012
391;influence_detailed;Baseline_V2;3.5938;3.8952;3.4559;1.9997;2.7566
391;relevance_detailed;Baseline_V2;3.6602;3.9842;3.4108;3.0;3.2164
391;subjcount_detailed;Baseline_V2;3.4854;3.8003;3.2541;2.954;2.9957
392;subjpos_detailed;Baseline_V2;3.825;3.3622;3.1488;3.0701;2.9201
392;diversity_detailed;Baseline_V2;3.7703;3.3235;3.0941;3.1005;3.4094
392;uniqueness_detailed;Baseline_V2;3.2002;3.5064;3.0682;3.157;3.0532
392;follow_detailed;Baseline_V2;3.9465;3.4552;3.1273;3.0251;3.1323
392;influence_detailed;Baseline_V2;3.9071;3.2463;3.0604;3.044;2.9489
392;relevance_detailed;Baseline_V2;3.8264;3.5453;3.1452;3.088;3.2329
392;subjcount_detailed;Baseline_V2;3.7647;3.2402;3.0547;3.0192;3.0167
393;subjpos_detailed;Baseline_V2;3.9638;3.649;3.8048;3.5301;2.9781
393;diversity_detailed;Baseline_V2;3.9953;3.8591;3.9379;3.3924;3.1702
393;uniqueness_detailed;Baseline_V2;3.1439;3.2291;3.1072;3.2225;2.9757
393;follow_detailed;Baseline_V2;3.9888;3.6066;3.876;3.2355;3.0946
393;influence_detailed;Baseline_V2;3.9765;3.3262;3.5794;3.3723;2.8472
393;relevance_detailed;Baseline_V2;3.8481;3.8054;3.8786;3.1625;3.1866
393;subjcount_detailed;Baseline_V2;3.8971;3.5106;3.3483;3.0606;2.995
394;subjpos_detailed;Baseline_V2;3.8297;3.4705;3.9301;3.1914;2.9691
394;diversity_detailed;Baseline_V2;3.597;3.405;3.9521;3.5089;3.8735
394;uniqueness_detailed;Baseline_V2;3.1269;3.2697;3.3907;3.323;3.0865
394;follow_detailed;Baseline_V2;3.8078;3.4324;3.9084;3.1936;3.343
394;influence_detailed;Baseline_V2;3.8813;3.5206;3.9383;3.3948;3.1284
394;relevance_detailed;Baseline_V2;3.5493;3.8792;3.9193;3.3168;3.7963
394;subjcount_detailed;Baseline_V2;3.8027;3.3559;3.8277;3.1214;3.1844
395;subjpos_detailed;Baseline_V2;3.942;3.6871;3.5641;3.1579;3.7538
395;diversity_detailed;Baseline_V2;3.6317;3.1177;3.2006;3.0639;3.3311
395;uniqueness_detailed;Baseline_V2;3.0313;2.9887;2.9959;2.9903;3.0971
395;follow_detailed;Baseline_V2;3.8861;3.2143;3.2956;3.1028;3.6227
396;subjpos_detailed;Baseline_V2;2.8236;3.7065;3.3332;3.0523;2.0223
395;influence_detailed;Baseline_V2;3.9238;3.7697;3.4432;3.1803;3.4559
396;diversity_detailed;Baseline_V2;2.879;3.2189;3.2452;2.961;2.8735
395;relevance_detailed;Baseline_V2;3.9137;3.7092;3.2367;3.169;3.6767
396;uniqueness_detailed;Baseline_V2;3.061;3.3182;3.0811;3.0375;3.0197
395;subjcount_detailed;Baseline_V2;3.7695;3.369;3.2472;3.039;3.3616
396;follow_detailed;Baseline_V2;3.1128;3.6891;3.3608;3.254;2.8041
396;influence_detailed;Baseline_V2;2.8317;3.4955;3.4462;3.1187;1.9018
396;relevance_detailed;Baseline_V2;3.0;3.6177;3.3072;3.0743;3.0
396;subjcount_detailed;Baseline_V2;3.0438;3.444;3.2373;3.0225;2.8988
397;subjpos_detailed;Baseline_V2;3.0188;3.0959;3.0477;3.0141;3.7668
397;diversity_detailed;Baseline_V2;3.1392;3.0274;3.1016;3.0461;3.572
397;uniqueness_detailed;Baseline_V2;2.427;3.0161;2.8343;2.6333;4.0479
397;follow_detailed;Baseline_V2;3.1268;3.1542;3.1119;3.0892;3.8698
397;influence_detailed;Baseline_V2;2.856;3.0247;3.0162;3.0367;3.8404
397;relevance_detailed;Baseline_V2;3.1859;3.0844;3.143;3.0771;3.582
397;subjcount_detailed;Baseline_V2;3.0616;3.0657;3.0942;3.0501;3.5795
398;subjpos_detailed;Baseline_V2;3.983;3.6256;3.743;3.188;2.4693
398;diversity_detailed;Baseline_V2;3.6275;3.3454;3.4117;3.1318;2.9712
399;subjpos_detailed;Baseline_V2;3.6595;3.5241;3.1193;3.4577;3.7692
398;uniqueness_detailed;Baseline_V2;3.7163;3.2838;3.2657;3.0704;1.9739
399;diversity_detailed;Baseline_V2;3.6082;3.5807;3.337;3.34;3.8122
398;follow_detailed;Baseline_V2;3.9852;3.5282;3.5911;3.3389;3.0678
399;uniqueness_detailed;Baseline_V2;3.0889;3.1477;2.9822;3.1539;3.502
398;influence_detailed;Baseline_V2;3.9155;3.6251;3.5357;3.1223;2.1717
399;follow_detailed;Baseline_V2;3.8054;3.5319;3.226;3.4884;3.8487
398;relevance_detailed;Baseline_V2;3.7922;3.4198;3.4363;3.1505;3.0
399;influence_detailed;Baseline_V2;3.6434;3.627;3.0398;3.6666;3.4343
398;subjcount_detailed;Baseline_V2;3.735;3.2655;3.2759;3.0313;2.6166
399;relevance_detailed;Baseline_V2;3.7055;3.7444;3.2767;3.4231;3.8887
399;subjcount_detailed;Baseline_V2;3.5764;3.329;3.0185;3.2678;3.5752
400;subjpos_detailed;Baseline_V2;3.6147;3.0805;3.246;3.2306;3.3638
400;diversity_detailed;Baseline_V2;3.8153;3.2666;2.9213;2.997;3.1531
400;uniqueness_detailed;Baseline_V2;3.1246;3.2862;3.0253;3.0184;3.0525
400;follow_detailed;Baseline_V2;3.7956;3.2927;3.1488;3.079;3.488
400;influence_detailed;Baseline_V2;3.6952;3.1341;3.226;3.249;3.3146
400;relevance_detailed;Baseline_V2;3.5975;3.5155;3.4879;3.3869;3.4463
401;subjpos_detailed;Baseline_V2;4.1245;3.1062;3.1947;2.9584;2.9438
400;subjcount_detailed;Baseline_V2;3.78;3.157;3.1215;3.0784;3.2389
401;diversity_detailed;Baseline_V2;3.7504;3.7558;3.5653;3.7113;3.7819
401;uniqueness_detailed;Baseline_V2;3.8264;2.9503;3.0944;3.0415;3.1227
401;follow_detailed;Baseline_V2;3.9982;3.6886;3.0723;3.4047;3.4538
401;influence_detailed;Baseline_V2;3.9723;3.2203;3.1495;3.1323;3.1158
401;relevance_detailed;Baseline_V2;3.6547;3.6266;3.566;3.4864;3.7038
401;subjcount_detailed;Baseline_V2;3.9605;3.3624;3.0943;3.0891;3.3444
402;subjpos_detailed;Baseline_V2;4.0175;3.5292;3.733;3.7193;2.1622
402;diversity_detailed;Baseline_V2;3.9047;3.2058;3.5225;3.1425;2.8951
402;uniqueness_detailed;Baseline_V2;2.9773;3.0668;3.0999;3.1934;1.3265
402;follow_detailed;Baseline_V2;3.9604;3.4017;3.5667;3.5043;3.0809
402;influence_detailed;Baseline_V2;3.9863;3.3369;3.6855;3.2896;2.6812
402;relevance_detailed;Baseline_V2;4.0911;3.6544;3.7663;3.8092;2.7311
402;subjcount_detailed;Baseline_V2;3.895;3.1763;3.2714;3.3169;2.4731
403;subjpos_detailed;Baseline_V2;3.2943;3.9196;3.1438;3.0376;2.1913
403;diversity_detailed;Baseline_V2;3.0759;3.8735;3.095;3.013;2.9738
403;uniqueness_detailed;Baseline_V2;2.9741;3.4111;2.9949;3.021;2.354
403;follow_detailed;Baseline_V2;3.0832;3.7502;3.0825;3.0154;3.1044
403;influence_detailed;Baseline_V2;3.2508;3.941;3.145;3.0575;2.6057
403;relevance_detailed;Baseline_V2;3.1417;3.9841;3.0885;2.9992;3.2719
403;subjcount_detailed;Baseline_V2;3.083;3.8477;3.033;3.0074;2.8597
404;subjpos_detailed;Baseline_V2;3.7038;3.3955;3.4544;3.2554;3.0202
404;diversity_detailed;Baseline_V2;3.2603;3.3508;3.7675;3.3919;3.1436
404;uniqueness_detailed;Baseline_V2;3.0884;3.3668;3.245;3.277;2.9845
404;follow_detailed;Baseline_V2;3.9071;3.548;3.7752;3.1289;3.0163
404;influence_detailed;Baseline_V2;3.7145;3.5059;3.7088;3.4703;3.0093
404;relevance_detailed;Baseline_V2;3.8213;3.8302;3.734;3.6402;3.0911
404;subjcount_detailed;Baseline_V2;3.5723;3.3302;3.5749;3.1566;3.0139
405;subjpos_detailed;Baseline_V2;3.9699;3.1103;3.0722;3.2828;3.8901
405;diversity_detailed;Baseline_V2;3.4983;3.9424;3.3021;3.6252;3.7372
405;uniqueness_detailed;Baseline_V2;3.1413;3.1111;3.0242;3.4325;3.5589
405;follow_detailed;Baseline_V2;3.8051;3.8326;3.1015;3.256;3.8045
406;subjpos_detailed;Baseline_V2;4.0355;3.1042;3.1123;3.4909;3.5176
405;influence_detailed;Baseline_V2;3.8762;3.5797;3.0694;3.3891;3.5606
406;diversity_detailed;Baseline_V2;3.7633;3.1746;2.7023;3.0408;3.0412
405;relevance_detailed;Baseline_V2;3.4006;3.9456;3.4251;3.1661;3.8513
406;uniqueness_detailed;Baseline_V2;3.2536;2.8405;2.9085;3.3952;3.0333
405;subjcount_detailed;Baseline_V2;3.6857;3.2058;3.0821;3.1695;3.614
407;subjpos_detailed;Baseline_V2;3.6843;3.7827;3.5314;1.8269;3.3857
406;follow_detailed;Baseline_V2;3.9743;3.1093;2.9696;3.3734;3.1677
407;diversity_detailed;Baseline_V2;3.8047;3.9252;3.37;3.0596;3.0753
406;influence_detailed;Baseline_V2;3.9677;3.0841;3.0481;3.202;3.3073
407;uniqueness_detailed;Baseline_V2;3.0401;3.6016;3.0189;2.6048;3.1162
406;relevance_detailed;Baseline_V2;4.0433;3.6418;2.9985;3.444;3.5617
407;follow_detailed;Baseline_V2;3.7146;3.7884;3.2456;3.0;3.0762
406;subjcount_detailed;Baseline_V2;3.8966;3.0331;2.9883;3.1991;3.2575
407;influence_detailed;Baseline_V2;3.6925;3.7881;3.5313;2.5087;3.2648
407;relevance_detailed;Baseline_V2;3.8258;3.9689;3.5658;3.1794;3.3418
407;subjcount_detailed;Baseline_V2;3.6899;3.7969;3.2111;2.9816;3.1095
408;subjpos_detailed;Baseline_V2;3.987;3.3556;3.3343;3.1514;2.9428
408;diversity_detailed;Baseline_V2;3.6879;3.7323;3.1228;3.0353;3.0504
408;uniqueness_detailed;Baseline_V2;3.4225;3.204;2.7995;2.8945;2.9495
409;subjpos_detailed;Baseline_V2;4.1999;3.6974;3.1182;2.9084;2.8498
408;follow_detailed;Baseline_V2;3.9506;3.5117;3.0464;3.0652;3.0875
409;diversity_detailed;Baseline_V2;3.9086;3.6279;3.2333;3.3704;3.2458
408;influence_detailed;Baseline_V2;3.9393;3.2874;3.3518;3.095;2.9966
409;uniqueness_detailed;Baseline_V2;3.203;3.0002;2.9133;2.2078;2.4412
408;relevance_detailed;Baseline_V2;3.9426;3.9301;3.2548;3.225;3.8595
409;follow_detailed;Baseline_V2;3.9867;3.4409;3.0421;3.0527;3.1536
408;subjcount_detailed;Baseline_V2;3.8266;3.1807;3.128;3.0379;3.0224
409;influence_detailed;Baseline_V2;3.9463;3.5876;3.1354;3.0814;3.0077
409;relevance_detailed;Baseline_V2;4.1599;3.4377;3.0437;3.5308;3.6777
409;subjcount_detailed;Baseline_V2;3.8572;3.2575;3.0606;2.9912;3.0032
410;subjpos_detailed;Baseline_V2;3.9171;3.2556;3.0155;3.0421;3.0687
410;diversity_detailed;Baseline_V2;3.1523;3.1111;3.1085;3.0113;3.0628
410;uniqueness_detailed;Baseline_V2;3.0653;3.1189;2.9563;2.9848;3.0814
410;follow_detailed;Baseline_V2;3.939;3.1945;3.1035;3.0262;3.0892
410;influence_detailed;Baseline_V2;3.9698;3.1478;3.0059;2.9916;3.015
410;relevance_detailed;Baseline_V2;3.2727;3.2647;3.3737;3.1336;3.2996
410;subjcount_detailed;Baseline_V2;3.9436;3.0926;3.0705;3.009;3.0825
411;subjpos_detailed;Baseline_V2;4.8618;4.0858;3.5752;3.6847;3.1731
411;diversity_detailed;Baseline_V2;4.0055;3.9677;3.9504;3.9392;3.9445
411;uniqueness_detailed;Baseline_V2;3.4127;2.1923;2.1452;1.8344;2.3628
411;follow_detailed;Baseline_V2;4.2423;4.1791;4.0461;4.0429;3.953
411;influence_detailed;Baseline_V2;4.2716;4.2584;4.0593;4.1856;3.9798
411;relevance_detailed;Baseline_V2;4.3776;4.1156;4.0624;4.0957;4.1832
411;subjcount_detailed;Baseline_V2;3.992;3.7377;3.688;3.6036;3.6922
412;subjpos_detailed;Baseline_V2;3.0984;4.1052;3.823;1.949;2.775
412;diversity_detailed;Baseline_V2;3.7294;4.009;3.9299;3.128;3.0774
412;uniqueness_detailed;Baseline_V2;1.7717;3.7467;3.1879;1.592;2.7505
412;follow_detailed;Baseline_V2;3.1491;4.0033;3.9315;3.0638;3.0719
412;influence_detailed;Baseline_V2;3.4446;4.0114;3.7697;2.7732;2.8915
412;relevance_detailed;Baseline_V2;3.7296;4.0096;3.9448;3.3425;3.4579
412;subjcount_detailed;Baseline_V2;3.4922;3.9829;3.7776;2.7938;2.9688
413;subjpos_detailed;Baseline_V2;3.7965;3.0502;3.0203;3.1113;3.8265
413;diversity_detailed;Baseline_V2;3.8216;3.4156;3.2427;3.0155;3.8613
413;uniqueness_detailed;Baseline_V2;3.1921;2.9345;2.9861;3.0699;3.5594
413;follow_detailed;Baseline_V2;3.6946;3.2912;3.214;3.1865;3.8786
413;influence_detailed;Baseline_V2;3.4946;3.0793;3.0595;3.0581;3.778
413;relevance_detailed;Baseline_V2;3.6726;3.5674;3.4677;3.1861;3.9055
413;subjcount_detailed;Baseline_V2;3.5988;3.049;3.0888;3.0124;3.5162
414;subjpos_detailed;Baseline_V2;3.9271;3.6718;3.0301;3.013;3.0062
414;diversity_detailed;Baseline_V2;3.758;3.8491;3.7033;3.5249;3.4665
414;uniqueness_detailed;Baseline_V2;3.3632;3.5492;2.745;2.9814;2.8299
414;follow_detailed;Baseline_V2;3.9629;3.7632;3.4723;3.2677;3.3314
414;influence_detailed;Baseline_V2;3.7832;3.722;2.9423;3.0066;2.888
414;relevance_detailed;Baseline_V2;3.6147;3.5221;3.2336;3.2329;3.3751
414;subjcount_detailed;Baseline_V2;3.6209;3.4165;3.1393;3.0676;3.0843
461;subjpos_detailed;Baseline_V2;3.9126;3.6298;3.5141;3.4093;3.4278
461;diversity_detailed;Baseline_V2;3.9514;3.2027;3.1436;3.5739;3.4891
461;uniqueness_detailed;Baseline_V2;3.1628;2.9228;2.9112;3.2476;3.1661
461;follow_detailed;Baseline_V2;3.9768;3.3341;3.1944;3.2232;3.3901
461;influence_detailed;Baseline_V2;3.9636;3.4851;3.1463;3.2172;3.4746
461;relevance_detailed;Baseline_V2;3.9684;3.4149;3.2972;3.6314;3.3377
461;subjcount_detailed;Baseline_V2;3.9102;3.209;3.0929;3.2884;3.2196
462;subjpos_detailed;Baseline_V2;3.0985;3.7204;3.4015;3.0385;3.0988
462;diversity_detailed;Baseline_V2;3.0941;3.8492;3.8488;3.0236;3.0804
462;uniqueness_detailed;Baseline_V2;2.7638;3.1445;3.1643;3.0383;2.7813
462;follow_detailed;Baseline_V2;3.1188;3.7596;3.4678;3.0213;3.1109
463;subjpos_detailed;Baseline_V2;3.9913;2.9987;3.8025;3.0889;3.5606
462;influence_detailed;Baseline_V2;3.0801;3.8595;3.6608;3.015;3.08
463;diversity_detailed;Baseline_V2;3.7198;3.14;3.5577;3.0531;3.0801
462;relevance_detailed;Baseline_V2;3.0466;3.6145;3.4601;3.0765;2.8518
463;uniqueness_detailed;Baseline_V2;3.1079;2.974;3.0632;3.0311;3.0634
462;subjcount_detailed;Baseline_V2;3.0912;3.6152;3.4684;3.0184;3.0885
463;follow_detailed;Baseline_V2;3.9576;3.0711;3.7772;3.0411;3.1109
463;influence_detailed;Baseline_V2;3.8954;3.0413;3.7353;3.0724;3.3436
463;relevance_detailed;Baseline_V2;3.7926;3.4456;3.3618;3.1671;3.3494
463;subjcount_detailed;Baseline_V2;3.7776;3.0542;3.298;3.0164;3.1595
464;subjpos_detailed;Baseline_V2;4.8896;3.0185;2.9953;3.0921;3.1116
464;diversity_detailed;Baseline_V2;4.1185;3.4178;3.3366;3.4488;3.4482
464;uniqueness_detailed;Baseline_V2;3.4704;2.0785;2.7229;2.9625;2.8483
465;subjpos_detailed;Baseline_V2;4.3127;3.3511;3.4684;2.6964;3.213
464;follow_detailed;Baseline_V2;4.3997;3.2091;3.1881;3.0527;3.0047
465;diversity_detailed;Baseline_V2;4.006;3.2925;3.3239;3.1136;3.1234
464;influence_detailed;Baseline_V2;4.5641;3.0095;2.9738;3.1499;3.0582
466;subjpos_detailed;Baseline_V2;4.0888;3.0358;3.1358;2.8161;2.8793
465;uniqueness_detailed;Baseline_V2;3.5838;2.9707;2.9966;2.8273;3.0727
467;subjpos_detailed;Baseline_V2;4.1065;3.8018;3.2474;3.2293;3.009
464;relevance_detailed;Baseline_V2;4.1249;4.2191;3.8036;3.1065;2.9908
468;subjpos_detailed;Baseline_V2;4.3824;3.3196;3.4986;3.5459;3.6863
466;diversity_detailed;Baseline_V2;3.9307;3.8704;3.9329;3.651;3.715
465;follow_detailed;Baseline_V2;4.0095;3.171;3.1833;2.9716;3.0162
467;diversity_detailed;Baseline_V2;3.9924;3.4073;3.8952;3.6607;3.303
464;subjcount_detailed;Baseline_V2;4.023;3.0191;3.0181;3.0114;3.0161
468;diversity_detailed;Baseline_V2;3.9469;3.203;3.3223;3.3315;3.4299
466;uniqueness_detailed;Baseline_V2;3.3834;2.9986;3.0917;2.9294;3.2835
465;influence_detailed;Baseline_V2;4.0906;3.2658;3.2753;2.8776;3.038
467;uniqueness_detailed;Baseline_V2;3.3557;3.0146;3.1815;3.2882;3.0329
468;uniqueness_detailed;Baseline_V2;3.1549;2.6315;3.0494;3.1938;3.4173
466;follow_detailed;Baseline_V2;4.0219;3.4292;3.1955;3.1744;3.2469
465;relevance_detailed;Baseline_V2;4.0839;3.9094;3.1849;2.7458;3.0552
467;follow_detailed;Baseline_V2;3.9956;3.5155;3.3104;3.1401;3.0704
468;follow_detailed;Baseline_V2;4.0276;3.7295;3.788;3.6164;3.8522
466;influence_detailed;Baseline_V2;3.9481;3.359;3.4931;3.0241;3.0655
465;subjcount_detailed;Baseline_V2;3.9979;3.2298;3.2453;2.9194;3.0362
467;influence_detailed;Baseline_V2;4.0258;3.6839;3.3869;3.6104;2.9689
468;influence_detailed;Baseline_V2;4.0982;3.3626;3.4026;3.4351;3.6947
466;relevance_detailed;Baseline_V2;3.7429;3.7325;3.304;3.1884;3.4757
467;relevance_detailed;Baseline_V2;4.0424;3.6794;3.3558;3.2789;3.5014
468;relevance_detailed;Baseline_V2;4.1406;3.4782;3.1964;3.3924;3.6302
469;subjpos_detailed;Baseline_V2;3.0987;3.9434;2.9164;3.6248;3.463
466;subjcount_detailed;Baseline_V2;3.8134;3.1011;3.2248;3.0088;3.0266
467;subjcount_detailed;Baseline_V2;3.9439;3.3332;3.2069;3.0937;2.9958
468;subjcount_detailed;Baseline_V2;3.9894;3.269;3.2797;3.1168;3.3285
469;diversity_detailed;Baseline_V2;3.0124;3.4867;3.0508;3.2605;3.6483
469;uniqueness_detailed;Baseline_V2;3.0345;3.1146;3.0137;3.5495;3.6438
469;follow_detailed;Baseline_V2;3.0349;3.8822;2.9489;3.3669;3.2828
469;influence_detailed;Baseline_V2;3.022;3.9401;2.8112;3.4752;3.7369
469;relevance_detailed;Baseline_V2;3.0224;3.98;2.7856;3.2738;3.5306
469;subjcount_detailed;Baseline_V2;3.0301;3.6076;2.9699;3.2803;3.325
470;subjpos_detailed;Baseline_V2;3.7829;3.319;3.3611;3.0808;2.1925
470;diversity_detailed;Baseline_V2;3.6945;3.3016;3.3982;3.1066;3.066
470;uniqueness_detailed;Baseline_V2;3.0961;2.9774;3.0301;3.0792;2.4888
470;follow_detailed;Baseline_V2;3.8767;3.5918;3.6952;3.3396;3.0912
470;influence_detailed;Baseline_V2;3.6392;3.1551;3.3303;3.1643;2.7303
470;relevance_detailed;Baseline_V2;3.7124;3.1732;3.1042;3.1477;3.0657
470;subjcount_detailed;Baseline_V2;3.446;3.1521;3.3412;3.0692;2.8995
471;subjpos_detailed;Baseline_V2;3.871;3.2952;3.0647;3.3881;2.3411
471;diversity_detailed;Baseline_V2;3.9208;3.7053;3.3302;3.6647;3.1785
471;uniqueness_detailed;Baseline_V2;3.3564;3.3422;3.0613;3.5651;3.1508
471;follow_detailed;Baseline_V2;4.0175;3.413;3.3299;3.6725;3.0468
471;influence_detailed;Baseline_V2;3.9518;3.5499;3.3341;3.3218;2.8434
471;relevance_detailed;Baseline_V2;3.948;3.9259;3.5418;3.7895;3.6686
471;subjcount_detailed;Baseline_V2;3.8024;3.2023;3.1476;3.3413;3.0286
473;subjpos_detailed;Baseline_V2;2.7816;3.0382;2.6235;3.5803;2.959
472;subjpos_detailed;Baseline_V2;3.934;3.5627;3.4253;2.9673;3.4531
473;diversity_detailed;Baseline_V2;2.9907;3.1991;3.0928;3.4048;3.0951
472;diversity_detailed;Baseline_V2;3.8503;3.3376;3.6806;3.1753;3.3197
473;uniqueness_detailed;Baseline_V2;1.3397;2.9042;2.4852;3.5656;2.6215
472;uniqueness_detailed;Baseline_V2;3.5395;3.2689;3.093;3.0829;3.2863
473;follow_detailed;Baseline_V2;3.143;3.1842;3.194;3.502;3.0704
472;follow_detailed;Baseline_V2;3.9979;3.6226;3.8626;3.1969;3.7213
473;influence_detailed;Baseline_V2;2.3393;3.1879;2.4122;3.656;2.8648
472;influence_detailed;Baseline_V2;3.9773;3.4864;3.6512;2.9554;3.2846
473;relevance_detailed;Baseline_V2;3.1713;3.4491;3.2327;3.4578;3.1112
472;relevance_detailed;Baseline_V2;3.9667;3.8979;3.5237;3.9962;3.7586
473;subjcount_detailed;Baseline_V2;3.0405;3.0975;3.0065;3.3325;3.0297
472;subjcount_detailed;Baseline_V2;3.8763;3.286;3.5081;3.0131;3.2797
474;subjpos_detailed;Baseline_V2;3.0389;3.0619;3.0421;2.9845;2.9891
474;diversity_detailed;Baseline_V2;3.1486;3.0895;2.9979;2.9507;3.0104
474;uniqueness_detailed;Baseline_V2;2.4699;2.9862;2.98;2.7385;2.5553
474;follow_detailed;Baseline_V2;3.0178;3.0721;3.0274;3.0063;2.9677
474;influence_detailed;Baseline_V2;2.6866;2.8918;2.545;2.1159;2.4039
475;subjpos_detailed;Baseline_V2;2.9078;3.9764;2.6919;2.7147;2.7663
474;relevance_detailed;Baseline_V2;1.0;2.1097;1.4103;1.3976;2.2047
475;diversity_detailed;Baseline_V2;3.1019;3.7109;3.1816;3.1201;3.1326
474;subjcount_detailed;Baseline_V2;3.1044;3.1177;3.0621;3.1039;3.1512
475;uniqueness_detailed;Baseline_V2;1.6794;3.5761;2.78;2.6533;2.6789
475;follow_detailed;Baseline_V2;3.0592;3.8661;3.111;3.0779;3.0373
475;influence_detailed;Baseline_V2;2.9888;3.9532;2.9923;2.7039;2.7635
475;relevance_detailed;Baseline_V2;3.086;3.8978;3.1844;3.1161;3.0413
475;subjcount_detailed;Baseline_V2;3.0083;3.6693;3.0144;3.0009;2.9995
476;subjpos_detailed;Baseline_V2;3.9555;2.8906;3.6953;3.6428;3.9346
476;diversity_detailed;Baseline_V2;3.966;3.3031;3.6578;3.1889;3.4644
476;uniqueness_detailed;Baseline_V2;3.2953;2.9296;3.1701;3.4122;3.3726
476;follow_detailed;Baseline_V2;3.9768;3.1684;3.7026;3.4409;3.9169
476;influence_detailed;Baseline_V2;4.0045;3.0277;3.8659;3.499;3.9015
476;relevance_detailed;Baseline_V2;3.9982;3.9734;3.9756;3.5352;3.9573
476;subjcount_detailed;Baseline_V2;3.9706;3.0159;3.8766;3.2438;3.9043
478;subjpos_detailed;Baseline_V2;3.5942;3.2623;3.033;3.005;3.3585
478;diversity_detailed;Baseline_V2;3.5918;3.3476;3.0542;3.0168;3.2284
477;subjpos_detailed;Baseline_V2;4.0732;3.8384;3.7021;3.5915;3.3514
478;uniqueness_detailed;Baseline_V2;3.0203;3.0299;2.8629;2.9985;3.1024
479;subjpos_detailed;Baseline_V2;3.9991;3.8105;2.8573;2.9994;3.8165
477;diversity_detailed;Baseline_V2;3.981;3.5292;3.869;3.3915;3.4409
478;follow_detailed;Baseline_V2;3.7656;3.462;3.0771;3.0163;3.4546
479;diversity_detailed;Baseline_V2;3.9877;3.8831;3.6387;3.74;3.8473
477;uniqueness_detailed;Baseline_V2;3.4773;3.0487;3.1477;3.2133;3.0229
478;influence_detailed;Baseline_V2;3.4423;3.2049;3.0504;3.0365;3.2807
479;uniqueness_detailed;Baseline_V2;3.7941;3.331;2.8424;3.0687;3.5556
480;subjpos_detailed;Baseline_V2;3.1243;3.0375;3.1173;3.9992;2.8646
477;follow_detailed;Baseline_V2;4.0002;3.6543;3.6891;3.5976;3.6386
478;relevance_detailed;Baseline_V2;3.2121;3.1336;3.028;3.004;3.3004
479;follow_detailed;Baseline_V2;3.9269;3.5459;3.1269;3.1209;3.5509
480;diversity_detailed;Baseline_V2;3.1899;3.5845;3.2185;3.9993;3.0768
477;influence_detailed;Baseline_V2;3.9953;3.5939;3.7411;3.6509;3.1157
478;subjcount_detailed;Baseline_V2;3.33;3.1277;3.0343;2.999;3.1756
479;influence_detailed;Baseline_V2;3.9792;3.686;2.9205;2.9908;3.5084
480;uniqueness_detailed;Baseline_V2;2.5587;2.4586;2.9811;3.8724;2.5949
477;relevance_detailed;Baseline_V2;4.0429;3.7399;3.7053;3.4212;3.2736
479;relevance_detailed;Baseline_V2;3.998;3.9331;3.7393;3.9379;3.9735
480;follow_detailed;Baseline_V2;3.0594;3.6692;3.0862;3.9724;3.095
477;subjcount_detailed;Baseline_V2;3.973;3.607;3.6276;3.302;3.1478
479;subjcount_detailed;Baseline_V2;3.9186;3.6882;2.9999;3.0064;3.6121
480;influence_detailed;Baseline_V2;3.0784;3.134;3.153;4.0102;2.7471
480;relevance_detailed;Baseline_V2;3.1783;4.0835;3.1833;4.115;3.5558
481;subjpos_detailed;Baseline_V2;4.5119;3.1908;2.9788;3.0583;2.6474
480;subjcount_detailed;Baseline_V2;3.0349;3.2783;3.013;3.9447;2.9897
481;diversity_detailed;Baseline_V2;3.9971;3.5301;3.7223;3.4497;3.3251
481;uniqueness_detailed;Baseline_V2;3.6254;3.05;2.0642;2.2309;1.5754
481;follow_detailed;Baseline_V2;4.3163;3.2677;3.7409;3.7182;3.8261
481;influence_detailed;Baseline_V2;4.2519;3.3994;3.1895;3.1513;3.0549
481;relevance_detailed;Baseline_V2;4.4163;3.1282;3.0;3.9977;3.8839
481;subjcount_detailed;Baseline_V2;3.9931;3.1384;2.998;3.0143;2.9642
483;subjpos_detailed;Baseline_V2;4.0905;3.1302;3.1488;3.0563;3.2502
483;diversity_detailed;Baseline_V2;3.9182;3.6648;3.7159;3.095;3.6764
483;uniqueness_detailed;Baseline_V2;3.5647;3.0862;3.0308;3.0679;3.3963
483;follow_detailed;Baseline_V2;4.0456;3.687;3.833;3.1742;3.4827
483;influence_detailed;Baseline_V2;4.0159;3.2231;3.0999;3.0663;3.0894
483;relevance_detailed;Baseline_V2;3.9015;3.7232;3.5574;3.4991;3.7806
483;subjcount_detailed;Baseline_V2;3.9158;3.2871;3.2217;3.0343;3.2175
482;subjpos_detailed;Baseline_V2;3.5939;3.3742;3.6721;3.6598;3.1763
482;diversity_detailed;Baseline_V2;3.5811;3.3403;3.5969;3.4502;3.1432
482;uniqueness_detailed;Baseline_V2;3.0169;3.1468;3.0387;3.3131;2.9961
482;follow_detailed;Baseline_V2;3.8164;3.4294;3.6148;3.6382;3.1544
482;influence_detailed;Baseline_V2;3.7503;3.3807;3.5327;3.6082;3.0973
482;relevance_detailed;Baseline_V2;3.8614;3.4504;3.7453;3.5967;3.0616
482;subjcount_detailed;Baseline_V2;3.574;3.2593;3.3941;3.271;3.0826
484;subjpos_detailed;Baseline_V2;3.633;3.5441;3.1799;3.0;3.0
484;diversity_detailed;Baseline_V2;3.0131;3.2931;3.0395;3.0684;3.0861
484;uniqueness_detailed;Baseline_V2;3.0219;3.0725;3.041;3.0252;3.0099
484;follow_detailed;Baseline_V2;3.4526;3.8696;3.2714;3.124;3.1467
484;influence_detailed;Baseline_V2;3.4834;3.5361;3.1483;2.9723;2.9805
484;relevance_detailed;Baseline_V2;3.137;3.5475;3.0696;3.1317;3.1864
485;subjpos_detailed;Baseline_V2;3.9578;3.8534;3.029;3.1221;3.2136
484;subjcount_detailed;Baseline_V2;3.3629;3.4077;3.1384;3.0404;3.0336
485;diversity_detailed;Baseline_V2;3.8625;3.8044;3.0493;3.0602;3.0526
486;subjpos_detailed;Baseline_V2;4.2121;3.0436;3.7319;3.1686;2.9205
485;uniqueness_detailed;Baseline_V2;3.0321;3.4086;2.8406;2.941;2.9306
486;diversity_detailed;Baseline_V2;3.8782;3.379;3.2921;3.0923;3.0385
485;follow_detailed;Baseline_V2;3.9404;3.7774;3.0178;3.0593;3.0694
486;uniqueness_detailed;Baseline_V2;3.0539;2.4379;3.0113;2.9811;1.9554
485;influence_detailed;Baseline_V2;3.9812;3.8635;3.0218;3.0766;3.0338
486;follow_detailed;Baseline_V2;3.9816;3.0962;3.4267;3.0365;3.0249
485;relevance_detailed;Baseline_V2;4.0087;3.8723;3.0543;3.4735;3.1673
486;influence_detailed;Baseline_V2;4.0165;3.3738;3.8688;3.1689;3.0105
485;subjcount_detailed;Baseline_V2;3.8973;3.5546;3.031;3.0549;3.0375
486;relevance_detailed;Baseline_V2;4.1094;3.721;3.4125;3.2351;3.1817
486;subjcount_detailed;Baseline_V2;3.9215;3.1477;3.4926;3.0093;3.0005
487;subjpos_detailed;Baseline_V2;4.0744;3.0106;3.1745;3.9384;2.3181
487;diversity_detailed;Baseline_V2;3.9748;3.6956;3.4676;3.9504;3.0728
487;uniqueness_detailed;Baseline_V2;3.1345;2.9406;3.0169;3.8197;2.4739
487;follow_detailed;Baseline_V2;4.0036;3.4435;3.1425;3.9058;3.0756
487;influence_detailed;Baseline_V2;3.9482;3.0367;3.1692;3.8697;2.6118
487;relevance_detailed;Baseline_V2;3.9764;3.9054;3.4299;3.9829;3.2137
487;subjcount_detailed;Baseline_V2;3.918;3.0689;3.1254;3.8096;2.9656
488;subjpos_detailed;Baseline_V2;3.4678;3.309;3.9261;3.4867;3.3238
488;diversity_detailed;Baseline_V2;3.5072;3.2538;3.7683;3.8516;3.4779
488;uniqueness_detailed;Baseline_V2;3.1163;3.082;3.0704;3.145;3.0584
488;follow_detailed;Baseline_V2;3.7618;3.3998;3.8749;3.5932;3.4431
489;subjpos_detailed;Baseline_V2;3.766;3.9253;2.9632;2.9665;2.7088
488;influence_detailed;Baseline_V2;3.7264;3.3748;3.9082;3.4327;3.2344
489;diversity_detailed;Baseline_V2;3.7962;3.89;3.2644;3.263;3.2075
488;relevance_detailed;Baseline_V2;3.3885;3.3432;3.8004;3.8382;3.3401
489;uniqueness_detailed;Baseline_V2;3.0545;3.5593;2.8349;2.952;2.3471
488;subjcount_detailed;Baseline_V2;3.2836;3.1622;3.7443;3.176;3.1262
490;subjpos_detailed;Baseline_V2;3.0242;4.2097;3.8316;3.0579;3.4436
489;follow_detailed;Baseline_V2;3.9326;3.9066;3.0452;3.0095;3.0118
490;diversity_detailed;Baseline_V2;3.6161;3.9959;3.7925;3.0326;3.3938
489;influence_detailed;Baseline_V2;3.9691;3.9681;3.0387;3.1096;3.0001
490;uniqueness_detailed;Baseline_V2;2.7317;3.887;3.1666;3.0174;3.1444
491;subjpos_detailed;Baseline_V2;4.066;3.2859;3.6129;3.0375;3.4912
489;relevance_detailed;Baseline_V2;4.0594;3.8913;3.2243;3.2016;3.2107
490;follow_detailed;Baseline_V2;3.1802;4.0351;3.5955;2.9963;3.0508
491;diversity_detailed;Baseline_V2;3.9888;3.8546;3.2457;3.2357;3.7597
489;subjcount_detailed;Baseline_V2;3.8508;3.6779;3.0045;3.008;3.0027
490;influence_detailed;Baseline_V2;3.0256;4.0316;3.8316;3.0792;3.1307
491;uniqueness_detailed;Baseline_V2;3.4724;2.8962;3.0135;3.2086;3.1399
490;relevance_detailed;Baseline_V2;3.4861;3.9824;3.6568;3.0668;3.0636
491;follow_detailed;Baseline_V2;3.9916;3.5423;3.1372;3.1684;3.7318
490;subjcount_detailed;Baseline_V2;3.0664;3.9743;3.5916;3.0035;3.1179
491;influence_detailed;Baseline_V2;4.008;3.825;3.6211;3.1937;3.4659
491;relevance_detailed;Baseline_V2;4.0588;3.9185;3.7935;3.6868;3.8782
491;subjcount_detailed;Baseline_V2;3.9837;3.598;3.1979;3.0689;3.515
492;subjpos_detailed;Baseline_V2;4.239;3.387;2.8083;2.9768;2.8665
492;diversity_detailed;Baseline_V2;3.9534;3.5611;3.1109;3.0506;3.029
492;uniqueness_detailed;Baseline_V2;3.574;3.3361;1.6352;1.5959;2.2795
492;follow_detailed;Baseline_V2;3.9544;3.5402;3.2151;3.1137;3.1791
492;influence_detailed;Baseline_V2;3.9726;3.329;2.9207;2.9518;2.6678
492;relevance_detailed;Baseline_V2;3.9434;3.764;3.3436;3.435;3.5201
492;subjcount_detailed;Baseline_V2;3.9502;3.1602;3.0794;3.0261;3.0821
493;subjpos_detailed;Baseline_V2;3.8096;3.8062;3.0981;3.1434;3.1818
493;diversity_detailed;Baseline_V2;3.6606;3.8322;3.1249;3.1159;3.0858
493;uniqueness_detailed;Baseline_V2;2.987;3.2079;3.003;3.0181;2.9712
493;follow_detailed;Baseline_V2;3.7022;3.8496;3.063;3.1327;3.1323
493;influence_detailed;Baseline_V2;3.8497;3.9265;3.1381;3.3385;3.0997
493;relevance_detailed;Baseline_V2;3.7949;3.9389;3.3159;3.2998;3.1113
493;subjcount_detailed;Baseline_V2;3.6531;3.746;3.0585;3.0585;3.0432
494;subjpos_detailed;Baseline_V2;3.4273;3.8968;3.5081;3.1115;2.8184
494;diversity_detailed;Baseline_V2;3.6379;3.9611;3.7927;3.0584;3.0224
494;uniqueness_detailed;Baseline_V2;2.9507;3.7044;3.1021;3.0256;2.1048
494;follow_detailed;Baseline_V2;3.559;3.9374;3.6228;3.0342;3.0314
494;influence_detailed;Baseline_V2;3.5264;3.8298;3.3719;3.0653;2.9415
494;relevance_detailed;Baseline_V2;3.5051;3.914;3.7464;3.0483;3.057
494;subjcount_detailed;Baseline_V2;3.3927;3.7;3.3244;3.0208;2.9715
495;subjpos_detailed;Baseline_V2;3.7336;3.0095;3.4582;2.9591;3.9229
495;diversity_detailed;Baseline_V2;3.8884;3.6053;3.7622;3.4765;3.9256
495;uniqueness_detailed;Baseline_V2;3.0958;2.9106;3.381;2.9808;3.4462
495;follow_detailed;Baseline_V2;3.8963;3.2127;3.4044;3.1383;3.8889
496;subjpos_detailed;Baseline_V2;3.2728;3.3828;3.2309;3.0733;3.0714
495;influence_detailed;Baseline_V2;3.7733;3.0991;3.431;3.0929;3.7565
496;diversity_detailed;Baseline_V2;3.2194;3.5682;3.5812;3.0779;3.0655
495;relevance_detailed;Baseline_V2;3.8911;3.8111;3.7314;3.6215;3.9185
496;uniqueness_detailed;Baseline_V2;3.0048;3.4927;3.1333;2.9453;3.0783
495;subjcount_detailed;Baseline_V2;3.7359;3.1557;3.2285;3.0213;3.611
496;follow_detailed;Baseline_V2;3.6177;3.6887;3.5073;3.1246;3.1345
496;influence_detailed;Baseline_V2;3.3451;3.6514;3.2226;3.1848;3.0506
496;relevance_detailed;Baseline_V2;3.8015;3.8312;3.498;3.3776;3.6648
496;subjcount_detailed;Baseline_V2;3.3429;3.5011;3.3415;3.0836;3.1049
497;subjpos_detailed;Baseline_V2;3.9887;3.0185;3.1283;3.0709;3.0429
497;diversity_detailed;Baseline_V2;3.9807;3.5817;3.4479;3.187;3.4559
497;uniqueness_detailed;Baseline_V2;3.7205;3.0767;3.1723;3.2058;3.1959
497;follow_detailed;Baseline_V2;4.0298;3.1884;3.3637;3.2652;3.5276
497;influence_detailed;Baseline_V2;3.9537;3.0133;3.1817;3.2641;3.0643
497;relevance_detailed;Baseline_V2;4.0212;3.8479;3.3943;3.2168;3.5306
497;subjcount_detailed;Baseline_V2;3.9381;3.0568;3.1085;3.0739;3.071
498;subjpos_detailed;Baseline_V2;3.1667;3.2771;3.1913;3.2493;3.4849
498;diversity_detailed;Baseline_V2;3.4695;3.6713;3.6067;3.5513;3.6486
498;uniqueness_detailed;Baseline_V2;3.0417;3.0752;3.1594;2.9265;3.2913
498;follow_detailed;Baseline_V2;3.5951;3.8994;3.6188;3.9052;3.9636
498;influence_detailed;Baseline_V2;3.4033;3.4613;3.2679;3.405;3.6054
498;relevance_detailed;Baseline_V2;3.0;3.4003;3.4313;3.3245;3.7702
498;subjcount_detailed;Baseline_V2;3.1321;3.2363;3.2197;3.2105;3.3921
499;subjpos_detailed;Baseline_V2;3.6193;3.5298;3.113;3.0173;3.021
499;diversity_detailed;Baseline_V2;3.3554;3.4328;3.2712;3.1415;3.09
499;uniqueness_detailed;Baseline_V2;3.0967;3.2222;3.0336;3.0752;3.0032
499;follow_detailed;Baseline_V2;3.8913;3.6372;3.4048;3.2212;3.2507
499;influence_detailed;Baseline_V2;3.6245;3.5013;3.167;3.0187;3.0107
499;relevance_detailed;Baseline_V2;3.3058;3.7408;3.2974;3.2214;3.1496
499;subjcount_detailed;Baseline_V2;3.4072;3.3515;3.1696;3.0123;3.029
500;subjpos_detailed;Baseline_V2;3.5392;3.6171;3.067;3.2169;3.829
500;diversity_detailed;Baseline_V2;3.7558;3.9379;3.3671;3.5848;3.9855
500;uniqueness_detailed;Baseline_V2;3.0372;3.6287;3.0418;3.6317;3.7298
500;follow_detailed;Baseline_V2;3.4804;3.8064;3.1527;3.3269;3.9366
501;subjpos_detailed;Baseline_V2;3.9659;3.2989;3.4924;3.5586;3.1931
500;influence_detailed;Baseline_V2;3.5816;3.6933;3.1226;3.3238;3.8854
501;diversity_detailed;Baseline_V2;3.952;3.7027;3.6638;3.7124;3.4476
502;subjpos_detailed;Baseline_V2;3.1427;3.2095;3.2989;3.0592;3.144
500;relevance_detailed;Baseline_V2;3.5794;3.8035;3.2553;3.594;3.9
501;uniqueness_detailed;Baseline_V2;3.4471;3.1299;2.993;3.4637;3.0308
502;diversity_detailed;Baseline_V2;3.3271;3.4028;3.3902;3.2573;3.2597
500;subjcount_detailed;Baseline_V2;3.3375;3.5121;3.0968;3.1232;3.7349
501;follow_detailed;Baseline_V2;3.9711;3.3935;3.3983;3.5983;3.2159
502;uniqueness_detailed;Baseline_V2;3.5114;3.1443;2.8918;3.1749;3.3812
503;subjpos_detailed;Baseline_V2;4.0436;3.6014;3.4315;3.145;3.4809
501;influence_detailed;Baseline_V2;3.9594;3.3229;3.7579;3.5348;3.3009
502;follow_detailed;Baseline_V2;3.1974;3.2822;3.2775;3.1374;3.2155
503;diversity_detailed;Baseline_V2;4.0031;3.7906;3.486;3.445;3.7747
501;relevance_detailed;Baseline_V2;3.9603;3.6673;3.3496;3.8088;3.7286
502;influence_detailed;Baseline_V2;3.0423;3.1413;3.1523;3.0414;3.0885
503;uniqueness_detailed;Baseline_V2;3.3204;3.1419;3.0618;3.0645;3.0449
501;subjcount_detailed;Baseline_V2;3.9197;3.3253;3.391;3.3094;3.21
502;relevance_detailed;Baseline_V2;3.1586;3.1804;3.2148;3.1172;3.0891
503;follow_detailed;Baseline_V2;3.9819;3.7118;3.4896;3.1269;3.5312
502;subjcount_detailed;Baseline_V2;3.2392;3.3143;3.343;3.1998;3.2542
503;influence_detailed;Baseline_V2;3.9975;3.6057;3.3683;3.0972;3.5121
503;relevance_detailed;Baseline_V2;4.0309;3.8207;3.3901;3.1296;3.6005
503;subjcount_detailed;Baseline_V2;3.9479;3.3697;3.23;3.0261;3.2452
504;subjpos_detailed;Baseline_V2;3.9128;3.7334;3.6666;3.3718;2.8815
504;diversity_detailed;Baseline_V2;3.7167;3.1437;3.4445;3.2631;3.0464
504;uniqueness_detailed;Baseline_V2;3.1316;3.4949;3.1659;3.5862;2.9921
504;follow_detailed;Baseline_V2;3.8509;3.7855;3.7198;3.4403;3.0266
504;influence_detailed;Baseline_V2;3.7244;3.4539;3.4326;3.2658;2.9368
504;relevance_detailed;Baseline_V2;3.8992;3.7311;3.6983;3.3766;3.5928
504;subjcount_detailed;Baseline_V2;3.8211;3.446;3.2404;3.1167;2.9737
505;subjpos_detailed;Baseline_V2;3.6318;3.4371;3.548;3.0;2.8658
505;diversity_detailed;Baseline_V2;3.4114;3.6014;3.6992;3.085;3.1109
505;uniqueness_detailed;Baseline_V2;3.0651;3.3331;3.2663;2.6481;2.9222
505;follow_detailed;Baseline_V2;3.8063;3.7758;3.8839;3.0792;3.056
506;subjpos_detailed;Baseline_V2;3.9659;2.9684;3.6301;3.0231;3.77
505;influence_detailed;Baseline_V2;3.4162;3.5043;3.6086;2.681;2.8774
506;diversity_detailed;Baseline_V2;3.7911;3.0931;3.7655;3.0935;3.4367
505;relevance_detailed;Baseline_V2;3.4498;3.5446;3.6384;3.1473;3.2597
506;uniqueness_detailed;Baseline_V2;3.2438;2.7147;3.1375;3.1168;3.4284
505;subjcount_detailed;Baseline_V2;3.1446;3.2277;3.3909;3.0096;2.9979
506;follow_detailed;Baseline_V2;3.8681;3.1384;3.5914;3.0689;3.7694
506;influence_detailed;Baseline_V2;3.8896;2.9575;3.4314;2.9911;3.2606
506;relevance_detailed;Baseline_V2;3.875;3.5979;3.6179;3.4717;3.802
506;subjcount_detailed;Baseline_V2;3.7601;3.0242;3.1411;3.0199;3.5035
507;subjpos_detailed;Baseline_V2;4.1653;3.1413;3.0927;3.0455;3.7115
507;diversity_detailed;Baseline_V2;3.7831;3.1902;3.5245;3.2869;3.2313
507;uniqueness_detailed;Baseline_V2;3.6462;3.0363;2.9685;3.1328;3.236
507;follow_detailed;Baseline_V2;4.0033;3.2929;3.2147;3.0474;3.2644
507;influence_detailed;Baseline_V2;3.9859;3.2008;3.0392;3.0011;3.601
507;relevance_detailed;Baseline_V2;3.9857;3.6579;3.8042;3.9609;3.739
507;subjcount_detailed;Baseline_V2;3.9561;3.0639;3.0838;2.9989;3.1997
508;subjpos_detailed;Baseline_V2;3.2426;3.284;3.8217;2.9419;3.1212
508;diversity_detailed;Baseline_V2;3.7479;3.9251;3.9253;3.2892;3.293
508;uniqueness_detailed;Baseline_V2;2.8942;2.9564;3.6921;2.3428;2.9687
508;follow_detailed;Baseline_V2;3.5853;3.872;3.9386;3.0971;3.5944
508;influence_detailed;Baseline_V2;3.1885;3.4228;3.7805;2.9939;3.0245
508;relevance_detailed;Baseline_V2;3.8191;3.9557;3.9225;3.3954;3.1385
508;subjcount_detailed;Baseline_V2;3.5223;3.5952;3.8744;3.0383;3.0692
509;subjpos_detailed;Baseline_V2;4.5236;2.9777;3.0583;3.3735;3.0613
509;diversity_detailed;Baseline_V2;3.971;3.0689;3.1575;3.3632;3.236
509;uniqueness_detailed;Baseline_V2;3.158;2.035;2.5751;2.2139;2.2194
509;follow_detailed;Baseline_V2;4.0533;3.4455;3.4085;3.4575;3.5849
509;influence_detailed;Baseline_V2;4.1296;3.2365;3.1886;3.3896;3.141
509;relevance_detailed;Baseline_V2;4.0774;3.8344;3.8015;4.0156;3.9804
509;subjcount_detailed;Baseline_V2;3.8932;2.9958;3.0201;3.1361;3.0524
510;subjpos_detailed;Baseline_V2;4.0282;3.4408;3.7737;3.5447;3.628
510;diversity_detailed;Baseline_V2;3.929;3.4939;3.9516;3.7137;3.9353
510;uniqueness_detailed;Baseline_V2;3.2304;3.0069;3.2839;3.2266;3.5565
510;follow_detailed;Baseline_V2;4.0355;3.5089;3.9081;3.5308;3.6838
510;influence_detailed;Baseline_V2;3.9477;3.3111;3.6267;3.4325;3.2734
510;relevance_detailed;Baseline_V2;3.8584;3.798;3.8956;3.7607;3.9088
510;subjcount_detailed;Baseline_V2;3.9039;3.203;3.6948;3.1165;3.305
511;subjpos_detailed;Baseline_V2;3.8158;3.4395;3.4637;3.281;3.5847
511;diversity_detailed;Baseline_V2;3.4553;3.4865;3.1146;3.2371;3.0627
511;uniqueness_detailed;Baseline_V2;3.1174;3.1267;3.0481;3.0809;2.8897
511;follow_detailed;Baseline_V2;3.8108;3.6244;3.5269;3.6883;3.4193
512;subjpos_detailed;Baseline_V2;4.0784;3.5701;3.2349;3.0315;1.5028
513;subjpos_detailed;Baseline_V2;3.9152;3.6142;3.4147;2.9595;3.0046
511;influence_detailed;Baseline_V2;3.6243;3.416;3.3452;3.2169;3.1547
512;diversity_detailed;Baseline_V2;3.9968;3.8361;3.1373;3.1956;3.2084
513;diversity_detailed;Baseline_V2;3.8608;3.2303;3.1462;3.3434;3.1936
511;relevance_detailed;Baseline_V2;3.3749;3.6736;3.1441;3.2886;3.1773
512;uniqueness_detailed;Baseline_V2;3.1015;3.0709;2.9307;2.9449;1.2304
513;uniqueness_detailed;Baseline_V2;3.1404;3.0381;3.028;3.0096;3.017
511;subjcount_detailed;Baseline_V2;3.4943;3.2957;3.1001;3.0627;3.1336
512;follow_detailed;Baseline_V2;4.0054;3.5138;3.4997;3.0112;3.2495
513;follow_detailed;Baseline_V2;3.9178;3.3901;3.0791;3.0348;3.042
512;influence_detailed;Baseline_V2;4.0082;3.3205;3.1469;2.9993;1.7352
513;influence_detailed;Baseline_V2;3.9358;3.6515;3.1321;3.0122;3.0319
512;relevance_detailed;Baseline_V2;4.1688;3.953;3.1785;3.1114;3.4315
513;relevance_detailed;Baseline_V2;3.9407;3.8402;3.124;3.3091;3.5707
512;subjcount_detailed;Baseline_V2;3.9639;3.1697;3.0291;3.0032;2.7277
513;subjcount_detailed;Baseline_V2;3.7603;3.2384;3.069;2.9936;3.0302
514;subjpos_detailed;Baseline_V2;3.6666;3.0159;3.1583;3.2036;3.0414
514;diversity_detailed;Baseline_V2;3.7735;3.2108;3.1781;3.3519;3.1058
514;uniqueness_detailed;Baseline_V2;3.0792;2.6153;3.0167;3.1629;2.9004
514;follow_detailed;Baseline_V2;3.9052;3.3917;3.2597;3.6484;3.1897
514;influence_detailed;Baseline_V2;3.6073;2.982;3.1486;3.1847;3.0778
514;relevance_detailed;Baseline_V2;3.4519;3.3484;3.2093;3.3762;3.281
514;subjcount_detailed;Baseline_V2;3.5162;3.099;3.1095;3.0611;3.0482
515;subjpos_detailed;Baseline_V2;4.2637;3.5369;3.5917;3.5088;3.3413
515;diversity_detailed;Baseline_V2;3.9134;3.4492;3.5307;3.3538;3.5615
515;uniqueness_detailed;Baseline_V2;3.6091;3.0958;2.9805;3.0815;2.966
515;follow_detailed;Baseline_V2;3.9804;3.3241;3.3564;3.3743;3.3648
515;influence_detailed;Baseline_V2;3.9286;3.7843;3.702;3.6834;3.3521
515;relevance_detailed;Baseline_V2;3.8929;3.5999;3.7055;3.6687;3.8073
516;subjpos_detailed;Baseline_V2;3.8249;3.0698;3.4972;3.0459;2.7503
515;subjcount_detailed;Baseline_V2;3.8491;3.4168;3.5164;3.512;3.4038
516;diversity_detailed;Baseline_V2;3.8693;3.1796;3.4539;3.0363;3.1144
516;uniqueness_detailed;Baseline_V2;3.0926;2.9151;3.1277;3.0224;2.8569
516;follow_detailed;Baseline_V2;3.914;3.0294;3.7723;3.1311;3.0155
516;influence_detailed;Baseline_V2;3.8354;3.0271;3.6037;3.0281;2.7655
516;relevance_detailed;Baseline_V2;3.8391;3.7089;3.8267;3.091;3.3275
516;subjcount_detailed;Baseline_V2;3.4658;2.9974;3.2397;3.0081;2.9798
517;subjpos_detailed;Baseline_V2;3.7435;3.0146;3.7482;3.2101;2.6632
517;diversity_detailed;Baseline_V2;3.4476;3.0772;3.8754;3.3578;2.9986
517;uniqueness_detailed;Baseline_V2;3.2574;3.0277;3.3972;3.7086;3.046
517;follow_detailed;Baseline_V2;3.8699;3.139;3.89;3.6524;3.0522
517;influence_detailed;Baseline_V2;3.7671;3.0446;3.7906;3.4023;2.9462
517;relevance_detailed;Baseline_V2;3.3974;3.4922;3.7279;3.1346;3.0937
517;subjcount_detailed;Baseline_V2;3.5711;3.0817;3.5179;3.1581;3.0081
518;subjpos_detailed;Baseline_V2;3.3142;3.0462;3.0282;3.0179;2.9926
518;diversity_detailed;Baseline_V2;3.1697;3.1133;3.0497;3.0673;3.0807
518;uniqueness_detailed;Baseline_V2;3.0507;2.8119;2.8099;2.6787;2.6971
518;follow_detailed;Baseline_V2;3.6448;3.1513;3.1418;3.0921;3.0889
518;influence_detailed;Baseline_V2;3.3935;3.0218;2.8443;2.9883;2.8569
518;relevance_detailed;Baseline_V2;3.1609;3.1706;3.1686;3.0858;3.0609
518;subjcount_detailed;Baseline_V2;3.1206;3.0233;3.0065;3.0082;2.9971
519;subjpos_detailed;Baseline_V2;4.0387;3.765;3.7105;3.7335;3.3225
519;diversity_detailed;Baseline_V2;3.8373;3.8526;3.7322;3.5996;3.0184
519;uniqueness_detailed;Baseline_V2;3.1997;3.4729;3.2092;3.1538;3.059
519;follow_detailed;Baseline_V2;3.8336;3.8133;3.5812;3.8544;3.0902
519;influence_detailed;Baseline_V2;3.9257;3.5052;3.6958;3.7737;3.2386
519;relevance_detailed;Baseline_V2;3.9281;3.9504;3.7893;3.9829;3.3632
519;subjcount_detailed;Baseline_V2;3.7541;3.4105;3.3432;3.6163;3.1565
520;subjpos_detailed;Baseline_V2;3.974;3.1607;3.4027;3.452;3.9161
520;diversity_detailed;Baseline_V2;3.9435;3.1603;3.8084;3.4647;3.9276
520;uniqueness_detailed;Baseline_V2;3.5045;3.0027;2.9882;3.0771;3.5922
520;follow_detailed;Baseline_V2;3.9687;3.1122;3.2873;3.1939;3.9534
520;influence_detailed;Baseline_V2;3.9669;3.1168;3.5851;3.5284;3.862
520;relevance_detailed;Baseline_V2;3.9469;3.7726;3.6318;3.5303;4.0059
520;subjcount_detailed;Baseline_V2;3.9116;3.0908;3.3181;3.1547;3.8617
521;subjpos_detailed;Baseline_V2;3.8363;3.0263;3.122;3.013;3.7525
521;diversity_detailed;Baseline_V2;3.9647;3.419;3.2109;3.779;3.9245
521;uniqueness_detailed;Baseline_V2;3.1742;2.9847;3.0281;3.0178;3.348
521;follow_detailed;Baseline_V2;3.9352;3.1238;3.0232;3.0662;3.7142
521;influence_detailed;Baseline_V2;3.9075;3.0652;3.1136;3.0496;3.6669
521;relevance_detailed;Baseline_V2;3.9025;3.3797;3.0947;3.6241;3.9183
521;subjcount_detailed;Baseline_V2;3.8898;3.0299;3.0359;3.0287;3.6184
523;subjpos_detailed;Baseline_V2;1.6718;1.6362;1.3923;1.7735;1.6215
523;diversity_detailed;Baseline_V2;2.2172;2.145;2.027;2.322;2.2574
523;uniqueness_detailed;Baseline_V2;1.5917;2.0308;2.0293;1.8783;1.5736
523;follow_detailed;Baseline_V2;2.1803;2.039;2.0086;2.0164;2.2732
522;subjpos_detailed;Baseline_V2;3.8804;3.3066;3.6588;3.0088;3.1069
523;influence_detailed;Baseline_V2;1.2491;1.3012;1.2711;1.3077;1.1761
522;diversity_detailed;Baseline_V2;3.8974;3.627;3.9538;3.2378;3.1628
523;relevance_detailed;Baseline_V2;1.4574;1.4668;1.5711;1.6356;1.3555
522;uniqueness_detailed;Baseline_V2;3.1428;3.0325;3.1909;2.9692;2.9745
523;subjcount_detailed;Baseline_V2;2.0121;2.528;2.3237;2.4945;2.4449
522;follow_detailed;Baseline_V2;3.9383;3.3961;3.7921;3.0628;3.0943
522;influence_detailed;Baseline_V2;3.8318;3.2533;3.571;2.873;3.0417
522;relevance_detailed;Baseline_V2;3.8537;3.4603;3.6302;3.4867;3.174
522;subjcount_detailed;Baseline_V2;3.7699;3.1449;3.6701;3.0219;3.0658
524;subjpos_detailed;Baseline_V2;3.6574;3.08;2.824;2.9791;3.7214
524;diversity_detailed;Baseline_V2;3.0768;3.0717;3.015;3.0475;3.5675
524;uniqueness_detailed;Baseline_V2;3.106;3.1117;2.9239;3.1583;3.4076
524;follow_detailed;Baseline_V2;3.684;3.0476;2.9949;3.0103;3.7867
524;influence_detailed;Baseline_V2;3.527;2.9824;2.4877;2.7858;3.5709
524;relevance_detailed;Baseline_V2;3.4303;3.5281;3.0096;2.9829;3.8343
524;subjcount_detailed;Baseline_V2;3.4248;2.9966;2.8534;2.9277;3.4741
525;subjpos_detailed;Baseline_V2;3.9208;3.5409;3.5288;2.6124;3.5832
525;diversity_detailed;Baseline_V2;3.9554;3.1769;3.5642;3.0786;3.538
525;uniqueness_detailed;Baseline_V2;3.2402;3.0526;3.0343;2.1866;2.9834
525;follow_detailed;Baseline_V2;3.9483;3.1756;3.1888;3.0606;3.2655
525;influence_detailed;Baseline_V2;3.8418;3.0844;3.2714;2.7947;3.2182
525;relevance_detailed;Baseline_V2;3.7164;3.4957;3.1727;3.5236;3.7377
525;subjcount_detailed;Baseline_V2;3.814;3.1004;3.1224;2.871;3.133
526;subjpos_detailed;Baseline_V2;3.986;3.1344;3.7683;3.0558;3.1493
526;diversity_detailed;Baseline_V2;3.9348;3.5278;3.7912;3.6665;3.7144
526;uniqueness_detailed;Baseline_V2;3.8391;3.3649;3.4022;1.0;5.0
526;follow_detailed;Baseline_V2;3.9683;3.1719;3.127;3.4068;3.3565
527;subjpos_detailed;Baseline_V2;4.0997;3.0702;3.3241;3.0203;3.377
526;influence_detailed;Baseline_V2;4.0179;3.2881;3.6091;3.2598;3.2582
527;diversity_detailed;Baseline_V2;3.9521;2.9951;3.6449;3.1898;3.3415
526;relevance_detailed;Baseline_V2;3.8974;3.9168;3.6882;4.0126;4.0244
527;uniqueness_detailed;Baseline_V2;3.4595;2.9719;3.0569;2.4305;3.048
526;subjcount_detailed;Baseline_V2;3.9069;3.059;3.4699;3.0551;3.1068
527;follow_detailed;Baseline_V2;3.9676;3.0587;3.598;3.0432;3.599
527;influence_detailed;Baseline_V2;3.8773;3.1587;3.4957;3.0538;3.2431
527;relevance_detailed;Baseline_V2;3.8198;3.0257;3.5411;3.1363;3.3758
527;subjcount_detailed;Baseline_V2;3.8785;3.003;3.2846;3.0171;3.1416
528;subjpos_detailed;Baseline_V2;3.9809;3.1294;3.3822;3.846;2.9706
528;diversity_detailed;Baseline_V2;3.92;3.7858;3.8598;3.9625;3.34
528;uniqueness_detailed;Baseline_V2;2.9606;2.5711;3.0723;3.2689;3.0729
528;follow_detailed;Baseline_V2;3.9956;3.8271;3.7556;3.9108;3.3529
528;influence_detailed;Baseline_V2;3.9834;3.3425;3.4308;3.858;3.004
528;relevance_detailed;Baseline_V2;3.9751;3.941;3.8541;3.9747;3.9184
528;subjcount_detailed;Baseline_V2;3.9228;3.3429;3.4916;3.8304;3.0922
529;subjpos_detailed;Baseline_V2;3.6072;3.2942;3.4842;3.2305;3.1382
529;diversity_detailed;Baseline_V2;3.4955;3.3248;3.6144;3.2039;2.9478
529;uniqueness_detailed;Baseline_V2;3.011;3.0158;3.0022;3.0741;2.8381
529;follow_detailed;Baseline_V2;3.6086;3.4242;3.4688;3.1039;3.0126
529;influence_detailed;Baseline_V2;3.7974;3.3417;3.5644;3.2521;3.0988
529;relevance_detailed;Baseline_V2;3.7637;3.4538;3.2806;3.2313;2.9222
529;subjcount_detailed;Baseline_V2;3.7135;3.1814;3.2975;3.1242;3.0396
530;subjpos_detailed;Baseline_V2;3.8126;3.3721;3.05;3.0327;3.1388
530;diversity_detailed;Baseline_V2;3.8568;3.6927;3.3502;3.1633;3.3038
530;uniqueness_detailed;Baseline_V2;3.0976;3.3228;2.9663;3.0803;3.0352
530;follow_detailed;Baseline_V2;3.9108;3.5077;3.2436;3.1423;3.4439
530;influence_detailed;Baseline_V2;3.7945;3.1536;3.054;3.0125;3.0431
530;relevance_detailed;Baseline_V2;3.6022;3.5251;3.3356;3.1081;3.2072
530;subjcount_detailed;Baseline_V2;3.7669;3.1657;3.0692;3.0135;3.1399
531;subjpos_detailed;Baseline_V2;4.0148;3.4721;3.4985;3.0346;3.1144
531;diversity_detailed;Baseline_V2;3.9362;3.3444;3.6598;3.5168;3.0633
531;uniqueness_detailed;Baseline_V2;3.8505;3.1899;3.0243;3.0075;2.8928
531;follow_detailed;Baseline_V2;3.9892;3.7661;3.6032;3.0704;3.124
531;influence_detailed;Baseline_V2;3.9772;3.5762;3.6287;3.0501;3.1485
531;relevance_detailed;Baseline_V2;3.9472;3.7421;3.5196;3.7344;3.4511
532;subjpos_detailed;Baseline_V2;3.9589;3.8792;3.1837;3.1959;3.0548
531;subjcount_detailed;Baseline_V2;3.9494;3.4753;3.5249;3.0212;3.0811
532;diversity_detailed;Baseline_V2;3.7926;3.9115;3.8142;3.2654;3.0424
532;uniqueness_detailed;Baseline_V2;3.0827;3.5111;3.0509;3.0824;2.9284
532;follow_detailed;Baseline_V2;3.9356;3.9674;3.6262;3.3456;3.1359
532;influence_detailed;Baseline_V2;3.9539;3.9004;3.1575;3.0656;2.9838
532;relevance_detailed;Baseline_V2;4.0489;3.9965;3.5507;3.1992;2.9997
532;subjcount_detailed;Baseline_V2;3.8265;3.8179;3.3526;3.0737;3.0128
533;subjpos_detailed;Baseline_V2;3.8502;3.9698;2.8713;3.0019;2.9033
533;diversity_detailed;Baseline_V2;3.8052;3.9394;3.2392;3.2043;3.0351
533;uniqueness_detailed;Baseline_V2;3.0572;3.494;2.9172;2.8838;2.6956
533;follow_detailed;Baseline_V2;3.8107;3.9588;3.1664;3.0754;3.0664
533;influence_detailed;Baseline_V2;3.7449;3.8534;2.3137;2.9297;2.7718
533;relevance_detailed;Baseline_V2;3.4827;3.9422;3.171;3.229;3.2058
533;subjcount_detailed;Baseline_V2;3.5324;3.8279;3.0034;3.0046;2.9861
534;subjpos_detailed;Baseline_V2;3.3533;2.9814;3.6905;3.2957;3.7745
534;diversity_detailed;Baseline_V2;3.0796;3.3115;3.3991;3.3107;3.4298
534;uniqueness_detailed;Baseline_V2;2.9907;2.846;3.0552;3.0512;3.0442
534;follow_detailed;Baseline_V2;3.7154;3.1629;3.4783;3.5172;3.4173
534;influence_detailed;Baseline_V2;3.4389;3.0092;3.4356;3.3101;3.2379
534;relevance_detailed;Baseline_V2;3.4283;3.5507;3.2909;3.6132;3.5039
534;subjcount_detailed;Baseline_V2;3.45;3.0433;3.5152;3.3091;3.2554
535;subjpos_detailed;Baseline_V2;3.5535;3.2681;2.9975;3.0462;3.7084
535;diversity_detailed;Baseline_V2;3.5197;3.2719;3.4885;3.5802;3.7266
535;uniqueness_detailed;Baseline_V2;3.0459;3.1472;3.0073;3.1558;3.5412
535;follow_detailed;Baseline_V2;3.8857;3.5886;3.1601;3.3606;3.8577
535;influence_detailed;Baseline_V2;3.6948;3.3619;3.009;3.2014;3.7517
535;relevance_detailed;Baseline_V2;3.5526;3.6258;3.454;3.4372;3.8263
535;subjcount_detailed;Baseline_V2;3.4906;3.2122;3.0264;3.0708;3.6078
536;subjpos_detailed;Baseline_V2;3.4662;3.4191;3.2749;3.0872;3.2414
536;diversity_detailed;Baseline_V2;3.4495;3.1924;3.5599;3.0645;3.4916
536;uniqueness_detailed;Baseline_V2;3.1292;3.0586;3.1839;3.0956;3.2587
536;follow_detailed;Baseline_V2;3.8443;3.4598;3.6924;3.3423;3.6751
536;influence_detailed;Baseline_V2;3.6002;3.3516;3.2456;3.144;3.3229
537;subjpos_detailed;Baseline_V2;3.9617;3.5348;3.8183;2.8859;2.8847
536;relevance_detailed;Baseline_V2;3.5713;3.2437;3.72;3.1144;3.8295
537;diversity_detailed;Baseline_V2;3.5805;3.609;3.7597;3.0966;3.0669
536;subjcount_detailed;Baseline_V2;3.1795;3.0642;3.2304;3.0369;3.5102
537;uniqueness_detailed;Baseline_V2;3.0696;3.3477;3.1106;2.9586;2.7443
537;follow_detailed;Baseline_V2;3.8987;3.7702;3.6087;3.0625;3.0364
537;influence_detailed;Baseline_V2;3.9135;3.5387;3.704;2.745;2.8114
537;relevance_detailed;Baseline_V2;3.9226;3.8816;3.6477;3.3694;3.7959
537;subjcount_detailed;Baseline_V2;3.7887;3.4982;3.628;2.9758;2.972
538;subjpos_detailed;Baseline_V2;3.3094;3.5431;3.7481;3.116;3.6994
538;diversity_detailed;Baseline_V2;3.0769;3.6888;3.8051;3.141;3.3196
538;uniqueness_detailed;Baseline_V2;2.996;3.3341;3.1183;3.1177;3.3571
538;follow_detailed;Baseline_V2;3.2592;3.7821;3.7126;3.0868;3.6109
538;influence_detailed;Baseline_V2;3.1936;3.6305;3.7685;3.0471;3.216
538;relevance_detailed;Baseline_V2;3.2182;3.8254;3.9501;3.24;3.6837
538;subjcount_detailed;Baseline_V2;3.1281;3.5643;3.4606;3.0294;3.2984
539;subjpos_detailed;Baseline_V2;3.7673;3.0144;3.0135;3.016;3.6171
539;diversity_detailed;Baseline_V2;3.7951;3.168;3.1284;3.0193;3.71
539;uniqueness_detailed;Baseline_V2;2.9958;2.6702;2.8703;2.9781;3.2556
539;follow_detailed;Baseline_V2;3.9505;3.2784;3.1705;3.0103;3.7045
539;influence_detailed;Baseline_V2;3.898;2.9965;2.9043;2.9984;3.3597
539;relevance_detailed;Baseline_V2;3.7857;3.3601;3.3003;3.0207;3.2116
539;subjcount_detailed;Baseline_V2;3.84;3.0403;3.051;3.0031;3.3044
540;subjpos_detailed;Baseline_V2;3.9309;3.8104;3.3338;3.0356;2.0323
540;diversity_detailed;Baseline_V2;3.9033;3.5146;3.2332;3.0814;2.9639
540;uniqueness_detailed;Baseline_V2;3.1162;3.2072;3.0404;3.3565;2.0462
540;follow_detailed;Baseline_V2;3.8319;3.7985;3.5049;3.0542;3.1124
540;influence_detailed;Baseline_V2;3.8624;3.5817;3.2188;2.9656;2.4006
540;relevance_detailed;Baseline_V2;3.977;3.6907;3.4415;3.1692;3.6935
540;subjcount_detailed;Baseline_V2;3.8116;3.444;3.2273;3.0161;2.9109
541;subjpos_detailed;Baseline_V2;3.6925;3.9184;3.5372;3.2699;3.1077
541;diversity_detailed;Baseline_V2;3.423;3.8943;3.6213;3.2016;3.1297
541;uniqueness_detailed;Baseline_V2;3.017;3.6201;3.0759;3.0836;3.0237
541;follow_detailed;Baseline_V2;3.6828;3.8487;3.482;3.2232;3.1777
541;influence_detailed;Baseline_V2;3.5577;3.8955;3.6976;3.5311;3.0403
541;relevance_detailed;Baseline_V2;3.5002;3.8949;3.6369;3.3149;3.3447
541;subjcount_detailed;Baseline_V2;3.4606;3.7777;3.4637;3.0749;3.0852
542;subjpos_detailed;Baseline_V2;3.9219;3.5167;3.6198;2.9964;3.0124
542;diversity_detailed;Baseline_V2;3.7829;3.4444;3.5449;3.5954;3.5105
542;uniqueness_detailed;Baseline_V2;3.1903;3.2663;3.0529;2.7508;2.8812
542;follow_detailed;Baseline_V2;3.8269;3.2505;3.1313;3.1001;3.3045
542;influence_detailed;Baseline_V2;3.9524;3.2694;3.4526;3.0586;3.0549
542;relevance_detailed;Baseline_V2;3.5271;3.6425;3.159;3.5968;3.6588
542;subjcount_detailed;Baseline_V2;3.8814;3.3698;3.2764;3.0159;3.0924
543;subjpos_detailed;Baseline_V2;3.3161;4.0184;3.5708;2.8685;3.274
543;diversity_detailed;Baseline_V2;3.6336;3.9946;3.1882;3.4043;3.2676
543;uniqueness_detailed;Baseline_V2;2.9802;3.876;3.0311;3.08;3.0716
543;follow_detailed;Baseline_V2;3.2776;3.9797;3.1572;3.0241;3.3016
543;influence_detailed;Baseline_V2;3.3944;4.0162;3.4778;2.9986;3.1359
543;relevance_detailed;Baseline_V2;3.8906;3.9939;3.114;3.5635;3.4069
543;subjcount_detailed;Baseline_V2;3.0754;3.9713;3.0881;3.0087;3.1251
544;subjpos_detailed;Baseline_V2;3.8683;3.0143;3.4419;3.0454;3.7311
544;diversity_detailed;Baseline_V2;3.7284;3.3853;3.1051;3.0384;3.6446
544;uniqueness_detailed;Baseline_V2;3.0792;2.8938;3.0077;3.0961;3.1692
544;follow_detailed;Baseline_V2;3.8934;3.0963;3.1561;3.0061;3.7053
544;influence_detailed;Baseline_V2;3.8281;3.0423;3.4194;3.0293;3.6665
544;relevance_detailed;Baseline_V2;3.5908;3.548;3.2203;3.3188;3.9079
544;subjcount_detailed;Baseline_V2;3.7814;3.0315;3.2985;3.0143;3.4693
545;subjpos_detailed;Baseline_V2;4.1446;3.105;3.0495;3.0226;2.9196
545;diversity_detailed;Baseline_V2;3.9984;3.925;3.1423;3.9255;3.917
545;uniqueness_detailed;Baseline_V2;3.9005;3.0433;3.1919;2.9952;3.1321
545;follow_detailed;Baseline_V2;4.139;3.8155;2.9967;3.6831;3.6947
545;influence_detailed;Baseline_V2;4.0285;3.4896;3.0107;3.4107;3.2567
545;relevance_detailed;Baseline_V2;4.3892;3.8388;3.1145;3.6734;3.8871
545;subjcount_detailed;Baseline_V2;3.9096;3.2535;3.0385;3.2839;3.3545
546;subjpos_detailed;Baseline_V2;3.7623;2.8051;2.9843;3.0633;2.7911
546;diversity_detailed;Baseline_V2;3.4687;3.0582;3.0038;3.0459;3.0038
546;uniqueness_detailed;Baseline_V2;3.404;2.8183;2.8426;3.1047;2.4624
546;follow_detailed;Baseline_V2;3.9586;3.3576;3.5845;3.4758;3.2465
546;influence_detailed;Baseline_V2;3.574;3.0142;3.0668;3.0731;2.9786
546;relevance_detailed;Baseline_V2;3.3609;3.1794;3.1552;3.094;3.1859
546;subjcount_detailed;Baseline_V2;3.647;3.1913;3.186;3.0981;3.0561
547;subjpos_detailed;Baseline_V2;3.9975;3.1989;3.0961;3.0961;3.3143
547;diversity_detailed;Baseline_V2;3.9473;3.8771;3.7958;3.4138;3.5388
547;uniqueness_detailed;Baseline_V2;3.2109;2.9517;3.1615;3.3313;3.4708
547;follow_detailed;Baseline_V2;4.0248;3.5364;3.5417;3.2023;3.8025
547;influence_detailed;Baseline_V2;4.0309;3.4077;3.2195;3.2505;3.4577
547;relevance_detailed;Baseline_V2;3.8408;3.7349;3.6768;3.2795;3.8083
547;subjcount_detailed;Baseline_V2;3.9076;3.3472;3.3151;3.1451;3.6327
548;subjpos_detailed;Baseline_V2;3.9552;3.3639;3.2358;3.533;3.0259
548;diversity_detailed;Baseline_V2;3.8924;3.2186;3.486;3.6592;2.9025
548;uniqueness_detailed;Baseline_V2;3.3377;3.3849;3.1738;3.649;2.7786
548;follow_detailed;Baseline_V2;3.9992;3.5016;3.5748;3.8581;3.0782
548;influence_detailed;Baseline_V2;3.8596;3.2527;3.2406;3.6789;2.975
548;relevance_detailed;Baseline_V2;3.9612;3.6716;3.4056;3.5912;3.177
548;subjcount_detailed;Baseline_V2;3.798;3.1963;3.1391;3.356;2.9551
549;subjpos_detailed;Baseline_V2;3.8492;3.1672;3.2708;2.995;2.9816
549;diversity_detailed;Baseline_V2;3.7074;3.4186;3.5454;3.3082;3.1932
549;uniqueness_detailed;Baseline_V2;3.4175;3.0811;3.0873;2.9738;2.6475
549;follow_detailed;Baseline_V2;3.9104;3.4728;3.6492;3.222;3.2575
549;influence_detailed;Baseline_V2;3.8875;3.2251;3.2269;2.9826;2.9567
549;relevance_detailed;Baseline_V2;3.8681;3.8755;3.5061;3.2512;3.3539
549;subjcount_detailed;Baseline_V2;3.636;3.092;3.1717;3.0173;3.0298
550;subjpos_detailed;Baseline_V2;3.9149;3.1944;3.9097;3.3993;2.7504
550;diversity_detailed;Baseline_V2;3.8275;3.2719;3.9402;3.1648;3.1154
550;uniqueness_detailed;Baseline_V2;3.157;3.0876;3.2063;3.0948;2.6734
550;follow_detailed;Baseline_V2;3.9756;3.1842;3.9468;3.536;3.0834
550;influence_detailed;Baseline_V2;3.9181;3.3727;3.8755;3.2524;2.6199
550;relevance_detailed;Baseline_V2;3.9331;3.8298;3.9453;3.6282;3.6167
550;subjcount_detailed;Baseline_V2;3.8353;3.1546;3.7964;3.0903;2.8268
551;subjpos_detailed;Baseline_V2;3.8632;3.9382;3.1092;3.0665;3.5421
551;diversity_detailed;Baseline_V2;3.7721;3.6208;3.0588;2.9733;3.1137
551;uniqueness_detailed;Baseline_V2;3.0796;3.3206;3.0139;2.9785;3.0043
551;follow_detailed;Baseline_V2;3.7524;3.6781;3.0027;2.9789;3.2957
551;influence_detailed;Baseline_V2;3.7791;3.8666;3.2527;3.0926;3.199
551;relevance_detailed;Baseline_V2;3.8968;3.8592;3.0139;2.9871;3.3789
551;subjcount_detailed;Baseline_V2;3.7055;3.82;3.0396;3.0117;3.2117
552;subjpos_detailed;Baseline_V2;4.0151;3.4896;3.1338;3.0877;3.0757
552;diversity_detailed;Baseline_V2;3.9563;3.3936;3.4585;3.407;3.5619
552;uniqueness_detailed;Baseline_V2;3.4733;3.2694;3.0836;3.1802;3.2064
552;follow_detailed;Baseline_V2;4.0054;3.3585;3.5957;3.1461;3.3537
552;influence_detailed;Baseline_V2;3.9717;3.4015;3.0311;3.0205;3.0735
552;relevance_detailed;Baseline_V2;3.6226;3.4448;3.477;3.4399;3.5041
552;subjcount_detailed;Baseline_V2;3.8906;3.1448;3.0945;3.0177;3.07
553;subjpos_detailed;Baseline_V2;4.2034;3.0957;3.1567;3.0783;3.0308
553;diversity_detailed;Baseline_V2;3.9738;3.83;3.3841;3.5598;3.5336
553;uniqueness_detailed;Baseline_V2;3.6284;3.0713;3.0167;2.7677;3.3407
553;follow_detailed;Baseline_V2;4.0067;3.7586;3.6179;3.324;3.4657
553;influence_detailed;Baseline_V2;3.9792;3.0223;3.1612;3.0417;2.9979
553;relevance_detailed;Baseline_V2;4.0956;4.0922;3.4852;3.9653;4.0444
553;subjcount_detailed;Baseline_V2;3.9526;3.1371;3.3431;3.0593;3.0939
554;subjpos_detailed;Baseline_V2;3.7861;3.8634;3.0987;3.3914;3.1513
554;diversity_detailed;Baseline_V2;3.7728;3.9015;3.0401;3.7443;3.2041
554;uniqueness_detailed;Baseline_V2;3.0414;3.2663;2.9866;3.2041;2.9912
554;follow_detailed;Baseline_V2;3.9174;3.9003;3.0264;3.5657;3.3976
554;influence_detailed;Baseline_V2;3.8705;3.8723;3.08;3.6494;3.0568
554;relevance_detailed;Baseline_V2;3.8671;3.9373;3.0623;3.7073;3.2975
554;subjcount_detailed;Baseline_V2;3.6889;3.5632;3.0189;3.1816;3.0494
555;subjpos_detailed;Baseline_V2;4.0242;3.4647;3.3745;3.0666;3.6073
555;diversity_detailed;Baseline_V2;3.9592;3.306;3.4678;3.2448;3.0776
555;uniqueness_detailed;Baseline_V2;3.8671;3.2686;3.1983;3.2368;2.9596
555;follow_detailed;Baseline_V2;3.9904;3.3509;3.467;3.2879;3.2092
555;influence_detailed;Baseline_V2;3.9954;3.3713;3.1754;3.0791;3.2682
555;relevance_detailed;Baseline_V2;3.8581;3.7222;3.5603;3.4757;3.2253
555;subjcount_detailed;Baseline_V2;3.8775;3.2649;3.3285;3.1411;3.133
556;subjpos_detailed;Baseline_V2;3.8872;3.3271;3.1939;3.3625;3.3049
556;diversity_detailed;Baseline_V2;3.9233;3.3556;3.2548;3.3641;3.4084
556;uniqueness_detailed;Baseline_V2;3.2229;3.062;3.335;3.7655;3.335
556;follow_detailed;Baseline_V2;3.9674;3.8041;3.2279;3.1883;3.1292
556;influence_detailed;Baseline_V2;3.8569;3.2809;3.0536;3.2724;3.1186
556;relevance_detailed;Baseline_V2;4.0003;3.8853;3.619;3.7229;3.77
556;subjcount_detailed;Baseline_V2;3.8064;3.3071;3.0916;3.097;3.3753
557;subjpos_detailed;Baseline_V2;3.0888;3.5518;3.6229;3.5959;3.8751
557;diversity_detailed;Baseline_V2;2.9994;3.2499;3.7758;3.7156;3.6296
557;uniqueness_detailed;Baseline_V2;3.0256;3.0784;3.2838;3.1972;3.3029
557;follow_detailed;Baseline_V2;3.066;3.5911;3.739;3.7392;3.8433
558;subjpos_detailed;Baseline_V2;3.9289;3.2029;3.2246;2.9437;3.0205
557;influence_detailed;Baseline_V2;3.1169;3.6602;3.7064;3.8018;3.8357
558;diversity_detailed;Baseline_V2;3.9906;3.6967;3.533;3.8422;3.8385
557;relevance_detailed;Baseline_V2;3.0924;3.6861;3.7023;3.7251;3.8862
558;uniqueness_detailed;Baseline_V2;3.6137;3.2256;3.0527;2.9617;2.9426
557;subjcount_detailed;Baseline_V2;3.0224;3.5034;3.5448;3.4135;3.6228
558;follow_detailed;Baseline_V2;3.7756;3.1821;3.0781;3.116;3.2942
558;influence_detailed;Baseline_V2;3.9906;3.2147;3.2262;2.9807;3.0518
558;relevance_detailed;Baseline_V2;3.652;3.7272;3.243;3.3167;3.5697
559;subjpos_detailed;Baseline_V2;3.8896;3.1879;3.068;3.0462;3.0205
558;subjcount_detailed;Baseline_V2;3.8306;3.0725;3.0215;3.0124;3.0957
559;diversity_detailed;Baseline_V2;3.9469;3.7433;3.8026;2.9093;3.6482
559;uniqueness_detailed;Baseline_V2;3.1921;3.1931;2.9065;3.0303;2.3803
559;follow_detailed;Baseline_V2;3.9594;3.5354;3.6407;3.0313;3.3533
559;influence_detailed;Baseline_V2;3.9435;3.427;3.3194;3.0382;3.0163
559;relevance_detailed;Baseline_V2;3.9526;3.737;3.588;2.9453;3.7511
559;subjcount_detailed;Baseline_V2;3.8635;3.2421;3.1736;3.0006;3.0355
560;subjpos_detailed;Baseline_V2;4.0375;3.1257;3.2967;3.2128;2.8505
560;diversity_detailed;Baseline_V2;3.788;3.3337;3.1571;3.2308;3.0828
560;uniqueness_detailed;Baseline_V2;3.2384;3.0906;3.0225;3.1673;3.0225
560;follow_detailed;Baseline_V2;3.9859;3.1272;3.277;3.1839;3.0378
560;influence_detailed;Baseline_V2;3.944;3.1897;3.2473;3.0525;2.8262
560;relevance_detailed;Baseline_V2;3.9991;3.9585;3.2789;3.5021;3.7904
560;subjcount_detailed;Baseline_V2;3.8734;3.0802;3.151;3.009;2.9957
561;subjpos_detailed;Baseline_V2;3.3322;3.5608;3.1819;2.9876;2.9891
561;diversity_detailed;Baseline_V2;3.2872;3.6244;3.3393;2.9895;2.9946
561;uniqueness_detailed;Baseline_V2;3.0243;3.2918;3.0179;2.7523;2.7184
561;follow_detailed;Baseline_V2;3.5699;3.7728;3.136;2.9702;3.0606
561;influence_detailed;Baseline_V2;3.5272;3.6754;3.2316;2.835;2.916
561;relevance_detailed;Baseline_V2;3.3974;3.8532;3.267;3.3468;3.522
561;subjcount_detailed;Baseline_V2;3.2809;3.4068;3.1233;2.9952;3.0229
562;subjpos_detailed;Baseline_V2;3.9972;3.4528;3.0592;3.0878;3.2336
562;diversity_detailed;Baseline_V2;3.9737;3.6123;3.9271;3.1278;3.2431
562;uniqueness_detailed;Baseline_V2;3.2625;2.9058;2.9658;3.0334;3.0193
562;follow_detailed;Baseline_V2;3.9848;3.3474;3.2867;2.9871;3.1247
562;influence_detailed;Baseline_V2;3.9415;3.5033;3.3949;3.0114;3.1806
562;relevance_detailed;Baseline_V2;4.1093;3.6816;3.8798;3.4593;3.4621
562;subjcount_detailed;Baseline_V2;3.9058;3.2669;3.2883;3.02;3.1245
563;subjpos_detailed;Baseline_V2;4.3892;3.4597;3.2245;3.3702;3.0819
563;diversity_detailed;Baseline_V2;3.8886;3.41;3.5088;3.2145;3.3367
563;uniqueness_detailed;Baseline_V2;3.2589;2.3894;2.6882;2.2749;2.5141
563;follow_detailed;Baseline_V2;4.2002;3.4691;3.27;3.3493;3.3997
563;influence_detailed;Baseline_V2;4.0836;3.3037;3.2202;3.2075;3.1367
563;relevance_detailed;Baseline_V2;3.8678;3.6209;3.3588;3.3992;3.5388
563;subjcount_detailed;Baseline_V2;3.944;3.3388;3.2081;3.2387;3.2101
564;subjpos_detailed;Baseline_V2;3.8774;3.3657;3.1942;3.2711;3.4731
564;diversity_detailed;Baseline_V2;3.4161;3.5625;3.0372;3.135;3.1061
564;uniqueness_detailed;Baseline_V2;3.0388;3.0416;2.9796;3.2548;2.9962
564;follow_detailed;Baseline_V2;3.9367;3.4191;3.1025;3.2559;3.139
564;influence_detailed;Baseline_V2;3.8661;3.2993;3.2988;3.0676;3.2688
564;relevance_detailed;Baseline_V2;3.4298;3.6596;3.1935;3.2886;3.0462
564;subjcount_detailed;Baseline_V2;3.7542;3.256;3.0684;3.028;3.0488
565;subjpos_detailed;Baseline_V2;4.2529;3.4736;3.7564;2.9984;3.0189
565;diversity_detailed;Baseline_V2;4.007;3.5852;3.9577;3.4225;3.5692
565;uniqueness_detailed;Baseline_V2;3.7697;3.0763;3.3176;1.9771;2.871
565;follow_detailed;Baseline_V2;4.0355;3.5501;3.4303;3.2323;3.4339
565;influence_detailed;Baseline_V2;4.0604;3.3146;3.7333;3.0281;3.0199
565;relevance_detailed;Baseline_V2;4.1378;3.6532;3.5724;3.6628;4.0113
565;subjcount_detailed;Baseline_V2;3.9942;3.1118;3.2443;2.9886;3.0425
566;subjpos_detailed;Baseline_V2;3.2276;2.8491;3.0449;2.9858;3.2831
566;diversity_detailed;Baseline_V2;3.4001;3.1197;3.0837;3.0171;3.0257
566;uniqueness_detailed;Baseline_V2;3.0102;2.7621;3.0092;2.705;3.0125
566;follow_detailed;Baseline_V2;3.7072;3.0536;3.1939;3.0333;3.3939
566;influence_detailed;Baseline_V2;3.303;2.7631;3.0429;2.8641;3.0518
566;relevance_detailed;Baseline_V2;3.2485;3.2539;3.1407;3.0432;3.0911
566;subjcount_detailed;Baseline_V2;3.2372;2.9895;3.0231;2.9511;3.0328
567;subjpos_detailed;Baseline_V2;2.9411;3.4756;3.701;3.476;3.3154
567;diversity_detailed;Baseline_V2;2.9669;3.0754;3.7991;3.5839;3.0682
567;uniqueness_detailed;Baseline_V2;2.9711;3.1831;3.154;3.2472;2.9499
567;follow_detailed;Baseline_V2;3.0144;3.7374;3.8948;3.7883;3.5203
567;influence_detailed;Baseline_V2;2.7656;3.8306;3.9179;3.6608;3.2075
567;relevance_detailed;Baseline_V2;3.0806;3.543;3.9084;3.548;3.5256
568;subjpos_detailed;Baseline_V2;4.2139;3.5561;3.3634;3.0614;3.6148
567;subjcount_detailed;Baseline_V2;2.9783;3.3123;3.439;3.3286;3.2182
568;diversity_detailed;Baseline_V2;3.9806;3.4033;3.0387;3.0635;3.4414
568;uniqueness_detailed;Baseline_V2;3.7884;3.3198;3.104;3.21;3.2619
568;follow_detailed;Baseline_V2;4.0431;3.2688;3.1566;3.0495;3.6521
568;influence_detailed;Baseline_V2;4.0601;3.4687;2.9556;3.0552;3.2474
568;relevance_detailed;Baseline_V2;4.0548;3.9391;2.5968;3.0947;3.7705
569;subjpos_detailed;Baseline_V2;2.9591;3.8672;3.3045;3.1225;3.5642
568;subjcount_detailed;Baseline_V2;3.9724;3.1897;3.1579;3.0111;3.2819
569;diversity_detailed;Baseline_V2;3.0537;3.3135;3.4038;3.2346;3.5804
569;uniqueness_detailed;Baseline_V2;2.7202;3.4564;3.0552;3.0473;3.0614
569;follow_detailed;Baseline_V2;3.0707;3.8787;3.3664;3.3904;3.7319
569;influence_detailed;Baseline_V2;2.822;3.8716;3.402;3.1025;3.2272
569;relevance_detailed;Baseline_V2;3.497;3.7121;3.1912;3.4265;3.607
569;subjcount_detailed;Baseline_V2;3.0661;3.4552;3.1795;3.1009;3.2526
570;subjpos_detailed;Baseline_V2;3.0002;3.2986;3.2858;2.9929;3.5912
570;diversity_detailed;Baseline_V2;3.0474;3.4303;3.1444;3.0517;3.3819
570;uniqueness_detailed;Baseline_V2;1.4492;3.2784;3.0405;2.8462;3.8103
570;follow_detailed;Baseline_V2;3.0729;3.8042;3.4717;3.0652;3.7929
570;influence_detailed;Baseline_V2;2.8633;3.5791;3.2382;2.9344;3.6775
570;relevance_detailed;Baseline_V2;3.0867;3.2508;3.0588;3.0191;3.8065
570;subjcount_detailed;Baseline_V2;3.0;3.2678;3.0867;2.9982;3.2229
571;subjpos_detailed;Baseline_V2;3.6572;3.0099;3.247;3.1158;3.7294
571;diversity_detailed;Baseline_V2;3.7715;3.2505;3.6934;3.2291;3.8454
571;uniqueness_detailed;Baseline_V2;3.0565;2.7162;3.1437;3.0857;3.3864
571;follow_detailed;Baseline_V2;3.698;3.5115;3.2302;3.111;3.7279
571;influence_detailed;Baseline_V2;3.6499;2.837;3.3411;3.1239;3.34
571;relevance_detailed;Baseline_V2;3.8071;3.8609;3.8155;3.237;3.685
571;subjcount_detailed;Baseline_V2;3.7046;3.0525;3.3515;3.0718;3.3734
572;subjpos_detailed;Baseline_V2;3.5652;3.8483;3.2391;3.1704;2.71
572;diversity_detailed;Baseline_V2;3.1808;3.5554;3.1204;3.3104;3.1321
572;uniqueness_detailed;Baseline_V2;3.1652;3.2363;3.0352;3.5795;3.0556
572;follow_detailed;Baseline_V2;3.6161;3.9159;3.3947;3.255;3.0974
572;influence_detailed;Baseline_V2;3.64;3.838;3.1338;3.327;2.89
572;relevance_detailed;Baseline_V2;3.2801;3.7766;3.406;3.5111;3.2913
572;subjcount_detailed;Baseline_V2;3.2219;3.4732;3.1337;3.0889;3.0038
573;subjpos_detailed;Baseline_V2;4.2865;3.087;3.2167;3.0267;3.1693
573;diversity_detailed;Baseline_V2;3.9138;3.5622;3.4829;3.0485;3.0582
573;uniqueness_detailed;Baseline_V2;3.9281;3.0332;3.1014;3.0571;3.0674
573;follow_detailed;Baseline_V2;4.051;3.7635;3.4096;3.0614;3.1662
573;influence_detailed;Baseline_V2;4.1295;3.6012;3.2495;2.9796;2.9231
573;relevance_detailed;Baseline_V2;3.8043;3.9349;3.2577;3.2625;3.1271
573;subjcount_detailed;Baseline_V2;3.9785;3.4461;3.386;3.0176;3.0715
574;subjpos_detailed;Baseline_V2;3.9417;3.0675;3.4235;3.3215;3.4007
574;diversity_detailed;Baseline_V2;3.6037;3.358;3.5623;3.3414;3.1443
574;uniqueness_detailed;Baseline_V2;3.3104;3.0519;3.165;3.4359;3.2008
574;follow_detailed;Baseline_V2;4.0114;3.6715;3.7462;3.7043;3.6016
574;influence_detailed;Baseline_V2;3.6391;3.1023;3.2898;3.345;3.1463
574;relevance_detailed;Baseline_V2;3.6758;3.7687;3.5807;3.5327;3.1445
574;subjcount_detailed;Baseline_V2;3.6069;3.2032;3.3495;3.1805;3.2449
575;subjpos_detailed;Baseline_V2;4.4898;3.1949;3.1552;3.1919;3.1797
575;diversity_detailed;Baseline_V2;4.017;3.5444;3.5542;3.475;3.6403
575;uniqueness_detailed;Baseline_V2;3.866;2.2225;2.4639;2.4065;2.2094
575;follow_detailed;Baseline_V2;4.4073;3.8095;3.7845;3.8415;3.859
575;influence_detailed;Baseline_V2;4.2996;3.4494;3.3371;3.6261;3.5717
575;relevance_detailed;Baseline_V2;4.5288;3.9639;4.0152;4.1345;4.2455
575;subjcount_detailed;Baseline_V2;4.0307;3.1878;3.4504;3.6264;3.7633
576;subjpos_detailed;Baseline_V2;3.0152;4.0146;2.1257;2.9286;2.3501
576;diversity_detailed;Baseline_V2;3.0325;3.8695;3.0755;3.0498;3.0064
576;uniqueness_detailed;Baseline_V2;1.0132;3.6674;1.0199;1.136;1.2883
576;follow_detailed;Baseline_V2;3.1033;3.9868;3.2552;3.0624;3.0358
576;influence_detailed;Baseline_V2;2.2106;3.8709;1.577;2.3017;1.6989
576;relevance_detailed;Baseline_V2;3.284;3.9447;3.3062;3.1322;3.0896
576;subjcount_detailed;Baseline_V2;3.0145;3.7863;2.9484;3.0052;2.9573
577;subjpos_detailed;Baseline_V2;2.7794;3.8254;3.6327;3.8178;3.616
577;diversity_detailed;Baseline_V2;3.0061;3.6081;3.7016;3.9285;3.6975
577;uniqueness_detailed;Baseline_V2;1.5452;3.0207;3.0702;3.4878;3.1247
577;follow_detailed;Baseline_V2;3.0;3.7769;3.6168;3.7992;3.493
577;influence_detailed;Baseline_V2;2.9716;3.7815;3.4963;3.7247;3.341
577;relevance_detailed;Baseline_V2;3.0706;3.8917;3.2639;3.9458;3.6037
577;subjcount_detailed;Baseline_V2;3.0189;3.5771;3.3187;3.4768;3.2689
578;subjpos_detailed;Baseline_V2;3.9321;3.4882;3.5878;3.0317;2.9912
579;subjpos_detailed;Baseline_V2;4.0135;3.2007;3.8241;2.9734;3.3997
578;diversity_detailed;Baseline_V2;3.8348;3.6031;3.1535;2.9567;3.0873
579;diversity_detailed;Baseline_V2;3.8985;3.411;3.9916;3.4153;3.0486
578;uniqueness_detailed;Baseline_V2;3.0477;3.1063;2.9445;2.8623;2.7427
579;uniqueness_detailed;Baseline_V2;3.1339;3.0889;3.7422;3.0358;2.8856
578;follow_detailed;Baseline_V2;3.8499;3.5927;3.3495;2.9737;3.0523
579;follow_detailed;Baseline_V2;4.0444;3.445;3.9855;3.0344;3.3709
578;influence_detailed;Baseline_V2;3.9262;3.4652;3.617;2.9445;2.8471
579;influence_detailed;Baseline_V2;3.9802;3.1888;3.8704;2.911;3.2412
578;relevance_detailed;Baseline_V2;3.8129;3.4229;3.2288;3.0123;3.5197
579;relevance_detailed;Baseline_V2;4.0464;3.4162;3.9487;3.4999;3.1954
578;subjcount_detailed;Baseline_V2;3.7166;3.1101;3.2639;2.9841;3.0356
579;subjcount_detailed;Baseline_V2;3.9338;3.1614;3.876;2.957;3.0739
580;subjpos_detailed;Baseline_V2;3.9324;3.0906;3.1303;3.2355;3.646
580;diversity_detailed;Baseline_V2;3.9296;3.7628;3.1604;3.6404;3.8255
580;uniqueness_detailed;Baseline_V2;3.1429;3.0891;2.9435;3.592;3.2413
580;follow_detailed;Baseline_V2;3.9222;3.7703;3.2329;3.644;3.7068
580;influence_detailed;Baseline_V2;3.823;3.1383;3.122;3.2396;3.4539
580;relevance_detailed;Baseline_V2;3.7899;3.9038;3.241;3.7872;3.6622
580;subjcount_detailed;Baseline_V2;3.6782;3.0693;3.0636;3.1255;3.3065
581;subjpos_detailed;Baseline_V2;3.9612;3.4847;2.9847;3.1538;3.0886
581;diversity_detailed;Baseline_V2;3.8565;3.088;3.0783;3.051;3.0693
581;uniqueness_detailed;Baseline_V2;3.172;2.9788;2.8697;2.9853;2.9767
581;follow_detailed;Baseline_V2;3.9189;3.5036;2.9996;3.0426;3.1017
581;influence_detailed;Baseline_V2;3.898;3.1647;3.0245;3.031;3.0342
581;relevance_detailed;Baseline_V2;3.9806;3.1748;3.5402;3.0752;3.0153
581;subjcount_detailed;Baseline_V2;3.8717;3.1813;3.0176;3.0084;3.0475
582;subjpos_detailed;Baseline_V2;4.0792;3.186;3.3641;3.4893;3.7172
582;diversity_detailed;Baseline_V2;3.8031;3.614;3.7483;3.5813;3.9757
582;uniqueness_detailed;Baseline_V2;3.5835;3.0719;3.1555;3.6914;3.6866
582;follow_detailed;Baseline_V2;3.9185;3.32;3.346;3.2207;3.8229
582;influence_detailed;Baseline_V2;3.9288;3.1974;3.3626;3.4014;3.6401
582;relevance_detailed;Baseline_V2;4.0512;3.9719;3.9022;3.5702;3.6558
582;subjcount_detailed;Baseline_V2;3.8183;3.0738;3.1947;3.1151;3.564
583;subjpos_detailed;Baseline_V2;4.1382;3.2565;2.8424;3.0252;3.0319
583;diversity_detailed;Baseline_V2;3.9572;3.3917;3.6697;3.4783;3.4278
583;uniqueness_detailed;Baseline_V2;3.7023;3.287;2.7428;2.4088;2.5923
583;follow_detailed;Baseline_V2;4.0135;3.2786;3.2306;3.1979;3.3133
583;influence_detailed;Baseline_V2;4.0263;3.1263;2.9859;3.0892;3.1425
583;relevance_detailed;Baseline_V2;4.017;3.9167;3.8367;3.903;3.9762
583;subjcount_detailed;Baseline_V2;3.9877;3.1179;3.106;3.0965;3.2596
584;subjpos_detailed;Baseline_V2;3.9799;3.1549;3.3897;2.998;2.9692
584;diversity_detailed;Baseline_V2;3.9183;3.3704;3.6476;3.2428;3.1746
584;uniqueness_detailed;Baseline_V2;3.2528;3.2405;3.0357;3.0179;3.2225
584;follow_detailed;Baseline_V2;4.0124;3.5319;3.6435;3.3684;3.3112
584;influence_detailed;Baseline_V2;3.8434;3.1279;3.2847;2.9538;2.9249
584;relevance_detailed;Baseline_V2;3.829;3.7264;3.7473;3.3853;3.4794
584;subjcount_detailed;Baseline_V2;3.8806;3.0892;3.2144;3.0161;3.0493
585;subjpos_detailed;Baseline_V2;4.0408;3.1462;3.1405;3.0969;3.0187
585;diversity_detailed;Baseline_V2;3.9359;3.3151;3.7311;3.6482;3.1821
585;uniqueness_detailed;Baseline_V2;4.1044;3.1025;3.018;3.1168;2.9076
585;follow_detailed;Baseline_V2;4.0146;3.2045;3.5873;3.533;3.213
585;influence_detailed;Baseline_V2;3.9397;3.2376;3.3312;3.3394;2.8533
585;relevance_detailed;Baseline_V2;3.9115;3.5464;3.6295;3.8217;3.799
585;subjcount_detailed;Baseline_V2;3.9019;3.0676;3.314;3.1589;3.0086
586;subjpos_detailed;Baseline_V2;3.965;3.0939;3.7785;3.2286;3.6903
586;diversity_detailed;Baseline_V2;3.5589;3.6196;3.8368;3.2118;3.8409
586;uniqueness_detailed;Baseline_V2;3.2133;3.1794;3.1369;3.3543;3.8004
586;follow_detailed;Baseline_V2;3.9976;3.5396;3.8205;3.2258;3.4413
586;influence_detailed;Baseline_V2;3.8847;3.0677;3.7622;3.2347;3.53
586;relevance_detailed;Baseline_V2;3.6179;3.6665;3.7443;3.2011;3.5335
586;subjcount_detailed;Baseline_V2;3.863;3.1592;3.6661;3.1243;3.642
587;subjpos_detailed;Baseline_V2;3.0369;4.0724;3.1562;3.3577;1.4697
587;diversity_detailed;Baseline_V2;3.4907;3.9999;3.4295;3.8667;2.9914
587;uniqueness_detailed;Baseline_V2;2.4601;3.8662;3.058;3.1802;2.9815
587;follow_detailed;Baseline_V2;3.523;4.0729;3.0487;3.7326;2.9927
587;influence_detailed;Baseline_V2;3.1427;4.0399;3.2065;3.6996;1.7004
587;relevance_detailed;Baseline_V2;3.9086;4.0504;3.1792;3.7649;3.0018
587;subjcount_detailed;Baseline_V2;3.411;3.9811;3.0793;3.2008;2.6487
588;subjpos_detailed;Baseline_V2;3.3861;3.1546;3.1282;3.0661;3.0218
588;diversity_detailed;Baseline_V2;3.3567;3.2015;3.1559;3.097;3.08
588;uniqueness_detailed;Baseline_V2;3.1093;3.0475;3.2772;3.568;3.6902
588;follow_detailed;Baseline_V2;3.7259;3.6883;3.784;3.5166;3.521
588;influence_detailed;Baseline_V2;3.4593;3.065;3.0307;3.0146;2.8582
588;relevance_detailed;Baseline_V2;3.279;3.0698;3.1246;3.0673;3.0903
588;subjcount_detailed;Baseline_V2;3.2135;3.0273;3.0669;3.0397;3.0
589;subjpos_detailed;Baseline_V2;3.757;3.3901;3.7867;3.2267;2.7907
589;diversity_detailed;Baseline_V2;3.9155;3.2055;3.9542;3.699;3.0585
589;uniqueness_detailed;Baseline_V2;3.0278;2.6759;3.2716;3.1106;2.5137
589;follow_detailed;Baseline_V2;3.9044;3.277;3.8905;3.7198;3.0376
589;influence_detailed;Baseline_V2;3.7097;3.089;3.7038;3.2402;2.915
589;relevance_detailed;Baseline_V2;3.9095;3.2185;3.7541;3.6016;3.2467
589;subjcount_detailed;Baseline_V2;3.8336;3.1172;3.7833;3.1452;2.99
590;subjpos_detailed;Baseline_V2;4.0411;3.0613;3.8013;3.3903;3.5162
590;diversity_detailed;Baseline_V2;3.8407;3.4139;3.8314;3.4363;3.4236
590;uniqueness_detailed;Baseline_V2;3.6585;3.3229;3.7232;3.848;3.284
590;follow_detailed;Baseline_V2;3.9497;3.3601;3.6561;3.3435;3.2026
590;influence_detailed;Baseline_V2;3.9288;3.0848;3.5297;3.1346;3.1876
590;relevance_detailed;Baseline_V2;3.9246;3.8717;3.8116;3.5774;3.5793
590;subjcount_detailed;Baseline_V2;3.8393;3.0452;3.4836;3.2174;3.1786
591;subjpos_detailed;Baseline_V2;4.1861;3.112;3.6802;2.6385;2.9623
591;diversity_detailed;Baseline_V2;3.998;3.1597;3.5571;3.2663;3.5101
591;uniqueness_detailed;Baseline_V2;3.8768;2.9654;3.3984;3.106;3.1136
591;follow_detailed;Baseline_V2;4.038;3.1229;3.5578;3.1248;3.3171
591;influence_detailed;Baseline_V2;4.0201;3.0513;3.641;2.9996;3.1684
591;relevance_detailed;Baseline_V2;4.027;3.5753;3.5235;3.8237;3.9827
591;subjcount_detailed;Baseline_V2;3.9943;3.0981;3.5842;3.0233;3.2558
592;subjpos_detailed;Baseline_V2;3.0149;3.0422;3.2084;3.0097;3.0136
592;diversity_detailed;Baseline_V2;3.0708;3.203;3.2848;3.1171;3.0886
592;uniqueness_detailed;Baseline_V2;2.9633;2.9838;3.0268;2.9643;2.9695
592;follow_detailed;Baseline_V2;3.0699;3.1534;3.3244;3.0614;3.0459
592;influence_detailed;Baseline_V2;2.9794;3.1017;3.4883;2.253;2.7288
592;relevance_detailed;Baseline_V2;3.1391;3.153;3.2809;3.0209;3.041
592;subjcount_detailed;Baseline_V2;3.0391;3.0776;3.147;3.0413;2.9724
593;subjpos_detailed;Baseline_V2;3.0733;3.9547;3.6307;2.9997;3.0014
593;diversity_detailed;Baseline_V2;3.2753;3.9925;3.9701;3.3255;3.114
593;uniqueness_detailed;Baseline_V2;3.0177;3.8296;3.5088;3.0799;3.1167
593;follow_detailed;Baseline_V2;3.3584;4.0055;3.9415;3.0886;3.0596
593;influence_detailed;Baseline_V2;3.2818;3.984;3.8418;2.9689;2.9819
593;relevance_detailed;Baseline_V2;3.2241;4.0158;3.7942;3.4128;3.5216
593;subjcount_detailed;Baseline_V2;3.0273;3.8662;3.5318;3.0109;3.0019
594;subjpos_detailed;Baseline_V2;3.9513;3.0321;3.7399;3.3499;3.0994
594;diversity_detailed;Baseline_V2;3.9594;3.341;3.9722;3.5847;3.3637
594;uniqueness_detailed;Baseline_V2;3.0123;2.8622;3.1853;3.0804;2.9121
594;follow_detailed;Baseline_V2;3.9503;3.3279;3.6525;3.5549;3.1288
594;influence_detailed;Baseline_V2;3.8904;3.1327;3.6863;3.4789;3.0723
595;subjpos_detailed;Baseline_V2;3.5717;3.6111;2.5837;3.5501;1.7293
594;relevance_detailed;Baseline_V2;3.9957;3.8524;3.8151;3.4239;3.1604
595;diversity_detailed;Baseline_V2;3.191;3.7837;3.0268;3.5641;2.8883
594;subjcount_detailed;Baseline_V2;3.8621;3.0912;3.3968;3.0859;3.0437
595;uniqueness_detailed;Baseline_V2;2.8694;3.1791;2.9938;3.2485;3.2128
595;follow_detailed;Baseline_V2;3.6533;3.5691;3.0426;3.5937;2.8154
595;influence_detailed;Baseline_V2;3.4342;3.7619;2.8476;3.3996;2.3432
595;relevance_detailed;Baseline_V2;3.4917;3.8073;3.4271;3.9076;3.3144
595;subjcount_detailed;Baseline_V2;3.2033;3.4409;2.9652;3.0986;2.801
596;subjpos_detailed;Baseline_V2;4.0417;3.094;3.4597;3.1669;3.8751
596;diversity_detailed;Baseline_V2;3.9875;3.5884;3.7827;3.5057;3.9383
596;uniqueness_detailed;Baseline_V2;3.4045;2.9862;3.0805;3.3226;3.7151
596;follow_detailed;Baseline_V2;3.9403;3.3175;3.6346;3.3462;3.9392
596;influence_detailed;Baseline_V2;3.9773;3.1367;3.4496;3.3547;3.7351
596;relevance_detailed;Baseline_V2;3.9686;3.8568;3.9153;3.8572;4.0135
596;subjcount_detailed;Baseline_V2;3.9364;3.0432;3.3284;3.0779;3.6975
597;subjpos_detailed;Baseline_V2;3.6732;2.9607;3.4102;3.6213;3.6943
597;diversity_detailed;Baseline_V2;3.3033;3.2664;3.4212;3.3527;3.628
597;uniqueness_detailed;Baseline_V2;3.259;3.0541;3.0939;3.6106;3.2424
597;follow_detailed;Baseline_V2;3.541;3.1765;3.3667;3.4436;3.5895
597;influence_detailed;Baseline_V2;3.8187;3.0762;3.4608;3.7451;3.3659
597;relevance_detailed;Baseline_V2;3.159;3.8029;3.6376;3.8286;3.9037
598;subjpos_detailed;Baseline_V2;3.9272;3.2347;2.838;2.9705;2.9114
597;subjcount_detailed;Baseline_V2;3.6512;3.072;3.2983;3.298;3.3365
598;diversity_detailed;Baseline_V2;3.5508;3.2391;3.1263;3.0986;3.1153
598;uniqueness_detailed;Baseline_V2;3.0774;3.112;2.5043;2.7598;2.9526
599;subjpos_detailed;Baseline_V2;3.8859;3.5732;3.3321;2.7636;3.1959
598;follow_detailed;Baseline_V2;3.9451;3.1721;3.3942;3.1546;3.1277
599;diversity_detailed;Baseline_V2;3.6264;3.3562;3.1292;3.1619;3.3013
598;influence_detailed;Baseline_V2;3.8415;3.2021;2.6969;2.8189;2.8296
599;uniqueness_detailed;Baseline_V2;3.1849;3.2977;3.0726;2.9498;3.0563
598;relevance_detailed;Baseline_V2;3.4507;3.4108;3.3122;3.3582;3.6385
599;follow_detailed;Baseline_V2;3.9612;3.5306;3.1829;3.1658;3.1911
598;subjcount_detailed;Baseline_V2;3.7631;3.1285;3.0547;3.0188;3.0207
599;influence_detailed;Baseline_V2;3.8137;3.4205;3.2031;2.8784;3.0649
600;subjpos_detailed;Baseline_V2;4.0128;3.2114;3.2554;3.0293;3.0111
599;relevance_detailed;Baseline_V2;3.9653;3.8519;3.6525;3.5789;3.3061
600;diversity_detailed;Baseline_V2;3.9112;3.0847;3.7684;3.6966;3.2987
599;subjcount_detailed;Baseline_V2;3.8347;3.2435;3.2158;2.9506;3.0069
600;uniqueness_detailed;Baseline_V2;3.3641;2.9882;3.221;2.4487;2.6123
600;follow_detailed;Baseline_V2;3.9824;3.0864;3.1087;3.2702;3.3147
600;influence_detailed;Baseline_V2;3.9546;3.1138;3.4195;3.2257;3.0559
600;relevance_detailed;Baseline_V2;4.0017;3.282;3.3184;3.8319;3.6913
600;subjcount_detailed;Baseline_V2;3.9204;3.0528;3.0989;3.0583;3.053
