User Prompt;Focus Topic;Journey Phase;Persona
Analyze the total cost of ownership (TCO) and return on investment (ROI) of our existing data storage solutions, and provide recommendations for future upgrades or replacements;Data Storage;Post-Purchase Use;External Consultant
Categorize the various benefits and drawbacks of implementing a hybrid workplace model, including its impact on employee engagement, retention, and overall business outcomes;Hybrid Workplace;No-Funnel;External Consultant
Develop a comprehensive data storage strategy that takes into account emerging technologies such as NVMe and storage class memory;Data Storage;Awareness;External Consultant
Evaluate the business case for implementing B2B-OEM solutions to enhance our manufacturing process efficiency, scalability, and cost-effectiveness;B2B-OEM Solutions;Re-evaluation;External Consultant
Evaluate the current state of our data storage infrastructure and provide recommendations for future-proofing and scalability to support emerging workloads such as AI and IoT;Data Storage;No-Funnel;End User
Evaluate the current state of our server management practices and provide recommendations for optimizing its performance and security;Server Management;Post-Decision Info Search;External Consultant
Assess the potential benefits and challenges of implementing direct liquid cooling in our data center, including energy efficiency and heat management implications;Direct Liquid Cooling;Interest;External Consultant
Analyze the current state of composable infrastructure adoption in our industry and provide recommendations for its implementation and optimization;Composable Infrastructure;Interest;External Consultant
Analyze this data backup strategy to identify areas for improvement and optimize our current solution;Data Backup;Desire;Subject Matter Expert (SME)
We're facing major issues with direct liquid cooling implementation due to compatibility problems, can someone recommend a more robust solution?;Direct Liquid Cooling;Desire;IT Decision Maker (ITDM)
Someone told me that data storage solutions are becoming increasingly complex and difficult to manage, I'm skeptical - can we get some clarity on this?;Data Storage;Awareness;Business Decision Maker (BDM)
We're currently facing a major bottleneck in our IT infrastructure due to inadequate support for hybrid workplace models, what's the best approach to address this issue?;Hybrid Workplace;Post-Decision Info Search;Business Decision Maker (BDM)
I've been tasked with re-evaluating our data backup strategy and I'm getting nowhere due to lack of resources and outdated documentation - can someone help me get back on track?;Data Backup;Re-evaluation;Subject Matter Expert (SME)
We're struggling to implement high-performance computing solutions due to difficulties in scaling and managing workloads, what's the best approach to address this challenge?;High-Performance Computing (HPC);Post-Decision Info Search;IT Decision Maker (ITDM)
I've been told that direct liquid cooling has significant benefits for data center thermal management, but I'm worried about compatibility issues - can someone provide more insights on this?;Direct Liquid Cooling;Post-Decision Info Search;Business Decision Maker (BDM)
We're re-evaluating our virtualization solutions and facing difficulties in integrating with existing infrastructure, what's the best approach to address this challenge?;Virtualization Solutions;Re-evaluation;IT Decision Maker (ITDM)
I've been asked to evaluate high-performance computing solutions for our research needs and I'm overwhelmed by the options - can someone help me narrow down the choices?;High-Performance Computing (HPC);Interest;IT Decision Maker (ITDM)
We're re-evaluating Exascale adoption due to concerns about scalability and integration with existing infrastructure, what's the best approach to address this challenge?;Exascale;Re-evaluation;Business Decision Maker (BDM)
I'm not sure why we even bother with B2B-OEM solutions - they just don't seem to deliver on their promises, can someone explain the value proposition here?;B2B-OEM Solutions;No-Funnel;Business Decision Maker (BDM)
We're re-evaluating virtualization solutions due to difficulties in scaling and managing workloads, what's the best approach to address this challenge?;Virtualization Solutions;Interest;Business Decision Maker (BDM)
I've been tasked with evaluating data storage solutions for our growing data needs and I'm getting nowhere due to lack of resources and outdated documentation - can someone help me get back on track?;Data Storage;Re-evaluation;External Consultant
We're currently facing significant challenges in implementing composable infrastructure due to difficulties in integrating with existing infrastructure, what's the best approach to address this challenge?;Composable Infrastructure;Post-Purchase Use;External Consultant
I'm struggling to implement hybrid workplace models due to inadequate support and lack of resources - can someone help me get up and running smoothly?;Hybrid Workplace;Post-Purchase Use;End User
Develop a comprehensive strategy for implementing Exascale computing to future-proof our research capabilities;Exascale;Desire;External Consultant
Assess the feasibility of integrating Direct Liquid Cooling into our data center's infrastructure to optimize energy efficiency and reduce costs;Direct Liquid Cooling;No-Funnel;Subject Matter Expert (SME)
Evaluate the business case for adopting Hyperconverged Infrastructure to streamline operations, improve scalability, and enhance compliance with regulatory requirements;Hyperconverged Infrastructure (HCI);Desire;IT Decision Maker (ITDM)
Analyze our current data backup and recovery processes to identify areas for improvement and recommend a more robust solution that meets GDPR compliance standards;Data Backup;Post-Decision Info Search;Subject Matter Expert (SME)
We need to ensure that our Server Management processes are optimized for efficiency, scalability, and compliance with regulatory requirements;Server Management;Post-Purchase Use;Business Decision Maker (BDM)
Develop a comprehensive strategy for implementing Hybrid Workplace models that meet compliance standards and optimize resource utilization;Hybrid Workplace;Interest;Business Decision Maker (BDM)
Evaluate the feasibility of integrating Finance & Asset Management Services into our organization to optimize financial operations, improve compliance with regulatory requirements, and reduce costs;Finance & Asset Management Services;Post-Decision Info Search;Subject Matter Expert (SME)
Develop a comprehensive strategy for implementing Data Storage solutions that meet compliance standards and optimize resource utilization;Data Storage;Action;End User
Evaluate the feasibility of integrating data backup and recovery processes to identify areas for improvement and recommend a more robust solution that meets GDPR compliance standards;Data Backup;Interest;Subject Matter Expert (SME)
Assess the feasibility of implementing Hybrid Workplace models that meet compliance standards and optimize resource utilization;Hybrid Workplace;Re-evaluation;End User
Evaluate the business case for adopting High-Performance Computing to future-proof our research capabilities, ensuring alignment with regulatory requirements and optimizing resource utilization;High-Performance Computing (HPC);Interest;Business Decision Maker (BDM)
Develop a comprehensive strategy for implementing Data Backup solutions that meet compliance standards and optimize resource utilization;Data Backup;Awareness;End User
We're considering Server Management solutions that integrate with our existing infrastructure, but I'm not sure which one is best for our team's needs;Server Management;Interest;External Consultant
Our current Business Continuity plan is outdated and needs an overhaul. Can someone help me identify areas for improvement?;Business Continuity;Re-evaluation;End User
We need a B2B-OEM Solutions partner that can meet our specific needs and deliver high-quality products on time. What are the key factors to consider when selecting a partner?;B2B-OEM Solutions;Action;End User
Our current Data Backup solution is not meeting our needs, and I'm concerned about data loss in case of an outage. Can someone help me identify alternative solutions that meet our requirements?;Data Backup;Re-evaluation;Business Decision Maker (BDM)
I'm new to the company and need help understanding how our Data Storage solution works. Can someone provide a high-level overview of its architecture and key features?;Data Storage;Awareness;End User
I've been tasked with evaluating the success of our current High-Performance Computing implementation, but I'm not sure how to measure its effectiveness. Can someone provide some guidance on metrics to track?;High-Performance Computing (HPC);Post-Purchase Use;External Consultant
Our Business Continuity plan is due for a review and update. What are the key factors to consider when assessing our current strategy and making recommendations for improvement?;Business Continuity;Re-evaluation;Business Decision Maker (BDM)
We're considering implementing Hyperconverged Infrastructure solutions to simplify our data center operations, but I'm not sure what benefits they offer over traditional infrastructure solutions. Can someone provide some insight into its advantages and disadvantages?;Hyperconverged Infrastructure (HCI);No-Funnel;IT Decision Maker (ITDM)
Assess our current High-Performance Computing infrastructure to identify areas for optimization and upgrade to achieve peak performance;High-Performance Computing (HPC);Desire;IT Decision Maker (ITDM)
Evaluate the impact of implementing Finance & Asset Management Services on team productivity, including time saved through streamlined resource allocation;Finance & Asset Management Services;Post-Purchase Use;Subject Matter Expert (SME)
Analyze the technical implications of switching to a cloud-based data storage solution, including scalability and redundancy considerations;Data Storage;Interest;Subject Matter Expert (SME)
Provide an in-depth analysis of our Server Management setup to determine if it meets industry standards for efficiency and reliability, and identify areas for improvement;Server Management;Post-Decision Info Search;IT Decision Maker (ITDM)
Discuss the potential benefits and challenges of implementing Exascale architectures in our organization, including implications for data center design and operations;High-Performance Computing (HPC);No-Funnel;Subject Matter Expert (SME)
Determine the optimal configuration for our Data Storage solution to ensure maximum capacity and minimal downtime, while also meeting regulatory requirements for data security and compliance;Data Storage;Desire;IT Decision Maker (ITDM)
Analyze the current state of our High-Performance Computing infrastructure and provide recommendations for upgrading or replacing components to achieve peak performance, including considerations for power consumption and cooling requirements;High-Performance Computing (HPC);Post-Decision Info Search;Subject Matter Expert (SME)
Evaluate the feasibility of implementing a comprehensive data backup solution that includes automated backups, versioning, and disaster recovery procedures to ensure business continuity in case of data loss or system failure;Data Backup;Awareness;External Consultant
Analyze the technical implications of switching to a Data Storage solution that incorporates artificial intelligence and machine learning algorithms for predictive analytics and real-time optimization;Data Storage;Desire;Subject Matter Expert (SME)
Evaluate the potential benefits and challenges of implementing Security/Risk/Compliance Services, including implications for data security, regulatory compliance, and incident response procedures;Security/Risk/Compliance Services;Desire;Subject Matter Expert (SME)
Discuss the impact of our current Hybrid Workplace setup on employee productivity and collaboration, and provide recommendations for optimizing the environment to meet evolving business needs;Hybrid Workplace;Interest;End User
Evaluate the feasibility of implementing an Exascale architecture in our organization, including considerations for data center design, power consumption, and cooling requirements, as well as potential benefits for high-performance computing applications;Exascale;Action;Business Decision Maker (BDM)
Determine the optimal configuration for our Direct Liquid Cooling system to ensure maximum efficiency and reliability, while also meeting regulatory requirements for data security and compliance;Direct Liquid Cooling;Desire;Business Decision Maker (BDM)
Analyze the technical implications of implementing Virtualization Solutions, including considerations for resource allocation, security, and scalability, as well as potential benefits for business continuity and disaster recovery procedures;Virtualization Solutions;Awareness;IT Decision Maker (ITDM)
What are the most critical steps for a BDM to take when acting upon an Exascale implementation plan?;Exascale;Action;Subject Matter Expert (SME)
Has anyone explored the benefits of Hyperconverged Infrastructure (HCI) for our company's IT needs? I'd love to hear about your experiences with HCI solutions.;Hyperconverged Infrastructure (HCI);Awareness;End User
I'm looking for ways to optimize our Hybrid Workplace setup, specifically with regards to integrating our existing collaboration tools with new virtual reality solutions.;Hybrid Workplace;Desire;End User
Can someone provide an analysis of the current market trends and technological advancements in Hyperconverged Infrastructure (HCI) that have enabled its adoption in various industries?;Hyperconverged Infrastructure (HCI);Post-Decision Info Search;External Consultant
We're evaluating B2B-OEM solutions for our company's IT infrastructure needs. What are the primary benefits of partnering with a reputable OEM vendor, and how can we ensure a smooth implementation process?;B2B-OEM Solutions;Interest;End User
Our team is struggling to manage our IT assets effectively. Can you recommend some best practices for implementing Finance & Asset Management Services that would help us optimize our resource utilization?;Finance & Asset Management Services;Post-Purchase Use;End User
Assess the current state of Composable Infrastructure adoption in the industry, highlighting its benefits and challenges, as well as potential applications in various sectors;Composable Infrastructure;No-Funnel;External Consultant
I'm tasked with evaluating High-Performance Computing (HPC) solutions for our company's research center. Can you provide an overview of the key performance indicators to consider when selecting an HPC provider?;High-Performance Computing (HPC);Desire;End User
We're considering implementing Hyperconverged Infrastructure (HCI) to improve our IT infrastructure's efficiency and scalability. What are the primary benefits of HCI, and how can we ensure seamless integration with our existing systems?;Hyperconverged Infrastructure (HCI);Desire;End User
I'm intrigued by the potential applications of Exascale architecture in modern data centers. Can someone provide an overview of its benefits and challenges, as well as its current adoption rates in various industries?;Exascale;No-Funnel;End User
Explain the benefits of implementing Hyperconverged Infrastructure (HCI) in terms of improved data management and reduced operational costs;Hyperconverged Infrastructure (HCI);Interest;End User
We're experiencing issues with our current Exascale cluster's energy efficiency. Can you recommend a solution that incorporates direct liquid cooling technologies?;Exascale;Post-Purchase Use;End User
Someone mentioned that our organization's high-performance computing cluster is underutilized. What are some strategies for optimizing its performance and reducing TCO?;High-Performance Computing (HPC);Action;End User
Someone told me that direct liquid cooling technologies are more energy-efficient than traditional cooling methods. What are the primary benefits of implementing this solution in our data center?;Direct Liquid Cooling;Interest;End User
Provide an overview of virtualization solutions for cloud computing and their applications in enterprise environments;Virtualization Solutions;Awareness;External Consultant
As an SME, how do I go about actually deploying an Exascale architecture in our data center?;Exascale;Re-evaluation;End User
Analyze the long-term benefits of investing in hybrid workplace solutions, including potential cost savings, improved collaboration, and enhanced employee productivity - can someone provide a customized ROI analysis report?;Hybrid Workplace;Re-evaluation;External Consultant
Can someone provide an overview of business continuity planning for disaster recovery sites?;Business Continuity;No-Funnel;Business Decision Maker (BDM)
We are currently exploring composable infrastructure solutions for cloud-native applications, seeking expert advice on implementation and integration;Composable Infrastructure;No-Funnel;Subject Matter Expert (SME)
Evaluating composable infrastructure vendors for their ability to support containerized microservices architecture and automated deployment;Composable Infrastructure;Desire;Subject Matter Expert (SME)
Someone told me that Exascale solutions can provide high-performance computing workloads in HPC clusters, but I'm not sure if it's the right fit for our needs;High-Performance Computing (HPC);Awareness;Business Decision Maker (BDM)
Can we discuss composable infrastructure options for supporting cloud-native applications and their long-term benefits?;Composable Infrastructure;Post-Purchase Use;Business Decision Maker (BDM)
We are currently implementing a business continuity plan, seeking expert advice on disaster recovery site setup and configuration in Azure;Business Continuity;Post-Decision Info Search;IT Decision Maker (ITDM)
Assessing data storage needs for large-scale analytics workloads with NVMe-over-Fabrics and storage class memory;Data Storage;No-Funnel;IT Decision Maker (ITDM)
Evaluating composable infrastructure options for supporting containerized microservices architecture and automated deployment in AWS;Composable Infrastructure;Action;Business Decision Maker (BDM)
Can we discuss business continuity planning for disaster recovery sites, including setup and configuration in Azure?;Business Continuity;Action;IT Decision Maker (ITDM)
We are currently assessing finance and asset management system requirements for large-scale datasets with machine learning-powered predictive analytics;Finance & Asset Management Services;Awareness;IT Decision Maker (ITDM)
Someone told me that security framework requirements can be met with cloud-based applications, microsegmentation, and least privilege access, but I'm not sure if it's the right fit for our needs;Security/Risk/Compliance Services;Interest;IT Decision Maker (ITDM)
Evaluating finance and asset management system options for supporting large-scale datasets with machine learning-powered predictive analytics and real-time reporting;Finance & Asset Management Services;Post-Purchase Use;IT Decision Maker (ITDM)
We are currently implementing data backup strategy, seeking expert advice on 3-2-1 rule compliance in AWS;Data Backup;Post-Purchase Use;IT Decision Maker (ITDM)
Can we discuss data backup options for supporting large-scale datasets with 3-2-1 rule compliance and WAN acceleration?;Data Backup;Action;Subject Matter Expert (SME)
We are currently assessing virtualization solutions for cloud computing, seeking expert advice on their benefits and applications in hybrid environments;Virtualization Solutions;No-Funnel;Subject Matter Expert (SME)
Evaluate our existing hyperconverged infrastructure setup for optimal performance and scalability;Hyperconverged Infrastructure (HCI);Post-Purchase Use;External Consultant
Assessing Exascale solutions for future-proofing our high-performance computing needs with AI-powered workload management;Exascale;No-Funnel;Business Decision Maker (BDM)
I'm not happy with our current B2B-OEM solution. Can we explore alternatives for better ROI?;B2B-OEM Solutions;Re-evaluation;End User
We need to finalize our virtualization solution selection and procure the necessary resources ASAP;Virtualization Solutions;Action;End User
Time to re-evaluate composable infrastructure requirements for cloud-native applications with automated deployment and scaling;Composable Infrastructure;Re-evaluation;Subject Matter Expert (SME)
Evaluating finance and asset management system requirements for large-scale datasets with machine learning-powered predictive analytics;Finance & Asset Management Services;Interest;Subject Matter Expert (SME)
Assessing business continuity plan effectiveness with disaster recovery site in Azure and GCP for hybrid cloud environments;Business Continuity;Post-Decision Info Search;Subject Matter Expert (SME)
We're considering IoT solutions for predictive maintenance in industrial settings. What are the key considerations?;Internet of Things (IoT);Awareness;Business Decision Maker (BDM)
Someone told me that Exascale solutions can provide significant performance gains with AI-powered workload management and accelerated computing;Exascale;Interest;Subject Matter Expert (SME)
Evaluating high-performance computing cluster architecture with MPI and OpenMP for scientific simulations with real-time analytics;High-Performance Computing (HPC);Re-evaluation;External Consultant
Time to implement security framework requirements for cloud-based applications with microsegmentation and least privilege access;Security/Risk/Compliance Services;Action;End User
I'm not sure what's the best approach to addressing security risks from unpatched vulnerabilities in our VMs;Security/Risk/Compliance Services;No-Funnel;End User
We're currently facing issues with data center thermal management. Can direct liquid cooling solutions help?;Direct Liquid Cooling;Action;End User
Assessing virtualization solution effectiveness for cloud computing workloads with NVMe-over-Fabrics and storage class memory;Virtualization Solutions;Post-Purchase Use;Subject Matter Expert (SME)
Evaluating IoT solution requirements for real-time analytics and sensor fusion in industrial settings with machine learning-powered predictive maintenance;Internet of Things (IoT);Post-Purchase Use;Subject Matter Expert (SME)
Develop comprehensive assessment of hyperconverged infrastructure solutions for large-scale deployments;Hyperconverged Infrastructure (HCI);Awareness;External Consultant
Develop business continuity plan with disaster recovery site in Azure and GCP for 1000 employees, incorporating hyperconverged infrastructure and virtualization solutions;Business Continuity;Awareness;External Consultant
Analyze this data backup strategy for cloud-based applications with 3-2-1 rule compliance issue, including RTO and RPO metrics;Data Backup;Desire;External Consultant
Evaluate composable infrastructure solution requirements for serverless computing and function-as-a-service (FaaS) workloads, including scalability and security considerations;Composable Infrastructure;Re-evaluation;External Consultant
Assess virtualization solution effectiveness for desktop computing workloads with AI-driven optimization and automation;Virtualization Solutions;Desire;End User
Evaluate direct liquid cooling solution requirements for data center thermal management efficiency, including power consumption and maintenance costs;Direct Liquid Cooling;Awareness;External Consultant
Implement a comprehensive Exascale solution that meets our organization's future-proofing goals for scientific research and innovation, while ensuring compliance with regulatory requirements;Exascale;Action;End User
Evaluate the current state of our HCI infrastructure and provide recommendations for optimizing its performance, scalability, and security to ensure NIS2 compliance;Hyperconverged Infrastructure (HCI);No-Funnel;End User
Analyze virtualization options for our cloud migration;Virtualization Solutions;Interest;Subject Matter Expert (SME)
Upgrade HCI infrastructure to improve scalability and efficiency;Hyperconverged Infrastructure (HCI);Post-Purchase Use;Business Decision Maker (BDM)
Implement hybrid workplace models with secure remote access controls;Hybrid Workplace;Action;Subject Matter Expert (SME)
Simplify server management processes for our distributed teams;Server Management;No-Funnel;Subject Matter Expert (SME)
Evaluate IoT solutions for smart building automation and energy efficiency;Internet of Things (IoT);Post-Decision Info Search;IT Decision Maker (ITDM)
Troubleshoot IoT device connectivity issues with our existing infrastructure;Internet of Things (IoT);Post-Purchase Use;IT Decision Maker (ITDM)
Assess finance & asset management services for better resource allocation;Finance & Asset Management Services;Interest;IT Decision Maker (ITDM)
We need Exascale solutions that support our growing research demands;Exascale;Desire;Business Decision Maker (BDM)
Integrate Exascale systems with our existing HPC infrastructure;Exascale;Post-Purchase Use;IT Decision Maker (ITDM)
Optimize HPC workloads for improved performance and resource utilization;High-Performance Computing (HPC);Post-Purchase Use;Subject Matter Expert (SME)
Implement hybrid workplace models with enhanced collaboration tools;Hybrid Workplace;Action;IT Decision Maker (ITDM)
Evaluate data storage options for our growing cloud storage needs;Data Storage;Desire;Business Decision Maker (BDM)
Explore direct liquid cooling solutions for improved data center efficiency;Direct Liquid Cooling;Interest;Business Decision Maker (BDM)
Assess virtualization solutions for better resource utilization and scalability;Virtualization Solutions;Desire;Subject Matter Expert (SME)
Simplify server management processes with automation tools;Server Management;No-Funnel;IT Decision Maker (ITDM)
Reassess our B2B-OEM Solutions strategy to ensure alignment with current market trends and customer needs;B2B-OEM Solutions;Re-evaluation;Business Decision Maker (BDM)
Evaluate the impact of Hybrid Workplace models on employee productivity, collaboration, and job satisfaction;Hybrid Workplace;Re-evaluation;Subject Matter Expert (SME)
Develop a comprehensive plan to integrate Finance & Asset Management Services into our organization's operations, streamlining financial processes and improving compliance with regulatory requirements;Finance & Asset Management Services;Action;External Consultant
Implement a robust data management system for Finance & Asset Management Services, ensuring accurate tracking of assets and financial transactions;Finance & Asset Management Services;Action;End User
Evaluate the feasibility of integrating Direct Liquid Cooling into our data center's infrastructure to optimize energy efficiency and reduce costs;Direct Liquid Cooling;Desire;End User
Someone told me that Internet of Things (IoT) solutions can improve manufacturing process efficiency, but I need more information on implementation details;Internet of Things (IoT);Post-Decision Info Search;Subject Matter Expert (SME)
Evaluate the effectiveness of Virtualization Solutions in our current infrastructure and assess their potential for improvement to meet growing demands;Virtualization Solutions;Re-evaluation;Business Decision Maker (BDM)
Analyze the benefits and drawbacks of implementing Virtualization Solutions, considering factors such as scalability, security, and resource utilization;Virtualization Solutions;Post-Purchase Use;IT Decision Maker (ITDM)
Are we getting the expected value out of our Exascale systems as end users?;Direct Liquid Cooling;Re-evaluation;Subject Matter Expert (SME)
Someone told me that Hyperconverged Infrastructure (HCI) solutions can simplify IT operations, but I need more information on implementation details;Hyperconverged Infrastructure (HCI);Awareness;Subject Matter Expert (SME)
Evaluate the impact of Internet of Things (IoT) solutions on our manufacturing process efficiency and explore potential areas for improvement;Internet of Things (IoT);No-Funnel;Business Decision Maker (BDM)
Analyze this data to determine whether we should re-evaluate our Data Storage strategy to ensure alignment with current business needs;Data Storage;Re-evaluation;End User
Evaluate the effectiveness of our current Data Backup solution and assess its potential for improvement to meet growing demands;Data Backup;Post-Decision Info Search;Business Decision Maker (BDM)
Someone told me that High-Performance Computing (HPC) solutions can improve research efficiency, but I need more information on implementation details;High-Performance Computing (HPC);Re-evaluation;IT Decision Maker (ITDM)
Someone told me that Data Storage solutions can improve collaboration and productivity, but I need more information on implementation details;Data Storage;Interest;End User
Analyze this RFP for Internet of Things (IoT) solutions to ensure we're getting the best value for our budget;Internet of Things (IoT);Interest;IT Decision Maker (ITDM)
We are currently facing compliance regulations with NIS2 and GDPR, which is why I'm looking into Data Backup solutions that meet these requirements;Data Backup;Awareness;Subject Matter Expert (SME)
Someone told me that Finance & Asset Management Services can help us optimize our budget, but I want to know more about its implementation process;Finance & Asset Management Services;Post-Decision Info Search;IT Decision Maker (ITDM)
We're considering Direct Liquid Cooling solutions, but I'm concerned about the upfront costs. How do they compare to traditional cooling methods?;Direct Liquid Cooling;Re-evaluation;IT Decision Maker (ITDM)
I've been tasked with evaluating Server Management solutions for our data center operations. What are the key factors to consider when making a selection?;Server Management;Awareness;External Consultant
Our team is looking into implementing Internet of Things (IoT) solutions, but I'm not sure how they can be integrated with our existing infrastructure. Can someone provide some guidance on this?;Internet of Things (IoT);Interest;Business Decision Maker (BDM)
We're exploring High-Performance Computing (HPC) solutions to boost our research capabilities, but I'm concerned about the costs and maintenance requirements. What are the key benefits and drawbacks of this technology?;High-Performance Computing (HPC);Interest;End User
Our company is considering a shift towards Hybrid Workplace models, but I'm not sure how it will affect our infrastructure and operations. Can someone provide some insight into its implications?;Hybrid Workplace;Awareness;External Consultant
We're tasked with developing a Business Continuity plan that meets the latest compliance regulations. What are the key steps to take when creating such a plan?;Business Continuity;Action;Subject Matter Expert (SME)
Someone told me that Exascale solutions can help us improve our research capabilities, but I'm not sure what they entail. Can someone provide some information on their architecture and benefits?;Exascale;Post-Decision Info Search;External Consultant
We're evaluating the benefits of Hybrid Workplace models for our organization. What are the key advantages and disadvantages of implementing this model?;Hybrid Workplace;Interest;External Consultant
Our team is considering Composable Infrastructure solutions, but I'm not sure how they can be integrated with our existing infrastructure. Can someone provide some guidance on this?;Composable Infrastructure;Interest;Business Decision Maker (BDM)
We're tasked with selecting a Composable Infrastructure solution that meets our growing capacity needs and complies with the latest regulations. What are the key factors to consider when making a selection?;Composable Infrastructure;Desire;Business Decision Maker (BDM)
Someone told me that Exascale solutions can help us improve our research capabilities, but I'm concerned about the costs and maintenance requirements. Can someone provide some insight into their implementation process and benefits?;Exascale;Interest;External Consultant
We're evaluating the effectiveness of our current Internet of Things (IoT) solution and assessing its compliance with regulations such as NIS2 and GDPR. What are the key metrics to track when measuring its success?;Internet of Things (IoT);Action;External Consultant
Can you explain the benefits of Direct Liquid Cooling for our data center operations?;Direct Liquid Cooling;Awareness;End User
Evaluate the current state of our Composable Infrastructure setup and provide recommendations for optimizing performance, scalability, and resource allocation;Composable Infrastructure;Post-Purchase Use;IT Decision Maker (ITDM)
We're considering implementing a Composable Infrastructure solution to improve agility and reduce costs. Can you walk me through the key features and capabilities?;Composable Infrastructure;Desire;End User
Assess our current Hybrid Workplace setup and provide recommendations for optimizing collaboration, productivity, and employee satisfaction while ensuring security and compliance requirements are met;Hybrid Workplace;Desire;IT Decision Maker (ITDM)
We're facing growing data storage needs and want to implement a reliable Data Backup solution. What features should we prioritize?;Data Backup;Interest;End User
Evaluate the feasibility of implementing B2B-OEM Solutions for our organization, including considerations for customization, integration, and support requirements;B2B-OEM Solutions;Desire;IT Decision Maker (ITDM)
We're looking to implement a Data Backup solution that meets regulatory requirements and ensures business continuity in case of data loss or system failure. What are the key considerations?;Data Backup;Desire;Business Decision Maker (BDM)
Evaluate the current state of our Hybrid Workplace setup and provide recommendations for optimizing collaboration, productivity, and employee satisfaction while ensuring security and compliance requirements are met;Hybrid Workplace;Post-Purchase Use;Business Decision Maker (BDM)
Analyze this: Our current Business Continuity plan is outdated. What steps can we take to update it and ensure business continuity in case of disruptions?;Business Continuity;Desire;End User
I'm an SME looking for advanced virtualization solutions to dramatically increase our workload density.;B2B-OEM Solutions;Post-Purchase Use;External Consultant
Someone told me that Exascale solutions can help us improve our research capabilities. Can you provide more information on the technical implications and benefits?;Exascale;Desire;Subject Matter Expert (SME)
Evaluate the current state of our Virtualization Solutions setup and provide recommendations for optimizing performance, scalability, and resource allocation while ensuring security and compliance requirements are met;Virtualization Solutions;Post-Decision Info Search;Subject Matter Expert (SME)
Our servers are overheating and as an end user, I really want a direct liquid cooling system installed.;Business Continuity;Post-Purchase Use;Business Decision Maker (BDM)
Evaluate the current state of our High-Performance Computing setup and provide recommendations for optimizing performance, scalability, and resource allocation while ensuring security and compliance requirements are met;High-Performance Computing (HPC);Post-Decision Info Search;Business Decision Maker (BDM)
Can you explain the benefits and technical implications of Exascale solutions for our organization?;Exascale;Interest;IT Decision Maker (ITDM)
Evaluate our current Security/Risk/Compliance Services framework to identify areas for improvement and optimize its alignment with industry best practices;Security/Risk/Compliance Services;Re-evaluation;External Consultant
We are currently facing increased regulatory scrutiny, and I'd like to assess the effectiveness of our Security/Risk/Compliance Services in mitigating potential risks and ensuring compliance with industry standards;Security/Risk/Compliance Services;Post-Decision Info Search;End User
Develop a comprehensive assessment of Composable Infrastructure's potential to enhance our IT infrastructure's agility, scalability, and cost-effectiveness, providing actionable recommendations for implementation;Composable Infrastructure;Desire;External Consultant
I'm looking to leverage the Internet of Things (IoT) to drive business innovation and improve operational efficiency. Can someone provide an overview of IoT adoption best practices and potential use cases?;Internet of Things (IoT);Desire;End User
Assess the current state of Server Management in our organization, highlighting areas for improvement and providing recommendations for optimizing resource utilization and reducing IT costs;Server Management;Post-Purchase Use;External Consultant
We're struggling to maintain accurate inventory records and track server performance effectively. Can someone provide guidance on implementing an effective Server Management strategy?;Server Management;Re-evaluation;External Consultant
Develop a Business Continuity plan that incorporates disaster recovery procedures, risk assessment, and incident management protocols to ensure business continuity in the event of a major disruption;Business Continuity;Desire;External Consultant
We're considering partnering with a B2B-OEM Solutions provider to enhance our IT infrastructure's capabilities. What are the key factors to consider when selecting a partner, and how can we ensure a successful collaboration?;B2B-OEM Solutions;Desire;External Consultant
We're concerned about the security risks associated with our IoT devices. Can someone provide an assessment of their current state and recommend strategies for mitigating potential threats?;Security/Risk/Compliance Services;Re-evaluation;End User
I'm struggling with server management tasks, can someone provide guidance on best practices?;Server Management;Desire;End User
Develop a comprehensive business continuity plan that incorporates disaster recovery procedures;Business Continuity;No-Funnel;External Consultant
We're concerned about data storage capacity and need help determining the right solution for our organization;Data Storage;Desire;End User
Assess the potential ROI of implementing direct liquid cooling technology in our data center;Direct Liquid Cooling;Post-Decision Info Search;External Consultant
Explore options for finance and asset management services that integrate with our existing ERP system;Finance & Asset Management Services;Desire;IT Decision Maker (ITDM)
We're considering implementing a business continuity plan, but I'm unsure about the costs associated. Can someone provide an estimate?;Business Continuity;Interest;IT Decision Maker (ITDM)
We need to assess the feasibility of implementing finance and asset management services that integrate with our existing ERP system, considering both cost and efficiency;Finance & Asset Management Services;Desire;External Consultant
Evaluate the best practices for designing and implementing a composable infrastructure solution to improve resource utilization and reduce costs;Composable Infrastructure;Awareness;External Consultant
We're experiencing issues with the scalability of our current IoT infrastructure, considering both cost and efficiency. What are some strategies for streamlining our IoT operations?;Internet of Things (IoT);Post-Purchase Use;External Consultant
Someone mentioned that our finance and asset management services are not aligned with emerging industry standards. What are some strategies for optimizing our IT asset utilization to reduce costs?;Finance & Asset Management Services;Awareness;External Consultant
Evaluate the long-term strategic implications of implementing a business continuity plan that aligns with NIS2 and GDPR regulations, considering both cost and efficiency;Business Continuity;Post-Purchase Use;External Consultant
Develop a comprehensive plan for implementing finance and asset management services that optimize resource allocation and reduce costs;Finance & Asset Management Services;Post-Decision Info Search;External Consultant
Evaluate the long-term strategic implications of adopting IoT solutions for our organization's future growth needs;Internet of Things (IoT);Re-evaluation;External Consultant
Implement a comprehensive business continuity plan to minimize downtime in case of disasters and ensure regulatory compliance;Business Continuity;Action;External Consultant
Evaluate the benefits of adopting hybrid workplace solutions that promote flexible work arrangements and reduce costs;Hybrid Workplace;Action;End User
Optimize our high-performance computing infrastructure to ensure seamless execution of complex simulations and data analytics tasks;High-Performance Computing (HPC);Post-Purchase Use;Business Decision Maker (BDM)
Evaluate the current state of our IoT implementation, identifying areas for improvement and potential cost savings through optimized practices;Internet of Things (IoT);Re-evaluation;Subject Matter Expert (SME)
Assess the long-term viability of our hyperconverged infrastructure setup, considering factors such as integration, scalability, and return on investment;Hyperconverged Infrastructure (HCI);Re-evaluation;Business Decision Maker (BDM)
Analyze our organization's data storage needs and recommend a suitable solution to meet future demands, ensuring optimal resource allocation and cost savings;Data Storage;No-Funnel;Business Decision Maker (BDM)
Evaluate the potential benefits of implementing finance and asset management services across our organization, focusing on cost savings, efficiency gains, and optimal resource allocation;Finance & Asset Management Services;Awareness;Subject Matter Expert (SME)
We are currently seeking a comprehensive business continuity plan to ensure minimal downtime in case of disruptions, considering factors such as risk assessment and mitigation strategies;Business Continuity;Awareness;Business Decision Maker (BDM)
Evaluate the current state of our hyperconverged infrastructure setup, identifying areas for improvement and potential cost savings through optimized practices;Hyperconverged Infrastructure (HCI);Post-Purchase Use;IT Decision Maker (ITDM)
Develop a comprehensive plan for implementing hybrid workplace solutions across our organization, focusing on promoting flexibility, collaboration, and productivity while minimizing costs;Hybrid Workplace;Action;Business Decision Maker (BDM)
Evaluate the potential benefits of implementing security, risk, and compliance services across our organization, focusing on minimizing risks, ensuring regulatory compliance, and optimizing resource allocation;Security/Risk/Compliance Services;Post-Decision Info Search;IT Decision Maker (ITDM)
Evaluate the current state of our finance and asset management practices, identifying areas for improvement and potential cost savings through optimized practices;Finance & Asset Management Services;No-Funnel;Subject Matter Expert (SME)
Is direct liquid cooling still the best option for our data center, or are there newer thermal management techniques?;Data Backup;Desire;End User
We need to procure reliable B2B-OEM solutions that can seamlessly integrate into our enterprise hardware.;Business Continuity;Post-Purchase Use;End User
As an end user, I desperately need a business continuity solution that keeps my applications online 24/7.;Data Storage;Interest;External Consultant
How can I advise my clients to maximize the ROI of their B2B-OEM solutions after the initial deployment?;Hyperconverged Infrastructure (HCI);Post-Decision Info Search;End User
How do we as BDMs ensure our business continuity plan remains effective year after year?;Internet of Things (IoT);No-Funnel;External Consultant
What are the best practices for an ITDM to optimize an existing hyperconverged infrastructure?;Direct Liquid Cooling;Post-Purchase Use;External Consultant
Assess the benefits of implementing a hybrid workplace solution, including potential cost savings and improved employee productivity;Hybrid Workplace;Post-Decision Info Search;External Consultant
Re-evaluate IoT strategy for improved data security and scalability;Internet of Things (IoT);Re-evaluation;IT Decision Maker (ITDM)
Optimize direct liquid cooling implementation to reduce energy consumption and costs;Direct Liquid Cooling;Post-Purchase Use;IT Decision Maker (ITDM)
Implement virtualization solutions to improve server utilization and scalability;Virtualization Solutions;Action;IT Decision Maker (ITDM)
Educate on Exascale solutions for high-performance computing needs and future-proofing research;Exascale;Awareness;IT Decision Maker (ITDM)
Assess direct liquid cooling feasibility for our datacenter upgrade project;Direct Liquid Cooling;Post-Decision Info Search;IT Decision Maker (ITDM)
Implement hyperconverged infrastructure to simplify management and improve data protection;Hyperconverged Infrastructure (HCI);Post-Decision Info Search;IT Decision Maker (ITDM)
Develop a data backup strategy to minimize downtime and ensure business continuity;Data Storage;Post-Purchase Use;Business Decision Maker (BDM)
Evaluate server management options for improved monitoring and maintenance of our IT infrastructure;Server Management;Post-Decision Info Search;Business Decision Maker (BDM)
Analyze this data storage solution for scalability and performance optimization in our cloud environment;Data Storage;Post-Decision Info Search;Subject Matter Expert (SME)
We need to implement IoT sensor data analytics for predictive maintenance, can someone provide guidance on the best approach?;Internet of Things (IoT);Action;Subject Matter Expert (SME)
Evaluating B2B-OEM solutions for our company's hardware requirements, seeking expert advice on integration and support;B2B-OEM Solutions;Action;Subject Matter Expert (SME)
Someone told me that direct liquid cooling can provide significant energy efficiency gains in data centers, but I'm not sure if it's worth the investment;Direct Liquid Cooling;Desire;Subject Matter Expert (SME)
We are currently assessing security risks and compliance requirements for our organization, seeking expert advice on best practices and solutions;Security/Risk/Compliance Services;No-Funnel;Business Decision Maker (BDM)
Can we discuss direct liquid cooling options for data center thermal management, including installation and maintenance procedures?;Direct Liquid Cooling;Post-Decision Info Search;Subject Matter Expert (SME)
Evaluating security framework requirements for our organization, seeking expert advice on compliance and risk assessment;Security/Risk/Compliance Services;Interest;Subject Matter Expert (SME)
We need to assess composable infrastructure options for our company's cloud environment, seeking expert guidance on scalability and performance optimization;Composable Infrastructure;Post-Decision Info Search;IT Decision Maker (ITDM)
Can someone provide an overview of virtualization solutions for our organization's cloud computing needs?;Virtualization Solutions;Post-Purchase Use;External Consultant
We are currently implementing data backup strategy, seeking expert advice on 3-2-1 rule compliance and WAN acceleration;Data Backup;No-Funnel;IT Decision Maker (ITDM)
I need an automated data backup solution so I never lose my important files again.;B2B-OEM Solutions;Desire;Business Decision Maker (BDM)
Can we discuss exascale options for high-performance computing workloads, including scalability and security considerations?;Exascale;Post-Purchase Use;External Consultant
Evaluating finance and asset management system requirements for our organization, seeking expert advice on compliance and risk assessment;Finance & Asset Management Services;Interest;Business Decision Maker (BDM)
We need to implement high-performance computing workloads in our data center, can someone provide guidance on the best approach?;High-Performance Computing (HPC);Action;Business Decision Maker (BDM)
Someone told me that IoT sensor data analytics can provide significant business value for predictive maintenance and process optimization, but I'm not sure if it's worth the investment;Internet of Things (IoT);Interest;Subject Matter Expert (SME)
Analyze this direct liquid cooling solution for our data center's thermal management;Direct Liquid Cooling;No-Funnel;IT Decision Maker (ITDM)
We're considering Exascale solutions to future-proof our high-performance computing needs, but I'm not sure what the benefits are;Exascale;Awareness;End User
Develop a direct liquid cooling implementation plan that meets our data center's unique thermal management requirements and ensures compliance with NIS2 regulations;Direct Liquid Cooling;Action;External Consultant
I'm interested in learning more about finance and asset management services for our organization, particularly regarding budgeting and forecasting tools;Finance & Asset Management Services;Interest;End User
Someone told me that data backup solutions can provide significant cost savings and reduce risk of data loss. Can we discuss the best approach?;Data Backup;Interest;External Consultant
Evaluating finance and asset management system requirements for our organization, with a focus on regulatory compliance and budgeting efficiency;Finance & Asset Management Services;Awareness;Business Decision Maker (BDM)
Time to re-evaluate high-performance computing cluster architecture for scientific simulations with real-time analytics and machine learning-powered predictive maintenance;High-Performance Computing (HPC);Re-evaluation;Subject Matter Expert (SME)
We're experiencing issues with IoT sensor data accuracy. Can someone help us optimize our IoT solution?;Internet of Things (IoT);Post-Decision Info Search;End User
Assessing virtualization solution effectiveness for cloud computing workloads, including ROI analysis and scalability considerations;Virtualization Solutions;No-Funnel;End User
Evaluating data backup strategy to ensure compliance with GDPR regulations and minimize downtime risks;Data Backup;Post-Decision Info Search;IT Decision Maker (ITDM)
Time to assess virtualization solution effectiveness for our organization's cloud computing workloads, including ROI analysis and scalability considerations;Virtualization Solutions;Post-Decision Info Search;External Consultant
Evaluating server management strategies for cloud-native applications with automation and DevOps integration, ensuring compliance with NIS2 regulations;Server Management;Re-evaluation;IT Decision Maker (ITDM)
I'm interested in learning more about finance and asset management services that can help us optimize our budgeting and forecasting processes;Finance & Asset Management Services;Desire;End User
Evaluating IoT solution requirements for industrial settings with machine learning-powered predictive maintenance, including ROI analysis and scalability considerations;Internet of Things (IoT);No-Funnel;IT Decision Maker (ITDM)
Assessing finance and asset management system effectiveness for our organization, including regulatory compliance and budgeting efficiency metrics;Finance & Asset Management Services;Post-Decision Info Search;Business Decision Maker (BDM)
Analyze this finance and asset management system implementation for our organization, including ROI and total cost of ownership metrics;Finance & Asset Management Services;Post-Purchase Use;External Consultant
Develop a composable infrastructure strategy that incorporates serverless computing, containerization, and AI-driven optimization for improved agility and scalability;Composable Infrastructure;Awareness;End User
Develop a high-performance computing (HPC) strategy that incorporates AI-driven simulation and modeling capabilities for scientific research and development;High-Performance Computing (HPC);Action;External Consultant
Evaluate the feasibility of implementing data backup solutions that incorporate AI-driven data deduplication and compression for improved efficiency;Data Backup;Action;External Consultant
Optimize the current virtualization infrastructure to improve scalability, security, and performance for our organization;Virtualization Solutions;Post-Purchase Use;End User
I'm trying to understand how IoT devices can be integrated with our existing systems - someone told me that it's not as straightforward as it sounds?;Internet of Things (IoT);Interest;End User
Develop security protocols for sensitive data transfer;Security/Risk/Compliance Services;Action;Subject Matter Expert (SME)
Evaluate B2B-OEM Solutions for customization and integration with our existing products;B2B-OEM Solutions;No-Funnel;Subject Matter Expert (SME)
Improve finance & asset management services to enhance resource allocation and reduce costs;Finance & Asset Management Services;Post-Purchase Use;Business Decision Maker (BDM)
We are currently facing challenges in disaster recovery planning for our organization;Business Continuity;Awareness;IT Decision Maker (ITDM)
Evaluate HCI solutions for scalability, efficiency, and cost-effectiveness;Hyperconverged Infrastructure (HCI);Interest;Business Decision Maker (BDM)
Implement virtualization solutions to improve resource utilization and reduce hardware costs;Virtualization Solutions;Action;Business Decision Maker (BDM)
Someone told me that Composable Infrastructure can simplify IT operations, but I need more information on implementation details;Composable Infrastructure;Awareness;Subject Matter Expert (SME)
Evaluate server management processes for our distributed teams to improve efficiency and productivity;Server Management;Post-Purchase Use;IT Decision Maker (ITDM)
How do I trigger our disaster recovery procedures if my primary system goes down?;Virtualization Solutions;Desire;Business Decision Maker (BDM)
We are currently facing challenges in integrating IoT devices with our existing infrastructure;Internet of Things (IoT);Post-Purchase Use;Business Decision Maker (BDM)
Someone told me that Composable Infrastructure can improve data center efficiency, but I need more information on implementation details;Composable Infrastructure;Post-Decision Info Search;Business Decision Maker (BDM)
Evaluate data backup solutions for our growing cloud storage needs to ensure data integrity and security;Data Backup;Interest;IT Decision Maker (ITDM)
Someone told me that Server Management can improve IT operations, but I need more information on implementation details;Server Management;Desire;IT Decision Maker (ITDM)
We are currently facing challenges in optimizing HCI infrastructure for our growing demands;Hyperconverged Infrastructure (HCI);Awareness;IT Decision Maker (ITDM)
Develop security protocols for sensitive data transfer to protect against cyber threats and data breaches;Security/Risk/Compliance Services;Post-Purchase Use;Subject Matter Expert (SME)
Optimize B2B-OEM Solutions for maximum ROI;B2B-OEM Solutions;Post-Purchase Use;IT Decision Maker (ITDM)
Reassess Finance & Asset Management Services to improve operational efficiency;Finance & Asset Management Services;Re-evaluation;External Consultant
Evaluate Business Continuity strategies to minimize downtime and data loss;Business Continuity;No-Funnel;IT Decision Maker (ITDM)
Review Virtualization Solutions for cost savings and scalability options;Virtualization Solutions;Post-Decision Info Search;End User
Analyze High-Performance Computing (HPC) infrastructure for performance bottlenecks;High-Performance Computing (HPC);Post-Purchase Use;IT Decision Maker (ITDM)
Evaluate Business Continuity protocols to ensure disaster recovery readiness;Business Continuity;Post-Decision Info Search;End User
Simplify Server Management processes with automation tools and workflows;Server Management;Post-Decision Info Search;End User
Assess Hybrid Workplace models for collaboration and productivity benefits;Hybrid Workplace;No-Funnel;Business Decision Maker (BDM)
Explore Internet of Things (IoT) solutions to enhance manufacturing process efficiency;Internet of Things (IoT);Desire;Business Decision Maker (BDM)
Evaluate High-Performance Computing (HPC) capabilities for research and development projects;High-Performance Computing (HPC);Awareness;IT Decision Maker (ITDM)
Optimize Virtualization Solutions for maximum resource utilization and scalability;Virtualization Solutions;No-Funnel;IT Decision Maker (ITDM)
Implement Direct Liquid Cooling to reduce data center energy consumption and costs;Direct Liquid Cooling;Action;Business Decision Maker (BDM)
Evaluate Server Management best practices for improving IT operations and reducing downtime;Server Management;Desire;Subject Matter Expert (SME)
Reassess High-Performance Computing (HPC) infrastructure for performance optimization and cost savings;High-Performance Computing (HPC);Re-evaluation;End User
Review Data Backup strategies to ensure data integrity and recoverability in case of disaster;Data Backup;Re-evaluation;IT Decision Maker (ITDM)
Can someone provide an analysis of our Exascale solution's performance over the past quarter?;Exascale;Post-Purchase Use;Business Decision Maker (BDM)
We're considering implementing High-Performance Computing (HPC) solutions to boost our research capabilities. What are the key factors to consider when making a selection?;High-Performance Computing (HPC);Interest;Subject Matter Expert (SME)
Someone told me that Server Management solutions can help us improve our IT operations and reduce costs. Can you provide some information on their implementation process?;Server Management;Post-Decision Info Search;Subject Matter Expert (SME)
We're exploring the benefits of Internet of Things (IoT) solutions for our organization, but I'm not sure how they can be integrated with our existing infrastructure. What are the key considerations to keep in mind when implementing this technology?;Internet of Things (IoT);Awareness;End User
I've been tasked with evaluating Data Backup solutions that meet our growing capacity needs and comply with regulations such as NIS2 and GDPR. Can someone provide some insight into their architecture and benefits?;Data Backup;Interest;Business Decision Maker (BDM)
We're considering implementing a new Data Backup solution, but I'm concerned about the costs and maintenance requirements. What are the key factors to consider when making a selection?;Data Backup;Post-Purchase Use;Business Decision Maker (BDM)
Our team is currently facing compliance regulations with NIS2 and GDPR, which is why we're looking into Security/Risk/Compliance Services that meet these requirements. Can someone provide some guidance on this?;Security/Risk/Compliance Services;Post-Purchase Use;External Consultant
Someone told me that Business Continuity solutions can help us improve our disaster recovery capabilities. Can you provide some information on their implementation process and benefits?;Business Continuity;Interest;End User
We're considering implementing Hyperconverged Infrastructure (HCI) solutions to boost our IT operations and reduce costs. What are the key advantages and disadvantages of this technology?;Hyperconverged Infrastructure (HCI);Desire;Business Decision Maker (BDM)
Can someone provide an analysis of our Exascale solution's performance over the past quarter, taking into account its compliance with regulations such as NIS2 and GDPR?;Exascale;Re-evaluation;External Consultant
We're considering implementing Security/Risk/Compliance Services to improve our security posture and meet regulatory requirements. What are the key factors to consider when making a selection?;Security/Risk/Compliance Services;Interest;Business Decision Maker (BDM)
Someone told me that Direct Liquid Cooling solutions can help us improve our data center operations and reduce costs. Can you provide some information on their implementation process?;Direct Liquid Cooling;Re-evaluation;End User
We're exploring the benefits of B2B-OEM Solutions for our organization, but I'm not sure how they can be integrated with our existing infrastructure. What are the key considerations to keep in mind when implementing this technology?;B2B-OEM Solutions;Post-Purchase Use;End User
Can someone provide an analysis of our Hyperconverged Infrastructure (HCI) solution's performance over the past quarter, taking into account its compliance with regulations such as NIS2 and GDPR?;Hyperconverged Infrastructure (HCI);Post-Decision Info Search;Business Decision Maker (BDM)
We're considering implementing High-Performance Computing (HPC) solutions to boost our research capabilities. What are the key advantages and disadvantages of this technology, and how can we optimize its performance?;High-Performance Computing (HPC);Desire;Subject Matter Expert (SME)
Can't we just get some clarity on how IoT can benefit our organization?;Internet of Things (IoT);Awareness;IT Decision Maker (ITDM)
Our data center is bursting at the seams, and I need a solution that can scale with us. What are my options for Server Management?;Server Management;Interest;Business Decision Maker (BDM)
We're struggling to keep up with security threats and compliance regulations. Can someone provide expert guidance on Security/Risk/Compliance Services?;Security/Risk/Compliance Services;Desire;End User
I'm trying to convince our leadership that we need a robust Server Management solution, but I just can't seem to get the numbers to add up. How do I make the case for it?;Server Management;Desire;External Consultant
We're in the midst of a major IT overhaul, and I'm worried that our current Server Management setup will hold us back. What are the key considerations for upgrading?;Server Management;Interest;IT Decision Maker (ITDM)
I've heard rumors that Security/Risk/Compliance Services can help us mitigate some of our biggest security risks. Can someone tell me more about what's involved?;Security/Risk/Compliance Services;Desire;External Consultant
We're drowning in paperwork and compliance requirements, and I'm starting to lose sleep over it. What are the key takeaways from a recent study on Finance & Asset Management Services?;Finance & Asset Management Services;Awareness;End User
I've been tasked with evaluating our current Hybrid Workplace setup, but I need more information on what's available in terms of tools and services. Can someone provide some insight?;Hybrid Workplace;Post-Decision Info Search;IT Decision Maker (ITDM)
Someone told me that Exascale solutions can help us improve our research capabilities, but I'm skeptical. What are the technical implications, and how will it affect our IT infrastructure?;Exascale;Desire;IT Decision Maker (ITDM)
Our data storage needs are skyrocketing, and I need a solution that can keep up with our growth. What options do we have for Data Storage?;Data Storage;Interest;Business Decision Maker (BDM)
I've been tasked with evaluating our current security posture, but I'm struggling to understand the nuances of Security/Risk/Compliance Services. Can someone provide a high-level overview?;Security/Risk/Compliance Services;Awareness;IT Decision Maker (ITDM)
I've been working on a project that involves Hybrid Workplace solutions, and I'm starting to realize just how complex it is. What are the key considerations for implementing a successful Hybrid Workplace setup?;Hybrid Workplace;No-Funnel;Subject Matter Expert (SME)
Analyze this: Our current Virtualization Solutions setup is woefully inadequate. What steps can we take to modernize and optimize our infrastructure?;Virtualization Solutions;Action;External Consultant
We're facing a crisis in terms of Business Continuity planning, and I need expert guidance on how to get back on track. Can someone provide some recommendations?;Business Continuity;Awareness;Subject Matter Expert (SME)
I've been tasked with evaluating B2B-OEM Solutions for our organization, but I'm struggling to understand the benefits. What are the key advantages of implementing a B2B-OEM Solution?;B2B-OEM Solutions;Action;External Consultant
We're experiencing data breaches and security incidents left and right - what's going on with our IoT infrastructure?;Internet of Things (IoT);Re-evaluation;End User
Develop a comprehensive assessment of Data Storage solutions that can meet our organization's growing data needs, including scalability, security, and cost-effectiveness;Data Storage;Desire;External Consultant
Someone mentioned that Virtualization Solutions can improve resource utilization and reduce costs. Can you provide a detailed analysis of their potential applications in our organization?;Virtualization Solutions;Interest;External Consultant
I'm struggling to get the most out of Hyperconverged Infrastructure (HCI) - can someone provide guidance on optimizing its performance and reducing costs?;Hyperconverged Infrastructure (HCI);Interest;External Consultant
Our Business Continuity plan is outdated, and I'd like to develop a comprehensive strategy for disaster recovery, risk assessment, and incident management protocols;Business Continuity;Re-evaluation;External Consultant
Someone told me that Server Management is critical to IT infrastructure optimization. Can you provide an overview of its key components, including resource utilization, performance monitoring, and capacity planning?;Server Management;Desire;Business Decision Maker (BDM)
We're facing significant challenges in terms of Server Management, including resource utilization and performance issues. Can someone provide a detailed analysis of their current state and recommend strategies for improvement?;Server Management;Action;End User
I'm frustrated with the lack of visibility into our Internet of Things (IoT) ecosystem - can someone provide an overview of its current state and recommend strategies for optimization and growth?;Internet of Things (IoT);Post-Purchase Use;End User
Develop a comprehensive risk management strategy to mitigate potential security threats;Security/Risk/Compliance Services;No-Funnel;IT Decision Maker (ITDM)
Evaluate the business case for adopting hyperconverged infrastructure solutions;Hyperconverged Infrastructure (HCI);Awareness;Business Decision Maker (BDM)
Assess the feasibility of implementing finance and asset management services to optimize resource allocation;Finance & Asset Management Services;Re-evaluation;Business Decision Maker (BDM)
We're experiencing issues with data storage capacity and need a solution that can scale with our business;Data Storage;Post-Purchase Use;IT Decision Maker (ITDM)
Analyze the long-term implications of IoT adoption on our organization's infrastructure and provide recommendations for improvement;Internet of Things (IoT);Re-evaluation;Business Decision Maker (BDM)
Develop a comprehensive plan to implement finance and asset management services that integrate with our existing ERP system;Finance & Asset Management Services;Action;Business Decision Maker (BDM)
Evaluate the effectiveness of our current security risk management strategy and recommend areas for improvement;Security/Risk/Compliance Services;Re-evaluation;IT Decision Maker (ITDM)
We're considering adopting hybrid workplace solutions to improve employee productivity and collaboration. What are the key considerations?;Hybrid Workplace;Re-evaluation;IT Decision Maker (ITDM)
Assess the feasibility of migrating to hyperconverged infrastructure solutions for improved resource utilization and scalability;Hyperconverged Infrastructure (HCI);Re-evaluation;Subject Matter Expert (SME)
We're interested in exploring composable infrastructure solutions that can provide greater flexibility and agility. Can someone walk me through the benefits?;Composable Infrastructure;Interest;Subject Matter Expert (SME)
Develop a comprehensive plan to implement direct liquid cooling solutions that reduce energy costs and improve data center efficiency;Direct Liquid Cooling;Awareness;Business Decision Maker (BDM)
We're considering partnering with an external consultant to help us navigate the complexities of IoT adoption. Can someone recommend a reputable partner?;Internet of Things (IoT);Interest;External Consultant
Implement a robust server management strategy that includes proactive monitoring and maintenance to minimize downtime and improve resource utilization;Server Management;Action;IT Decision Maker (ITDM)
We're facing significant challenges in terms of data backup and recovery, including ensuring compliance with regulatory requirements. Can someone provide guidance on best practices?;Data Backup;No-Funnel;External Consultant
I'm interested in learning more about hyperconverged infrastructure solutions and how they can benefit our organization. Can someone provide a high-level overview?;Hyperconverged Infrastructure (HCI);Re-evaluation;End User
Assess our organization's current security posture and identify areas for improvement regarding risk management and compliance services;Security/Risk/Compliance Services;Awareness;External Consultant
Someone mentioned that exascale technology is being used to accelerate scientific research. Can you explain how it works and its potential applications in our industry?;Exascale;Post-Decision Info Search;End User
Evaluate the best practices for designing and implementing a composable infrastructure solution that integrates with our existing IT infrastructure, considering both cost and efficiency;Composable Infrastructure;Interest;End User
Someone told me that high-performance computing (HPC) solutions are being used to accelerate complex simulations. Can you explain how it works and its potential applications in our industry?;High-Performance Computing (HPC);Post-Decision Info Search;End User
Evaluate the long-term strategic implications of implementing B2B-OEM solutions in our organization, considering both cost and efficiency;B2B-OEM Solutions;Interest;External Consultant
Someone mentioned that composable infrastructure solutions are being used to improve resource utilization. Can you explain how it works and its potential applications in our industry?;Composable Infrastructure;No-Funnel;End User
Evaluate the ROI of our HPC solution to determine if it's still meeting business needs;High-Performance Computing (HPC);Post-Decision Info Search;External Consultant
We're struggling with virtualization solution implementation - someone tell us what we're doing wrong;Virtualization Solutions;Re-evaluation;End User
Assess our server management strategy for efficiency and scalability;Server Management;Interest;Subject Matter Expert (SME)
Evaluate direct liquid cooling solutions for data centers;Direct Liquid Cooling;Awareness;Subject Matter Expert (SME)
Provide an overview of exascale computing capabilities and benefits;Exascale;Awareness;Subject Matter Expert (SME)
Develop a comprehensive plan for optimizing our data storage infrastructure;Data Storage;Action;Subject Matter Expert (SME)
We are currently facing challenges with remote work setup and management, can you provide recommendations?;Hybrid Workplace;No-Funnel;IT Decision Maker (ITDM)
What are the most cutting-edge enterprise data storage solutions available for my clients?;Hyperconverged Infrastructure (HCI);Action;IT Decision Maker (ITDM)
Someone mentioned that our data storage solution is not meeting industry standards, can you provide recommendations?;Data Storage;Post-Decision Info Search;Business Decision Maker (BDM)
As an end user, how do I configure the new HCI environment we just purchased?;Hyperconverged Infrastructure (HCI);No-Funnel;Subject Matter Expert (SME)
Analyze the ROI of our B2B-OEM solutions to determine if they're still meeting business objectives;B2B-OEM Solutions;Re-evaluation;IT Decision Maker (ITDM)
Evaluate the current state of our security, risk, and compliance practices, identifying areas for improvement and potential cost savings through optimized practices;Security/Risk/Compliance Services;Re-evaluation;Business Decision Maker (BDM)
Someone told me that we need to implement finance and asset management services across our organization;Finance & Asset Management Services;Desire;Business Decision Maker (BDM)
We are currently facing challenges with implementing IoT solutions, can you provide recommendations?;Internet of Things (IoT);Desire;Subject Matter Expert (SME)
Evaluate the current state of our virtualization solution and identify areas for improvement and potential cost savings through optimized practices;Virtualization Solutions;Desire;External Consultant
Analyze the benefits of implementing B2B-OEM solutions across our organization, focusing on cost savings and efficiency gains;B2B-OEM Solutions;Awareness;Business Decision Maker (BDM)
Evaluate the current state of our server management strategy for efficiency and scalability;Server Management;No-Funnel;End User
Optimize our data backup strategy to minimize RPO and RTO;Data Backup;Post-Decision Info Search;End User
Evaluate the efficacy of hybrid workplace solutions on employee productivity and collaboration;Hybrid Workplace;Re-evaluation;Business Decision Maker (BDM)
Explain the concept of IoT edge computing and its implications for data sovereignty;Internet of Things (IoT);Awareness;External Consultant
Assess the viability of B2B-OEM solutions in reducing procurement lead times and improving supply chain resilience;B2B-OEM Solutions;Interest;Business Decision Maker (BDM)
Simplify our server management workflow to reduce mean time to recover (MTTR) and improve uptime;Server Management;Interest;End User
Develop a strategy for implementing HPC clusters with heterogeneous CPU architectures;High-Performance Computing (HPC);No-Funnel;IT Decision Maker (ITDM)
Design a composable infrastructure framework for dynamically allocating resources in real-time;Composable Infrastructure;No-Funnel;Business Decision Maker (BDM)
Evaluate the feasibility of HCI solutions for consolidating legacy infrastructure and reducing costs;Hyperconverged Infrastructure (HCI);No-Funnel;External Consultant
Reassess our finance and asset management services to ensure alignment with industry best practices;Finance & Asset Management Services;Re-evaluation;IT Decision Maker (ITDM)
Implement B2B-OEM solutions for streamlining procurement processes and improving vendor relationships;B2B-OEM Solutions;Action;Business Decision Maker (BDM)
Develop a hybrid workplace strategy to enhance employee experience and drive business outcomes;Hybrid Workplace;Awareness;IT Decision Maker (ITDM)
Evaluate the current state of our server management strategy for efficiency and cost-effectiveness;Server Management;No-Funnel;Business Decision Maker (BDM)
Analyze the scalability and performance implications of exascale computing on our organization's infrastructure;Exascale;Post-Decision Info Search;Subject Matter Expert (SME)
Evaluate the security, risk, and compliance requirements for implementing IoT devices in a production environment;Security/Risk/Compliance Services;Interest;End User
Develop an IoT strategy to leverage edge computing and enhance data analytics capabilities;Internet of Things (IoT);No-Funnel;Subject Matter Expert (SME)
Analyze the effectiveness of our current server management solution in supporting employee productivity;Server Management;Post-Purchase Use;End User
Evaluate Finance & Asset Management Services to ensure they meet our organization's compliance requirements and regulatory standards;Finance & Asset Management Services;Re-evaluation;End User
Evaluate data backup solutions that meet our organization's specific needs, including scalability and GDPR compliance requirements;Data Backup;Post-Purchase Use;End User
Evaluate B2B-OEM Solutions for their potential to improve efficiency and reduce costs, considering future growth and regulatory requirements;B2B-OEM Solutions;Awareness;External Consultant
Develop a business continuity plan that ensures minimal downtime in the event of an unexpected disruption, while ensuring NIS2 compliance;Business Continuity;Action;End User
Assess the benefits of implementing a business continuity plan that ensures minimal downtime in the event of an unexpected disruption, while ensuring NIS2 compliance and regulatory requirements;Business Continuity;Interest;External Consultant
Evaluate the potential benefits of High-Performance Computing (HPC) for improving computational efficiency and reducing costs;High-Performance Computing (HPC);No-Funnel;External Consultant
Assess the technical viability of implementing HPC to support our organization's growing computational needs and regulatory requirements;High-Performance Computing (HPC);Desire;External Consultant
Analyze this HCI implementation for improved scalability and performance;Hyperconverged Infrastructure (HCI);Post-Purchase Use;Subject Matter Expert (SME)
Evaluate the benefits of Hyperconverged Infrastructure for our organization's needs;Hyperconverged Infrastructure (HCI);Interest;IT Decision Maker (ITDM)
Re-evaluate composable infrastructure strategy to ensure alignment with business goals and budget constraints;Composable Infrastructure;Re-evaluation;Business Decision Maker (BDM)
Educate on Exascale solutions for high-performance computing needs, including scalability and security considerations;Exascale;No-Funnel;Subject Matter Expert (SME)
Optimize composable infrastructure implementation to reduce costs and improve resource utilization;Composable Infrastructure;Post-Purchase Use;Subject Matter Expert (SME)
Evaluate hybrid workplace options for improved collaboration and productivity, while ensuring data security and compliance;Hybrid Workplace;Interest;IT Decision Maker (ITDM)
Deploy data backup solution to ensure business continuity and minimize downtime in case of hardware failure or data loss;Data Backup;Action;IT Decision Maker (ITDM)
Implement HCI to simplify management and improve data protection for our organization's growing IT infrastructure needs;Hyperconverged Infrastructure (HCI);Action;Subject Matter Expert (SME)
Evaluate finance and asset management system requirements for accurate tracking of assets, inventory, and expenses;Finance & Asset Management Services;Re-evaluation;Subject Matter Expert (SME)
Assess security framework requirements to ensure compliance with industry regulations and protect against cyber threats;Security/Risk/Compliance Services;Post-Decision Info Search;Subject Matter Expert (SME)
Evaluate B2B-OEM solutions for custom hardware requirements, integration with existing infrastructure, and cost-effectiveness;B2B-OEM Solutions;Interest;IT Decision Maker (ITDM)
Develop a data storage strategy to optimize performance, capacity, and cost-effectiveness, considering our organization's growing data needs;Data Storage;Interest;IT Decision Maker (ITDM)
Evaluate finance and asset management system options for accurate tracking of assets, inventory, and expenses, ensuring compliance with industry regulations;Finance & Asset Management Services;No-Funnel;Business Decision Maker (BDM)
Develop an awareness plan to educate stakeholders on server management best practices, including monitoring, maintenance, and security;Server Management;Awareness;Business Decision Maker (BDM)
Evaluate security framework requirements for our organization's growing IT infrastructure needs, ensuring compliance with industry regulations and protecting against cyber threats;Security/Risk/Compliance Services;No-Funnel;Subject Matter Expert (SME)
Given our company's growth trajectory, we must now assess B2B-OEM solutions for hardware integration and customization needs;B2B-OEM Solutions;Awareness;Subject Matter Expert (SME)
Our organization is considering composable infrastructure to enhance scalability and agility in cloud environments, what are the key considerations?;Composable Infrastructure;Interest;IT Decision Maker (ITDM)
Considering B2B-OEM solutions for our company's hardware requirements, seeking expert advice on integration and support;B2B-OEM Solutions;Awareness;IT Decision Maker (ITDM)
We need to evaluate composable infrastructure options for our organization's cloud environment, including scalability, security, and cost-effectiveness;Composable Infrastructure;No-Funnel;IT Decision Maker (ITDM)
Can we discuss hybrid workplace strategies for improving employee productivity and collaboration in a remote work setup?;Hybrid Workplace;Desire;External Consultant
Evaluating B2B-OEM solutions for our company's hardware requirements, seeking expert advice on customization and support;B2B-OEM Solutions;Post-Decision Info Search;Business Decision Maker (BDM)
Our team is facing challenges in server management due to increasing workloads and complexity, we need a comprehensive solution to streamline operations;Server Management;Awareness;Subject Matter Expert (SME)
We are exploring virtualization solutions for our organization's cloud computing needs, seeking expert advice on scalability and security;Virtualization Solutions;Interest;End User
Can someone provide an overview of direct liquid cooling options for data center thermal management, including installation and maintenance procedures?;Direct Liquid Cooling;No-Funnel;External Consultant
Evaluating IoT sensor data analytics for predictive maintenance and process optimization in our manufacturing processes, seeking expert guidance on implementation and ROI;Internet of Things (IoT);Post-Decision Info Search;External Consultant
We are currently implementing hybrid workplace solutions to enhance employee experience and productivity, but we need to assess the impact on IT infrastructure and security;Hybrid Workplace;No-Funnel;End User
Our organization is facing growing security risks and compliance requirements due to increasing digital transformation, we must now evaluate security/risk/compliance services for mitigation and governance;Security/Risk/Compliance Services;Desire;IT Decision Maker (ITDM)
We need to assess exascale options for high-performance computing workloads in our data center, including scalability, security, and cost-effectiveness;Exascale;Interest;Business Decision Maker (BDM)
Our team is responsible for managing data backup and recovery processes, but we struggle with meeting compliance requirements and ensuring data integrity;Data Backup;Awareness;IT Decision Maker (ITDM)
Evaluating security/risk/compliance services for our organization's growing IT infrastructure, seeking expert advice on mitigation and governance;Security/Risk/Compliance Services;Post-Decision Info Search;Business Decision Maker (BDM)
Someone told me that business continuity planning is crucial for our organization's survival, but I'm not sure where to start;Business Continuity;No-Funnel;End User
We're facing severe regulatory compliance challenges with our current security/risk/compliance services. Can someone help us find a solution?;Security/Risk/Compliance Services;Desire;Business Decision Maker (BDM)
Analyze this finance and asset management system implementation for our organization, including ROI analysis and total cost of ownership metrics;Finance & Asset Management Services;Action;IT Decision Maker (ITDM)
We're struggling to optimize our data center's thermal management with direct liquid cooling. Can someone help us find a solution?;Direct Liquid Cooling;No-Funnel;End User
I'm frustrated with the inefficiencies of traditional workspaces and want to implement hybrid workplace solutions that prioritize collaboration and flexibility;Hybrid Workplace;Action;External Consultant
Time to re-evaluate our hyperconverged infrastructure (HCI) architecture for improved scalability, security, and performance. Can someone help us assess the latest options?;Hyperconverged Infrastructure (HCI);Desire;Subject Matter Expert (SME)
We're currently facing significant challenges with data processing latency on our Exascale solution. Can someone provide insights to optimize its performance?;Exascale;Post-Decision Info Search;IT Decision Maker (ITDM)
Someone told me that direct liquid cooling can reduce our data center's energy consumption by up to 30%. But how do we implement it effectively in our current infrastructure?;Direct Liquid Cooling;Action;Subject Matter Expert (SME)
We're struggling to optimize the performance of our High-Performance Computing (HPC) clusters. Can someone help us identify the root cause and find a solution?;High-Performance Computing (HPC);Awareness;External Consultant
Someone told me that server management is crucial for maintaining high availability and uptime, but I'm not sure where to start with monitoring and troubleshooting;Server Management;Awareness;End User
I'm interested in learning more about finance and asset management services that can help us optimize our budgeting and forecasting processes. Can someone provide recommendations?;Finance & Asset Management Services;No-Funnel;End User
We're currently facing significant challenges with data storage capacity and scalability on our current infrastructure. Can someone help us assess the latest options for Data Storage?;Data Storage;Post-Purchase Use;Subject Matter Expert (SME)
I'm frustrated with the inefficiencies of traditional HPC architectures and want to implement new solutions that prioritize scalability, security, and performance;High-Performance Computing (HPC);Interest;External Consultant
Someone told me that composable infrastructure can provide significant benefits for our organization's IT operations. Can someone help us design a composable infrastructure solution?;Composable Infrastructure;Action;End User
We're struggling to optimize the performance of our virtualized environments and want to implement new solutions that prioritize scalability, security, and performance;Virtualization Solutions;Post-Purchase Use;Business Decision Maker (BDM)
Evaluate the effectiveness of current data backup procedures and recommend best practices for improved disaster recovery and business continuity;Data Backup;Post-Purchase Use;External Consultant
I'm concerned about the potential risks associated with data breaches and cyber attacks on our organization. Can someone help mitigate these risks?;Security/Risk/Compliance Services;Awareness;End User
Evaluate the feasibility of implementing hyperconverged infrastructure solutions in our organization, including scalability and security considerations;Hyperconverged Infrastructure (HCI);Desire;External Consultant
Assess the potential risks associated with data breaches and cyber attacks on our global network. Can someone help mitigate these risks?;Security/Risk/Compliance Services;No-Funnel;External Consultant
Evaluate the current data backup procedures and recommend best practices for improved disaster recovery and business continuity;Data Backup;Action;End User
We're struggling to optimize the performance of our current data backup procedures. Can someone help improve our disaster recovery and business continuity?;Data Backup;Re-evaluation;End User
Evaluate the current state of our business continuity strategies to identify potential vulnerabilities and develop risk mitigation plans;Business Continuity;Post-Decision Info Search;External Consultant
Evaluate the current state of our data backup procedures and recommend best practices for implementation, including data deduplication and compression techniques;Data Backup;No-Funnel;End User
Analyze this storage cluster for optimal configuration and performance optimization;Data Storage;Action;IT Decision Maker (ITDM)
Evaluate Exascale architecture for its potential to solve the most complex computational problems;Exascale;No-Funnel;IT Decision Maker (ITDM)
Assess virtualization solutions for their ability to improve resource utilization and reduce hardware costs;Virtualization Solutions;Desire;IT Decision Maker (ITDM)
Evaluate business continuity strategies to identify areas of improvement in disaster recovery planning;Business Continuity;No-Funnel;Subject Matter Expert (SME)
Review security protocols to ensure they meet regulatory requirements for sensitive data transfer;Security/Risk/Compliance Services;Post-Purchase Use;Business Decision Maker (BDM)
Evaluate HCI infrastructure for its potential to improve scalability and reduce administrative overhead;Hyperconverged Infrastructure (HCI);Post-Decision Info Search;Subject Matter Expert (SME)
Assess Composable Infrastructure's ability to simplify IT operations and improve resource utilization;Composable Infrastructure;Desire;IT Decision Maker (ITDM)
Evaluate virtualization solutions for their potential to improve application performance and reduce latency;Virtualization Solutions;Awareness;Subject Matter Expert (SME)
Review virtualization solutions for their ability to improve resource utilization and reduce hardware costs in a multi-cloud environment;Virtualization Solutions;Awareness;Business Decision Maker (BDM)
Evaluate the current state of our hybrid workplace infrastructure to identify areas of improvement in collaboration and productivity;Hybrid Workplace;Post-Purchase Use;Subject Matter Expert (SME)
Analyze this data backup procedure for optimal configuration and performance optimization;Data Backup;No-Funnel;Subject Matter Expert (SME)
Assess B2B-OEM Solutions for their potential to improve customization and integration with our existing products;B2B-OEM Solutions;Interest;Subject Matter Expert (SME)
I need a comprehensive overview of IoT implementation strategies in industrial sectors to present to clients.;Business Continuity;Desire;Subject Matter Expert (SME)
Review finance & asset management services for their potential to improve resource allocation and reduce costs;Finance & Asset Management Services;Desire;Subject Matter Expert (SME)
Assess the current state of our data backup procedures to identify areas of improvement in data integrity and security;Data Backup;Awareness;Business Decision Maker (BDM)
Implement HCI infrastructure now before business is impacted by slow application performance;Hyperconverged Infrastructure (HCI);Action;Business Decision Maker (BDM)
We cannot afford another disaster recovery failure due to inadequate Business Continuity planning;Business Continuity;Re-evaluation;Subject Matter Expert (SME)
Our employees are struggling with remote work due to poor Hybrid Workplace setup and communication;Hybrid Workplace;Post-Decision Info Search;End User
Composable Infrastructure must be implemented ASAP to meet growing business demands for scalability;Composable Infrastructure;Action;External Consultant
We're experiencing severe data storage capacity constraints and need immediate solutions;Data Storage;No-Funnel;Subject Matter Expert (SME)
Rapidly deploy Data Storage solutions to address our company's exponential data growth;Data Storage;Action;External Consultant
Our current Business Continuity plan is woefully inadequate and needs a complete overhaul;Business Continuity;Re-evaluation;IT Decision Maker (ITDM)
I'm fed up with B2B-OEM Solutions that promise the world but fail to deliver on their claims;B2B-OEM Solutions;Desire;End User
Virtualization Solutions are being implemented too slowly and need more aggressive support;Virtualization Solutions;Action;Subject Matter Expert (SME)
We're drowning in data storage costs and need a comprehensive solution to optimize our infrastructure;Data Storage;Post-Decision Info Search;External Consultant
Our organization is plagued by inefficient Data Storage management processes that waste resources;Data Storage;Awareness;Subject Matter Expert (SME)
High-Performance Computing (HPC) solutions are being held up due to bureaucratic red tape and lack of expertise;High-Performance Computing (HPC);Action;Subject Matter Expert (SME)
Our company is severely limiting its potential with outdated High-Performance Computing (HPC) infrastructure;High-Performance Computing (HPC);Awareness;End User
Security/Risk/Compliance Services need to be implemented immediately to mitigate growing cyber threats;Security/Risk/Compliance Services;Awareness;Business Decision Maker (BDM)
We're losing money and talent due to inadequate Hybrid Workplace setup and lack of support for remote work;Hybrid Workplace;Awareness;End User
Assess our current infrastructure's alignment with NIS2 regulations for compliance;Finance & Asset Management Services;No-Funnel;External Consultant
We're reviewing Composable Infrastructure solutions to optimize resource allocation and reduce costs, but I'm concerned about scalability and integration. Can you provide some guidance on these aspects?;Composable Infrastructure;Re-evaluation;IT Decision Maker (ITDM)
Our current Hybrid Workplace setup is not meeting our needs due to inadequate security measures and lack of flexibility. We need a solution that can adapt to changing business requirements while ensuring compliance with GDPR regulations. What are the key considerations for implementing such a system?;Hybrid Workplace;Post-Purchase Use;IT Decision Maker (ITDM)
Can you explain the benefits and potential drawbacks of Composable Infrastructure solutions in terms of resource allocation, scalability, and integration with existing systems?;Composable Infrastructure;Awareness;IT Decision Maker (ITDM)
We're considering implementing a new Composable Infrastructure solution to improve IT efficiency and reduce costs. However, I'm concerned about the initial investment and long-term maintenance requirements. Can you provide some information on these aspects?;Composable Infrastructure;Post-Decision Info Search;External Consultant
Someone told me that High-Performance Computing (HPC) solutions can help us accelerate our research and development processes while ensuring compliance with NIS2 regulations. Can you confirm this and provide more details on their implementation process?;High-Performance Computing (HPC);Action;IT Decision Maker (ITDM)
We're considering implementing Internet of Things (IoT) solutions to improve operational efficiency, but I'm concerned about security and data protection. What are the key considerations for ensuring compliance with GDPR regulations in this context?;Internet of Things (IoT);Desire;External Consultant
What are the best practices for maintaining direct liquid cooling systems in client data centers?;Composable Infrastructure;Post-Purchase Use;End User
Someone told me that Direct Liquid Cooling solutions can help us reduce energy consumption and improve data center efficiency while ensuring compliance with NIS2 regulations. Can you confirm this and provide more details on their implementation process?;Direct Liquid Cooling;Re-evaluation;External Consultant
We're considering implementing Data Backup solutions to ensure business continuity in case of unexpected events, but I'm concerned about data protection and security. What are the key considerations for ensuring compliance with NIS2 regulations in this context?;Data Backup;Post-Purchase Use;Subject Matter Expert (SME)
What are the exact technical steps to integrate B2B-OEM hardware components into our custom builds?;Direct Liquid Cooling;Re-evaluation;Business Decision Maker (BDM)
I want to partner with a top-tier B2B-OEM provider to scale our product offerings globally.;Internet of Things (IoT);Post-Decision Info Search;Business Decision Maker (BDM)
We need virtualization software that significantly reduces our hardware expenditures without sacrificing performance.;Hyperconverged Infrastructure (HCI);No-Funnel;Business Decision Maker (BDM)
We're reviewing High-Performance Computing (HPC) solutions to optimize resource allocation and reduce costs, but I'm concerned about scalability and integration. Can you provide some guidance on these aspects?;High-Performance Computing (HPC);Awareness;Subject Matter Expert (SME)
Someone told me that Data Storage solutions can help us improve data management efficiency while ensuring compliance with NIS2 regulations. Can you confirm this and provide more details on their implementation process?;Data Storage;Post-Decision Info Search;IT Decision Maker (ITDM)
I've been tasked with evaluating our current Hyperconverged Infrastructure (HCI) setup, but I'm struggling to understand the nuances of its scalability and efficiency.;Hyperconverged Infrastructure (HCI);Re-evaluation;IT Decision Maker (ITDM)
Analyze this: Our current Data Storage setup is a ticking time bomb, waiting to unleash a data management catastrophe.;Data Storage;Action;Business Decision Maker (BDM)
I've been tasked with evaluating our current Internet of Things (IoT) setup, but I'm struggling to understand the nuances of its integration and security implications.;Internet of Things (IoT);No-Funnel;End User
I've been tasked with evaluating our current Hybrid Workplace setup, but I'm struggling to understand the nuances of its adoption and implementation.;Hybrid Workplace;Awareness;Subject Matter Expert (SME)
Someone mentioned that Business Continuity is essential for meeting GDPR compliance requirements - can you explain how it works?;Business Continuity;Awareness;End User
We're experiencing data storage issues, but I'm not sure what our options are for upgrading to meet growing demands;Data Storage;Post-Decision Info Search;End User
We're considering Composable Infrastructure solutions for our organization, but I need more information on their cost-effectiveness and scalability compared to traditional infrastructure options;Composable Infrastructure;Post-Decision Info Search;End User
Evaluate our current security posture to ensure we're meeting NIS2 compliance regulations;Security/Risk/Compliance Services;Post-Purchase Use;IT Decision Maker (ITDM)
Assess the viability of server virtualization solutions for improved resource utilization and cost savings;Server Management;Re-evaluation;Subject Matter Expert (SME)
We are currently facing significant business disruptions due to unexpected IT outages. How can we improve our business continuity planning?;Business Continuity;Interest;Business Decision Maker (BDM)
Analyze the potential benefits of direct liquid cooling solutions for our data center infrastructure;Direct Liquid Cooling;Awareness;IT Decision Maker (ITDM)
We're considering implementing hybrid workplace solutions to improve employee productivity and collaboration. What are the key considerations?;Hybrid Workplace;Desire;Business Decision Maker (BDM)
Develop a comprehensive plan to integrate IoT devices into our existing infrastructure, ensuring compliance with regulatory requirements;Internet of Things (IoT);Action;IT Decision Maker (ITDM)
We're experiencing data storage capacity issues and need a solution that can scale with our business. What are our options?;Data Storage;Awareness;IT Decision Maker (ITDM)
Evaluate the long-term implications of exascale adoption on our organization's IT infrastructure and budget;Exascale;Post-Decision Info Search;Business Decision Maker (BDM)
Assess the feasibility of migrating to virtualization solutions for improved resource utilization and cost savings;Virtualization Solutions;Re-evaluation;Subject Matter Expert (SME)
We're considering implementing business continuity planning measures to ensure compliance with regulatory requirements. What are the key steps?;Business Continuity;Post-Purchase Use;Subject Matter Expert (SME)
Develop a comprehensive plan to implement B2B-OEM solutions that meet our organization's unique needs and budget;B2B-OEM Solutions;No-Funnel;IT Decision Maker (ITDM)
We're interested in exploring high-performance computing solutions for improved research and development capabilities. Can someone walk me through the benefits?;High-Performance Computing (HPC);Desire;Business Decision Maker (BDM)
Implement hybrid workplace solutions that prioritize employee well-being, productivity, and collaboration while maintaining regulatory compliance;Hybrid Workplace;Awareness;Business Decision Maker (BDM)
Evaluate the long-term implications of exascale adoption on our organization's IT infrastructure and budget. What are the key considerations?;Exascale;Awareness;External Consultant
Develop a comprehensive plan to implement finance and asset management services that integrate with our existing ERP system, ensuring compliance with regulatory requirements;Finance & Asset Management Services;No-Funnel;IT Decision Maker (ITDM)
Someone mentioned that direct liquid cooling technology is a game-changer for data centers. Can you provide more information on its implementation and benefits?;Direct Liquid Cooling;Desire;External Consultant
Someone told me that B2B-OEM solutions are being used to improve product development times. What are some strategies for implementing a successful B2B-OEM solution in our organization?;B2B-OEM Solutions;Awareness;End User
Someone mentioned that hyperconverged infrastructure (HCI) solutions are being used to improve resource utilization. Can you provide more information on its implementation and benefits?;Hyperconverged Infrastructure (HCI);Action;End User
We're experiencing data storage issues due to outdated hardware. What are some strategies for updating our data storage systems to improve performance and reduce costs?;Data Storage;Post-Purchase Use;End User
Someone mentioned that hybrid workplace solutions are being used to improve employee well-being. Can you provide more information on its implementation and benefits in our organization?;Hybrid Workplace;Post-Purchase Use;External Consultant
We're experiencing data backup issues due to complex security requirements. What are some strategies for implementing a successful data backup solution in our organization?;Data Backup;Post-Decision Info Search;External Consultant
Someone told me that B2B-OEM solutions can be customized for specific industry requirements, but I'm not sure if they'll meet our organization's unique needs;B2B-OEM Solutions;No-Funnel;End User
We're experiencing issues with data transfer rates and latency in our IT infrastructure - someone help us troubleshoot the problem and implement a solution;High-Performance Computing (HPC);No-Funnel;End User
Analyze the ROI of our direct liquid cooling solution to determine if it's still meeting business objectives;Direct Liquid Cooling;Post-Purchase Use;Business Decision Maker (BDM)
Evaluate the current state of our hybrid workplace strategy, identifying areas for improvement and potential cost savings through optimized practices;Hybrid Workplace;Post-Decision Info Search;Subject Matter Expert (SME)
Assess the performance and efficiency gains of our B2B-OEM solutions, recommending areas for optimization and improvement;B2B-OEM Solutions;Post-Purchase Use;Subject Matter Expert (SME)
Evaluate the feasibility of implementing exascale computing in our organization, focusing on scalability and performance benefits;Exascale;Action;IT Decision Maker (ITDM)
Develop a comprehensive plan for optimizing our data storage infrastructure, identifying areas for improvement and potential cost savings through optimized practices;Data Storage;Re-evaluation;Subject Matter Expert (SME)
Evaluate the efficacy of direct liquid cooling solutions in reducing data center power consumption and improving heat management;Direct Liquid Cooling;Action;IT Decision Maker (ITDM)
Analyze the benefits of implementing virtualization solutions across our organization, focusing on cost savings and efficiency gains;Virtualization Solutions;Interest;IT Decision Maker (ITDM)
Evaluate the current state of our data storage infrastructure, identifying areas for improvement and potential cost savings through optimized practices;Data Storage;Re-evaluation;IT Decision Maker (ITDM)
What is the step-by-step process for migrating legacy servers to a new HCI platform?;Data Storage;Re-evaluation;Business Decision Maker (BDM)
I need to compare SLA guarantees of leading data storage vendors before we sign the final contract.;Security/Risk/Compliance Services;Re-evaluation;Subject Matter Expert (SME)
We are currently facing challenges with implementing business continuity plans across our organization, can you provide recommendations?;Business Continuity;Post-Decision Info Search;Business Decision Maker (BDM)
Can someone provide a technical architecture breakdown of modern HCI platforms?;Exascale;Re-evaluation;Subject Matter Expert (SME)
Evaluate the feasibility of implementing high-performance computing solutions in our organization, focusing on scalability and performance benefits;High-Performance Computing (HPC);No-Funnel;Business Decision Maker (BDM)
Someone told me that server management is a critical component of IT infrastructure, can you provide recommendations?;Server Management;Awareness;IT Decision Maker (ITDM)
Are our current compliance service providers delivering enough value against the latest regulatory updates?;Direct Liquid Cooling;Interest;Subject Matter Expert (SME)
Assess business continuity plan effectiveness;Business Continuity;Interest;Subject Matter Expert (SME)
Evaluate B2B-OEM Solutions ROI and vendor relationships;B2B-OEM Solutions;Re-evaluation;Subject Matter Expert (SME)
Implement Finance & Asset Management Services to optimize procurement;Finance & Asset Management Services;Action;Subject Matter Expert (SME)
Analyze server management workflows for efficiency and cost savings;Server Management;Re-evaluation;Business Decision Maker (BDM)
Deploy IoT solutions to enhance operational efficiency and reduce costs;Internet of Things (IoT);Action;Business Decision Maker (BDM)
Evaluate exascale computing feasibility for complex simulations and modeling;Exascale;Interest;End User
Monitor B2B-OEM Solutions performance and vendor support;B2B-OEM Solutions;Post-Purchase Use;Business Decision Maker (BDM)
Develop comprehensive security, risk, and compliance strategy;Security/Risk/Compliance Services;Action;External Consultant
Evaluate virtualization solutions for dynamic resource allocation and workload optimization;Virtualization Solutions;No-Funnel;External Consultant
Design hybrid workplace strategy to enhance employee experience and drive business outcomes;Hybrid Workplace;Interest;Subject Matter Expert (SME)
Increase B2B-OEM Solutions adoption across organization and improve vendor management;B2B-OEM Solutions;Action;IT Decision Maker (ITDM)
Evaluate virtualization solutions for server consolidation, energy efficiency, and scalability;Virtualization Solutions;No-Funnel;Business Decision Maker (BDM)
Assess direct liquid cooling benefits in reducing data center costs and increasing performance;Direct Liquid Cooling;Interest;IT Decision Maker (ITDM)
Evaluate server management practices for improving infrastructure resilience and reducing downtime;Server Management;No-Funnel;External Consultant
Monitor HCI solution performance, scalability, and total cost of ownership;Hyperconverged Infrastructure (HCI);Post-Purchase Use;End User
We're looking for a reliable Finance & Asset Management Services provider to manage our organization's IT assets;Finance & Asset Management Services;Interest;External Consultant
Analyze the security, risk, and compliance requirements for implementing Exascale technology in our data center;Security/Risk/Compliance Services;Post-Decision Info Search;External Consultant
We're evaluating Data Storage options for our organization's growing data needs;Data Storage;No-Funnel;External Consultant
Reassess the feasibility of Composable Infrastructure for our organization's evolving IT needs;Composable Infrastructure;Re-evaluation;End User
Evaluate B2B-OEM Solutions for their potential to improve efficiency and reduce costs in our organization's current IT infrastructure setup;B2B-OEM Solutions;Post-Decision Info Search;External Consultant
Develop a data backup strategy to ensure business continuity in case of hardware failure or data loss;Data Backup;Desire;IT Decision Maker (ITDM)
Evaluate the feasibility of implementing Hyperconverged Infrastructure for improved scalability and reduced complexity;Hyperconverged Infrastructure (HCI);Interest;Subject Matter Expert (SME)
Reassess the ROI on High-Performance Computing investments to ensure alignment with business goals;High-Performance Computing (HPC);Re-evaluation;Business Decision Maker (BDM)
Develop a comprehensive data backup plan to mitigate risks and ensure compliance with industry regulations;Data Backup;No-Funnel;Business Decision Maker (BDM)
Evaluate the potential benefits of Exascale computing for high-performance applications, including scalability and security considerations;Exascale;Re-evaluation;IT Decision Maker (ITDM)
Conduct a thorough analysis of Virtualization Solutions to determine their suitability for our organization's needs, including cost-effectiveness and performance metrics;Virtualization Solutions;Post-Decision Info Search;Business Decision Maker (BDM)
Implement server management best practices to ensure efficient monitoring, maintenance, and security;Server Management;Action;Subject Matter Expert (SME)
Evaluate the feasibility of implementing Business Continuity measures to ensure minimal downtime in case of disaster or hardware failure;Business Continuity;Desire;IT Decision Maker (ITDM)
Evaluate the benefits and challenges of Direct Liquid Cooling for high-performance computing applications, including heat dissipation and energy efficiency;Direct Liquid Cooling;Post-Purchase Use;Subject Matter Expert (SME)
Assess the performance and scalability of Exascale computing solutions to ensure alignment with business goals and requirements;Exascale;Post-Purchase Use;Subject Matter Expert (SME)
Evaluate the potential benefits of Composable Infrastructure for improving resource utilization, reducing costs, and enhancing agility;Composable Infrastructure;Awareness;Business Decision Maker (BDM)
Develop a comprehensive Direct Liquid Cooling strategy to improve heat dissipation and energy efficiency in high-performance computing environments;Direct Liquid Cooling;No-Funnel;Business Decision Maker (BDM)
Evaluate the potential benefits of Internet of Things (IoT) for improving operational efficiency, reducing costs, and enhancing decision-making capabilities;Internet of Things (IoT);Awareness;Subject Matter Expert (SME)
Develop a comprehensive Business Continuity plan to ensure minimal downtime in case of disaster or hardware failure and maintain compliance with industry regulations;Business Continuity;Desire;Business Decision Maker (BDM)
Evaluate the potential benefits of Composable Infrastructure for improving resource utilization, reducing costs, and enhancing agility in high-performance computing environments;Composable Infrastructure;Action;IT Decision Maker (ITDM)
Streamline data backup processes to minimize downtime and ensure business continuity;Data Backup;Action;Business Decision Maker (BDM)
Evaluate B2B-OEM solutions for our company's hardware requirements, including customization and support options;B2B-OEM Solutions;Post-Decision Info Search;Subject Matter Expert (SME)
Assess the feasibility of implementing B2B-OEM solutions in our organization, considering scalability and cost-effectiveness;B2B-OEM Solutions;No-Funnel;External Consultant
We are currently facing a surge in IoT adoption, but we need to ensure that our infrastructure can support it, what are the key considerations?;Internet of Things (IoT);Desire;IT Decision Maker (ITDM)
Optimize direct liquid cooling systems for maximum efficiency and minimal maintenance requirements;Direct Liquid Cooling;Post-Purchase Use;End User
Evaluate exascale options for high-performance computing workloads in our data center, including scalability and security considerations;Exascale;Action;External Consultant
Develop a comprehensive server management plan to streamline operations and reduce costs;Server Management;Action;External Consultant
Re-evaluate virtualization solutions for our organization's cloud computing needs, considering scalability and security requirements;Virtualization Solutions;Re-evaluation;External Consultant
We are seeking expert advice on hybrid workplace strategies for improving employee productivity and collaboration in a remote work setup;Hybrid Workplace;Desire;Subject Matter Expert (SME)
Maximize the benefits of Security/Risk/Compliance Services by implementing robust security protocols and compliance frameworks;Security/Risk/Compliance Services;Post-Purchase Use;End User
Evaluate IoT sensor data analytics for predictive maintenance and process optimization in our manufacturing processes, seeking expert guidance on implementation and ROI;Internet of Things (IoT);Action;End User
Develop a comprehensive plan to integrate Composable Infrastructure into our organization's cloud environment, considering scalability, security, and cost-effectiveness;Composable Infrastructure;Post-Decision Info Search;Subject Matter Expert (SME)
We are currently facing challenges in server management due to increasing workloads and complexity, we need a comprehensive solution to streamline operations;Server Management;Re-evaluation;End User
Implement robust Security/Risk/Compliance Services to mitigate growing security risks and compliance requirements due to digital transformation;Security/Risk/Compliance Services;Action;IT Decision Maker (ITDM)
Develop a comprehensive awareness plan to educate stakeholders on Security/Risk/Compliance Services, including mitigation strategies and compliance requirements;Security/Risk/Compliance Services;Awareness;Subject Matter Expert (SME)
Someone told me that Exascale solutions can revolutionize our organization's high-performance computing capabilities, but I'm not sure where to start;Exascale;No-Funnel;External Consultant
We're struggling with the complexity of our current Hyperconverged Infrastructure (HCI) architecture and need help re-evaluating its scalability and performance;Hyperconverged Infrastructure (HCI);Re-evaluation;External Consultant
Implement robust Security/Risk/Compliance Services to mitigate growing security threats and regulatory compliance challenges within our organization;Security/Risk/Compliance Services;Action;Business Decision Maker (BDM)
We're struggling with inefficient thermal management in our data center and need help optimizing direct liquid cooling solutions for improved performance;Direct Liquid Cooling;Post-Decision Info Search;End User
Someone told me that Business Continuity planning is crucial for our organization's survival, but I'm not sure where to start with implementing a comprehensive plan;Business Continuity;Post-Purchase Use;IT Decision Maker (ITDM)
I'm frustrated with the inefficiencies of traditional Exascale architectures and want to learn more about modern solutions for improved scalability and performance;Exascale;Awareness;Business Decision Maker (BDM)
Someone told me that Server Management is crucial for maintaining high availability and uptime, but I'm not sure where to start with monitoring and troubleshooting;Server Management;Action;Business Decision Maker (BDM)
We're struggling with inefficient resource utilization in our virtualized environments and need help optimizing Virtualization Solutions for improved performance;Virtualization Solutions;Post-Decision Info Search;IT Decision Maker (ITDM)
Someone told me that B2B-OEM Solutions can provide significant benefits for our organization's IT operations, but I'm not sure where to start with implementing a comprehensive solution;B2B-OEM Solutions;Post-Decision Info Search;IT Decision Maker (ITDM)
We're struggling with inefficient disaster recovery processes and need help implementing robust Business Continuity solutions within our organization;Business Continuity;Action;Business Decision Maker (BDM)
I'm frustrated with the inefficiencies of traditional HPC architectures and want to learn more about modern solutions for improved scalability, security, and performance. Can someone provide recommendations?;High-Performance Computing (HPC);Post-Purchase Use;End User
We're currently facing significant challenges with data backup and recovery processes within our organization and need help re-evaluating Data Backup options for improved efficiency;Data Backup;Re-evaluation;External Consultant
Someone told me that B2B-OEM Solutions can provide significant benefits for our organization's IT operations, but I'm not sure where to start with implementing a comprehensive solution. Can someone provide guidance?;B2B-OEM Solutions;Post-Decision Info Search;End User
I'm excited about the potential of Exascale solutions for revolutionizing our organization's high-performance computing capabilities. But what are the first steps we should take to implement such a solution?;Exascale;Desire;End User
Someone told me that Finance & Asset Management Services can help us optimize our budgeting and forecasting processes, but I'm not sure where to start with implementing a comprehensive plan;Finance & Asset Management Services;Post-Decision Info Search;End User
Analyze this: how can we implement security protocols that meet NIS2 compliance regulations?;Security/Risk/Compliance Services;Interest;External Consultant
Someone told me that virtualization solutions can improve server utilization and reduce costs, but I'm not sure if it's the right fit for our organization. Can you help me understand its benefits and limitations?;Virtualization Solutions;Awareness;End User
Develop a hyperconverged infrastructure solution that incorporates flash storage, software-defined networking, and advanced data protection features to improve performance, scalability, and security while meeting GDPR compliance regulations. Can you help me implement this?;Hyperconverged Infrastructure (HCI);Action;External Consultant
Can we discuss server management strategies for optimizing resource utilization?;Server Management;Post-Purchase Use;Subject Matter Expert (SME)
We need to implement Composable Infrastructure ASAP to improve scalability and reduce administrative overhead;Composable Infrastructure;Action;Subject Matter Expert (SME)
I'm looking into B2B-OEM Solutions that can customize our products for specific client requirements, has anyone worked with these?;B2B-OEM Solutions;Desire;Subject Matter Expert (SME)
